key,direction,w,dominant_celltype,origin,purity
chr20:26150000-26200000,up,0.159305816045041,VCT,Fetal,0.999
chr2:133000000-133050000,up,0.129506038709488,Epi,Maternal,0.991
chr17:47950000-48000000,up,0.0980469577210595,SCT_B,Fetal,1
chr15:74650000-74700000,up,0.0953773187195441,SCT_B,Fetal,1
chr6:10400000-10450000,up,0.095308711561916,SCT_B,Fetal,1
chr12:115200000-115250000,up,0.0884525878386116,SCT_B,Fetal,1
chr15:72450000-72500000,up,0.085783294893771,SCT_B,Fetal,1
chr12:53300000-53350000,up,0.0834843520316624,SCT_B,Fetal,1
chr11:118750000-118800000,up,0.0828181813399016,GC,Fetal,0.929
chr1:150500000-150550000,up,0.0827190790389082,SCT_B,Fetal,1
chr3:134050000-134100000,up,0.078112122614223,SCT_B,Fetal,1
chr1:32000000-32050000,up,0.0767301837469538,SCT_B,Fetal,1
chr6:35450000-35500000,up,0.076547837657098,SCT_B,Fetal,1
chr1:8250000-8300000,up,0.0752388154878966,SCT,Fetal,1
chr11:70950000-71000000,up,0.0751162792191341,SCT_B,Fetal,1
chr14:77450000-77500000,up,0.0725725934683543,SCT_B,Fetal,1
chr4:8500000-8550000,up,0.0715360139625717,SCT_B,Fetal,1
chr1:43450000-43500000,up,0.0713542940954433,SCT_B,Fetal,1
chr3:127500000-127550000,up,0.0707349662947819,SCT_B,Fetal,1
chr19:53500000-53550000,up,0.0696392686967466,proSCT,Fetal,0.997
chr9:112850000-112900000,up,0.0696033549147573,FB,Fetal,0.553
chr19:18400000-18450000,up,0.0694200053692392,dNK,Maternal,0.666
chr3:13850000-13900000,up,0.0693210943727386,SCT,Fetal,1
chr7:73200000-73250000,up,0.0688960734387838,SCT_B,Fetal,1
chr10:5500000-5550000,up,0.0685426809889611,SCT_B,Fetal,1
chr11:47900000-47950000,up,0.0681245697053215,SCT_B,Fetal,1
chr5:167750000-167800000,up,0.0678466767130175,SCT_B,Fetal,1
chr19:17400000-17450000,up,0.0674261741882109,GC,Fetal,0.929
chr2:20400000-20450000,up,0.0671864037170514,SCT_B,Fetal,1
chr3:119850000-119900000,up,0.066503537149916,SCT_B,Fetal,1
chr11:12700000-12750000,up,0.0664132887782827,eEVT,Fetal,1
chr2:75800000-75850000,up,0.0661875022211409,SCT_B,Fetal,1
chr14:96550000-96600000,up,0.0661241518844669,SCT_B,Fetal,1
chr20:30150000-30200000,up,0.0659895669321427,fEC,Fetal,0.868
chr9:110000000-110050000,up,0.0652625601755921,SCT_B,Fetal,1
chr3:193500000-193550000,up,0.0641016990352546,SCT,Fetal,1
chr10:79600000-79650000,up,0.063326366443139,SCT_B,Fetal,1
chr5:167700000-167750000,up,0.0630729056204252,SCT_B,Fetal,1
chr2:20300000-20350000,up,0.0629447341838473,SCT_B,Fetal,1
chr1:154950000-155000000,up,0.062513164433748,SCT_B,Fetal,1
chr3:128200000-128250000,up,0.0622030341907188,SCT_B,Fetal,1
chr17:80800000-80850000,up,0.0621735966145546,SCT_B,Fetal,1
chr2:241150000-241200000,up,0.0617117192377886,VCT,Fetal,0.999
chr22:37550000-37600000,up,0.0610171135759734,dNK,Maternal,0.666
chr7:75900000-75950000,up,0.0609876131680993,GC,Fetal,0.929
chr20:55550000-55600000,up,0.0607981726484378,VCT,Fetal,0.999
chr10:128100000-128150000,up,0.0604804054059003,SCT_B,Fetal,1
chr17:28550000-28600000,up,0.0601355058733814,VCT,Fetal,0.999
chr7:2850000-2900000,up,0.0597910673269226,proSCT,Fetal,0.997
chr10:134200000-134250000,up,0.059669011598947,SCT_B,Fetal,1
chr2:241350000-241400000,up,0.0594843940617158,VCT,Fetal,0.999
chr5:31900000-31950000,up,0.0590921433747651,SCT_B,Fetal,1
chr3:150450000-150500000,up,0.058952349166619,SCT_B,Fetal,1
chr1:94100000-94150000,up,0.0589082701915855,SCT_B,Fetal,1
chr19:2950000-3000000,up,0.0580302908753553,eEVT,Fetal,1
chr12:119600000-119650000,up,0.0579661170290376,SCT_B,Fetal,1
chr19:20150000-20200000,up,0.0577902240851281,VCT,Fetal,0.999
chr2:20250000-20300000,up,0.0577395392079462,SCT,Fetal,1
chr1:182050000-182100000,up,0.0576944665412743,SCT,Fetal,1
chr22:24150000-24200000,up,0.0576574322529037,SCT,Fetal,1
chr17:25850000-25900000,up,0.0576224887117006,SCT_B,Fetal,1
chr1:201950000-202000000,up,0.0575584258083755,SCT_B,Fetal,1
chr5:180600000-180650000,up,0.057479416394232,T,Maternal,0.689
chr6:3500000-3550000,up,0.0573763643984096,SCT_B,Fetal,1
chr10:47650000-47700000,up,0.0573447526875872,SCT,Fetal,1
chr11:20050000-20100000,up,0.0567486340228681,SCT_B,Fetal,1
chr19:53400000-53450000,up,0.0565397410820891,SCT_B,Fetal,1
chr4:8550000-8600000,up,0.0561859759423106,SCT_B,Fetal,1
chr6:168700000-168750000,up,0.0560636591897966,SCT_B,Fetal,1
chr11:33700000-33750000,up,0.0560468609180071,SCT_B,Fetal,1
chr21:41100000-41150000,up,0.0559224443479112,SCT_B,Fetal,1
chr9:97650000-97700000,up,0.055878089640978,SCT_B,Fetal,1
chr9:112250000-112300000,up,0.0558554666553389,SCT_B,Fetal,1
chr19:39600000-39650000,up,0.0556588110014589,SCT_B,Fetal,1
chr8:15350000-15400000,up,0.0555813248230671,SCT_B,Fetal,1
chr10:95200000-95250000,up,0.0555100513607224,SCT_B,Fetal,1
chr7:152200000-152250000,up,0.0555070595898707,SCT_B,Fetal,1
chr15:70700000-70750000,up,0.0553677626318054,SCT_B,Fetal,1
chr6:21350000-21400000,up,0.0553169891741815,VCT,Fetal,0.999
chr5:150000000-150050000,up,0.0552320364033275,SCT_B,Fetal,1
chr16:85500000-85550000,up,0.0551031429197977,SCT_B,Fetal,1
chr1:26200000-26250000,up,0.0547889606200759,SCT_B,Fetal,1
chr20:49250000-49300000,up,0.0545804566113696,GC,Fetal,0.929
chr11:94450000-94500000,up,0.0545679876522474,SCT_B,Fetal,1
chr20:55350000-55400000,up,0.0545547516066966,SCT,Fetal,1
chr5:148650000-148700000,up,0.0545392188268332,fEC,Fetal,0.868
chr19:30300000-30350000,up,0.053851997759991,eEVT,Fetal,1
chr11:9550000-9600000,up,0.0538372403259967,SCT_B,Fetal,1
chr1:26650000-26700000,up,0.0536718738017325,SCT_B,Fetal,1
chr9:112200000-112250000,up,0.0534828600779207,eEVT,Fetal,1
chr7:96600000-96650000,up,0.0534607152896447,eEVT,Fetal,1
chr1:208350000-208400000,up,0.0534594334773487,SCT_B,Fetal,1
chr19:48100000-48150000,up,0.0532469585382521,GC,Fetal,0.929
chr20:49300000-49350000,up,0.0531581019292774,SCT,Fetal,1
chr4:170850000-170900000,up,0.0531098676983854,SCT_B,Fetal,1
chr2:220400000-220450000,up,0.0528335978336151,GC,Fetal,0.929
chr19:39300000-39350000,up,0.0525697770580793,SCT_B,Fetal,1
chr20:46050000-46100000,up,0.0525167745692505,SCT_B,Fetal,1
chr1:144900000-144950000,up,0.0525003331264204,SCT_B,Fetal,1
chr1:17000000-17050000,up,0.0524583776436098,Ery,Fetal,0.612
chr11:150000-200000,up,0.052410400399199,SCT_B,Fetal,1
chr7:151350000-151400000,up,0.052335802895626,SCT_B,Fetal,1
chr3:195850000-195900000,up,0.0523199593310928,SCT_B,Fetal,1
chr11:126250000-126300000,up,0.0522835646130329,SCT_B,Fetal,1
chr14:69000000-69050000,up,0.052126904859085,SCT_B,Fetal,1
chr16:85550000-85600000,up,0.0517364258790734,SCT_B,Fetal,1
chr5:148950000-149000000,up,0.0516946731037904,SCT_B,Fetal,1
chr6:159250000-159300000,up,0.0516146929056968,SCT_B,Fetal,1
chr7:6300000-6350000,up,0.051551606214739,SCT_B,Fetal,1
chr2:65000000-65050000,up,0.0513397509343627,SCT_B,Fetal,1
chr7:140300000-140350000,up,0.0511558957033355,EVT,Fetal,0.999
chr2:31450000-31500000,up,0.0511330208965199,proSCT,Fetal,0.997
chr9:92450000-92500000,up,0.0510018535999857,SCT_B,Fetal,1
chr7:47550000-47600000,up,0.0509804127990045,SCT_B,Fetal,1
chr6:3800000-3850000,up,0.0509660144884327,SCT_B,Fetal,1
chr17:4050000-4100000,up,0.0509117592086555,SCT_B,Fetal,1
chr2:46350000-46400000,up,0.0508737137144098,eEVT,Fetal,1
chr7:130000000-130050000,up,0.0508570353426979,SCT_B,Fetal,1
chr17:43200000-43250000,up,0.0508224891117075,T,Maternal,0.689
chr12:48100000-48150000,up,0.0507729921789346,fEC,Fetal,0.868
chr6:30800000-30850000,up,0.0506953664282144,SCT_B,Fetal,1
chr22:17800000-17850000,up,0.0503520961778741,SCT_B,Fetal,1
chr16:81150000-81200000,up,0.0503360019310328,eEVT,Fetal,1
chr3:49450000-49500000,up,0.0503036234687255,SCT_B,Fetal,1
chr3:87000000-87050000,up,0.0502738885079326,SCT_B,Fetal,1
chr19:54100000-54150000,up,0.049965512414223,SCT_B,Fetal,1
chr6:158100000-158150000,up,0.0498851343712274,SCT,Fetal,1
chr17:9550000-9600000,up,0.0498433563455738,SCT_B,Fetal,1
chr19:14600000-14650000,up,0.0497601463811473,SCT_B,Fetal,1
chr20:55850000-55900000,up,0.0492715587482973,VCT,Fetal,0.999
chr1:202050000-202100000,up,0.0492150093185667,SCT_B,Fetal,1
chr16:81600000-81650000,up,0.0489535773870547,SCT_B,Fetal,1
chr14:50450000-50500000,up,0.048857952759625,SCT_B,Fetal,1
chr11:64300000-64350000,up,0.0487925718754836,proSCT,Fetal,0.997
chr5:174000000-174050000,up,0.0487606375587535,SCT_B,Fetal,1
chr9:124050000-124100000,up,0.0485625070303923,SCT_B,Fetal,1
chr7:23500000-23550000,up,0.0485052172814318,SCT_B,Fetal,1
chr11:27400000-27450000,up,0.0483840058687957,SCT_A,Fetal,1
chr2:219250000-219300000,up,0.0482984892404736,CD16_M,Maternal,0.939
chr17:26550000-26600000,up,0.0482783275491596,SCT,Fetal,1
chr20:48650000-48700000,up,0.0482683139814766,SCT_B,Fetal,1
chr8:102450000-102500000,up,0.0480740617005402,SCT_B,Fetal,1
chr18:48100000-48150000,up,0.048033683939621,VCT,Fetal,0.999
chr3:128150000-128200000,up,0.0479703772868432,SCT_B,Fetal,1
chr2:237500000-237550000,up,0.0479392039621985,EVT,Fetal,0.999
chr8:103900000-103950000,up,0.0478224629334975,SCT_B,Fetal,1
chr22:45850000-45900000,up,0.0478010482465503,SCT_B,Fetal,1
chr2:46600000-46650000,up,0.0477892192222166,proSCT,Fetal,0.997
chr4:183150000-183200000,up,0.0477825581561301,VCT,Fetal,0.999
chr7:73550000-73600000,up,0.0477643478961918,SCT_B,Fetal,1
chr5:2750000-2800000,up,0.0477186732519486,eEVT,Fetal,1
chr17:8050000-8100000,up,0.0476339644175107,T,Maternal,0.689
chr3:54900000-54950000,up,0.0476012116065445,SCT_B,Fetal,1
chr17:39650000-39700000,up,0.0475275542358242,GC,Fetal,0.929
chr13:44700000-44750000,up,0.0474892565425727,SCT,Fetal,1
chr19:15350000-15400000,up,0.0473994465235556,VCT,Fetal,0.999
chr16:19400000-19450000,up,0.0473922944589049,SCT_B,Fetal,1
chr4:89850000-89900000,up,0.0473530692828318,SCT_B,Fetal,1
chr22:31650000-31700000,up,0.0472624441902713,T,Maternal,0.689
chr8:48550000-48600000,up,0.047254985095687,SCT_B,Fetal,1
chr12:14350000-14400000,up,0.0472057456100739,SCT_B,Fetal,1
chr11:62200000-62250000,up,0.047129706282342,SCT_B,Fetal,1
chr21:44850000-44900000,up,0.0470328938303781,SCT_B,Fetal,1
chr8:131500000-131550000,up,0.0470180049897252,SCT,Fetal,1
chr2:46400000-46450000,up,0.0470087842906489,SCT_B,Fetal,1
chr10:125500000-125550000,up,0.0470048621402774,SCT_B,Fetal,1
chr12:115100000-115150000,up,0.046933486082485,SCT_B,Fetal,1
chr11:120150000-120200000,up,0.0467479796260834,SCT_B,Fetal,1
chr10:21650000-21700000,up,0.0467234956580359,SCT_B,Fetal,1
chr9:92200000-92250000,up,0.0467037795347479,SCT_B,Fetal,1
chr2:233450000-233500000,up,0.0466961015537551,SCT_B,Fetal,1
chr21:44350000-44400000,up,0.046670787039475,SCT_B,Fetal,1
chr11:20000000-20050000,up,0.0465308242350962,EVT,Fetal,0.999
chr7:55100000-55150000,up,0.0464424088433717,proSCT,Fetal,0.997
chr17:45900000-45950000,up,0.0462329721094012,fEC,Fetal,0.868
chr10:121400000-121450000,up,0.0461567512856965,SCT_B,Fetal,1
chr4:6750000-6800000,up,0.0461208622753259,SCT_B,Fetal,1
chr5:133800000-133850000,up,0.0461179945397046,SCT,Fetal,1
chr20:45950000-46000000,up,0.0461032646997078,SCT_B,Fetal,1
chr2:36550000-36600000,up,0.0461016112991912,SCT_A,Fetal,1
chr2:9900000-9950000,up,0.0459602587795248,GC,Fetal,0.929
chr7:142550000-142600000,up,0.0459524195076259,SCT,Fetal,1
chr15:41100000-41150000,up,0.0458755842130913,proSCT,Fetal,0.997
chr3:159500000-159550000,up,0.0457308959258632,VCT,Fetal,0.999
chr11:57050000-57100000,up,0.0455814130611027,SCT_B,Fetal,1
chr9:109650000-109700000,up,0.0455065888353923,SCT_B,Fetal,1
chr8:103600000-103650000,up,0.0454731209188463,SCT_B,Fetal,1
chr19:15200000-15250000,up,0.0454059045613578,SCT,Fetal,1
chr4:129200000-129250000,up,0.0453531302617838,SCT_B,Fetal,1
chr3:14250000-14300000,up,0.0453445766586046,SCT_B,Fetal,1
chr6:26150000-26200000,up,0.0453352314145027,T,Maternal,0.689
chr19:13250000-13300000,up,0.0453316609936033,SCT_B,Fetal,1
chr2:27400000-27450000,up,0.0453312303738895,SCT_B,Fetal,1
chr1:68250000-68300000,up,0.045229069369317,SCT_B,Fetal,1
chr20:25000000-25050000,up,0.0451933150669641,VCT,Fetal,0.999
chr12:3150000-3200000,up,0.0450109524061327,SCT_B,Fetal,1
chr3:54950000-55000000,up,0.0449681715417849,SCT_B,Fetal,1
chr1:204250000-204300000,up,0.044878630067385,SCT_B,Fetal,1
chr19:6200000-6250000,up,0.0448678935520426,SCT_B,Fetal,1
chr7:100400000-100450000,up,0.0448007644598447,proSCT,Fetal,0.997
chr15:41150000-41200000,up,0.0447713803361355,SCT_B,Fetal,1
chr13:73700000-73750000,up,0.044575009546016,SCT,Fetal,1
chr19:49000000-49050000,up,0.0445552218401485,eEVT,Fetal,1
chr9:101050000-101100000,up,0.0445443251416639,SCT,Fetal,1
chr16:66500000-66550000,up,0.044465187199101,EVT,Fetal,0.999
chr8:135850000-135900000,up,0.0444366643613367,VCT,Fetal,0.999
chr12:89750000-89800000,up,0.0444228312728988,SCT_B,Fetal,1
chr1:94550000-94600000,up,0.0443851607116249,fEC,Fetal,0.868
chr2:10850000-10900000,up,0.0443470929496344,SCT_B,Fetal,1
chr10:97000000-97050000,up,0.0443006627674757,aEC,Maternal,0.781
chr1:202800000-202850000,up,0.0442800792529772,SCT_B,Fetal,1
chr6:10300000-10350000,up,0.0442789155499764,SCT_B,Fetal,1
chr17:73000000-73050000,up,0.0442503080057045,GC,Fetal,0.929
chr11:12800000-12850000,up,0.0442394951344939,eEVT,Fetal,1
chr18:46500000-46550000,up,0.0442332892216746,SCT_B,Fetal,1
chr2:36700000-36750000,up,0.0442077222349903,SCT_A,Fetal,1
chr12:93700000-93750000,up,0.044188646789549,SCT_B,Fetal,1
chr15:85850000-85900000,up,0.0441515282747615,SCT_B,Fetal,1
chr17:77850000-77900000,up,0.0440348235591732,VCT,Fetal,0.999
chr5:35200000-35250000,up,0.0438567660340823,SCT_B,Fetal,1
chr7:73150000-73200000,up,0.0438328335895374,Epi,Maternal,0.991
chr19:47750000-47800000,up,0.0438058163433678,dNK,Maternal,0.666
chr3:193850000-193900000,up,0.0437935966520432,SCT_B,Fetal,1
chr19:2500000-2550000,up,0.0437509929577305,SCT_B,Fetal,1
chr1:204400000-204450000,up,0.0437416681888274,SCT_B,Fetal,1
chr5:173750000-173800000,up,0.0436483897886078,proSCT,Fetal,0.997
chr7:137600000-137650000,up,0.043638737013121,SCT,Fetal,1
chr17:27050000-27100000,up,0.0435823494038108,GC,Fetal,0.929
chr7:95200000-95250000,up,0.0434856341436465,SCT_B,Fetal,1
chr1:24900000-24950000,up,0.0434759209525691,SCT_B,Fetal,1
chr6:4450000-4500000,up,0.0434465699166625,SCT_B,Fetal,1
chr14:65700000-65750000,up,0.0434243981852918,SCT_B,Fetal,1
chr2:73050000-73100000,up,0.0433860438215141,SCT_B,Fetal,1
chr4:40350000-40400000,up,0.0433111213723692,SCT_B,Fetal,1
chr15:40500000-40550000,up,0.0433053537637821,SCT_B,Fetal,1
chr12:130650000-130700000,up,0.0432855136027411,SCT_A,Fetal,1
chr21:37450000-37500000,up,0.0432828946352486,SCT,Fetal,1
chr11:61250000-61300000,up,0.0432625226396631,cilated,Maternal,1
chr8:22400000-22450000,up,0.0432552460928664,GC,Fetal,0.929
chr4:129700000-129750000,up,0.0430689628981613,Ery,Fetal,0.612
chr4:153900000-153950000,up,0.0430236378936955,SCT_B,Fetal,1
chr12:56450000-56500000,up,0.0429852584243833,SCT_B,Fetal,1
chr19:57450000-57500000,up,0.042945715834426,VCT,Fetal,0.999
chr15:31300000-31350000,up,0.04289909191015,SCT_B,Fetal,1
chr1:33200000-33250000,up,0.0428978148557356,SCT_B,Fetal,1
chr21:42550000-42600000,up,0.042864257684446,SCT,Fetal,1
chr6:105350000-105400000,up,0.0428640705048642,SCT,Fetal,1
chr1:31600000-31650000,up,0.0428175265537069,SCT_B,Fetal,1
chr9:89950000-90000000,up,0.0427858811035707,SCT_B,Fetal,1
chr13:33850000-33900000,up,0.0427778873660116,SCT,Fetal,1
chr15:67050000-67100000,up,0.0427043237084489,SCT_B,Fetal,1
chr3:192550000-192600000,up,0.0426989546532666,VCT,Fetal,0.999
chr8:135750000-135800000,up,0.0426028423570996,SCT_B,Fetal,1
chr1:22600000-22650000,up,0.0426027805364924,SCT_B,Fetal,1
chr6:26200000-26250000,up,0.0425838833651439,T,Maternal,0.689
chr22:38150000-38200000,up,0.0425286663799101,SCT_B,Fetal,1
chr1:8050000-8100000,up,0.0425273671523469,avVCT,Fetal,0.964
chr22:39600000-39650000,up,0.042511329873183,fEC,Fetal,0.868
chr1:144950000-145000000,up,0.042480852792112,iEVT,Fetal,1
chr11:12200000-12250000,up,0.0423187360588515,eEVT,Fetal,1
chr19:4200000-4250000,up,0.0423046884437237,SCT_B,Fetal,1
chr6:15900000-15950000,up,0.0422606811216987,SCT_B,Fetal,1
chr3:111500000-111550000,up,0.0422205728409113,SCT_B,Fetal,1
chr4:144250000-144300000,up,0.0421810547950015,SCT_B,Fetal,1
chr20:17950000-18000000,up,0.0421457724624327,iEVT,Fetal,1
chr9:116100000-116150000,up,0.0420994407031514,Ery,Fetal,0.612
chr17:16900000-16950000,up,0.0420899344262515,SCT_B,Fetal,1
chr6:52750000-52800000,up,0.04205420234518,SCT_B,Fetal,1
chr5:141200000-141250000,up,0.042024165222095,SCT_B,Fetal,1
chr8:37450000-37500000,up,0.0419320680847112,SCT_B,Fetal,1
chr2:88950000-89000000,up,0.0419226494957226,SCT_A,Fetal,1
chr8:8450000-8500000,up,0.0418644202660901,SCT_B,Fetal,1
chr1:180450000-180500000,up,0.0418598984045665,VCT,Fetal,0.999
chr9:38200000-38250000,up,0.0418546783262089,SCT_B,Fetal,1
chr6:86150000-86200000,up,0.0418290509314893,SCT,Fetal,1
chr4:26200000-26250000,up,0.0417891402470557,SCT_B,Fetal,1
chr4:37950000-38000000,up,0.0417213449903097,SCT_B,Fetal,1
chr9:124350000-124400000,up,0.0416986024976376,SCT_B,Fetal,1
chr13:25200000-25250000,up,0.041659505671094,SCT,Fetal,1
chr11:76450000-76500000,up,0.0416539268058217,DSC_A,Maternal,0.902
chr14:68950000-69000000,up,0.0416030679426745,SCT_B,Fetal,1
chr11:59300000-59350000,up,0.0415780351773996,GC,Fetal,0.929
chr3:58000000-58050000,up,0.0415448316104306,eEVT,Fetal,1
chr17:38650000-38700000,up,0.0415354495354084,SCT_B,Fetal,1
chr14:96900000-96950000,up,0.0415288553042124,proSCT,Fetal,0.997
chr1:39600000-39650000,up,0.0415160881591253,pEVT,Fetal,0.968
chr12:50600000-50650000,up,0.0415041226854195,EVT,Fetal,0.999
chr11:71900000-71950000,up,0.0414873222054195,avVCT,Fetal,0.964
chr15:70450000-70500000,up,0.0414661486311229,SCT_B,Fetal,1
chr2:91800000-91850000,up,0.0413773729715176,Ery,Fetal,0.612
chr2:233250000-233300000,up,0.0413564916317548,SCT_B,Fetal,1
chr20:17750000-17800000,up,0.0411673914126306,SCT_B,Fetal,1
chr8:38550000-38600000,up,0.0411527338598497,pvSMC,Maternal,0.456
chr7:134350000-134400000,up,0.0411178733647585,SCT_B,Fetal,1
chr4:6650000-6700000,up,0.0410908514126171,SCT_B,Fetal,1
chr11:108450000-108500000,up,0.0410877755488551,SCT_B,Fetal,1
chr6:3750000-3800000,up,0.0410825584406197,SCT_B,Fetal,1
chr10:71050000-71100000,up,0.040999376261056,GC,Fetal,0.929
chr3:127950000-128000000,up,0.0409365067801839,SCT_B,Fetal,1
chr14:65000000-65050000,up,0.0409147666062476,fEC,Fetal,0.868
chr6:158750000-158800000,up,0.0408905850682652,VCT,Fetal,0.999
chr6:168150000-168200000,up,0.0408885060352783,SCT_B,Fetal,1
chr1:115050000-115100000,up,0.0407446228094319,SCT_A,Fetal,1
chr17:8100000-8150000,up,0.0407230042933625,T,Maternal,0.689
chr10:35250000-35300000,up,0.0406299524570304,VCT,Fetal,0.999
chr4:89050000-89100000,up,0.0406120884395755,SCT_A,Fetal,1
chr16:88800000-88850000,up,0.0405584305585755,FB,Fetal,0.553
chr16:25150000-25200000,up,0.0405494688556801,SCT_B,Fetal,1
chr7:47600000-47650000,up,0.0405265091613084,HB,Fetal,0.803
chr9:74250000-74300000,up,0.0404719223215674,SCT,Fetal,1
chr14:104150000-104200000,up,0.0404690599510339,SCT_B,Fetal,1
chr1:28000000-28050000,up,0.0404511713601128,VCT,Fetal,0.999
chr11:69900000-69950000,up,0.0404359467557857,SCT_B,Fetal,1
chr2:46550000-46600000,up,0.0404314487319785,fEC,Fetal,0.868
chr1:176400000-176450000,up,0.0404098822518752,eEVT,Fetal,1
chr1:201250000-201300000,up,0.040351616755016,SCT_B,Fetal,1
chr12:13300000-13350000,up,0.0403397441472773,SCT,Fetal,1
chr2:151300000-151350000,up,0.0402349361805114,pEVT,Fetal,0.968
chr19:10700000-10750000,up,0.0402221018853686,SCT_B,Fetal,1
chr1:183200000-183250000,up,0.0401612804532656,eEVT,Fetal,1
chr19:23450000-23500000,up,0.0400293594608501,proSCT,Fetal,0.997
chr8:102500000-102550000,up,0.0399760935607124,SCT_B,Fetal,1
chr19:44000000-44050000,up,0.0399575853874474,cilated,Maternal,1
chr16:14450000-14500000,up,0.0399098130028164,SCT_B,Fetal,1
chr5:43000000-43050000,up,0.0398977717751071,T,Maternal,0.689
chr5:173150000-173200000,up,0.0398862862143282,SCT_B,Fetal,1
chr1:147200000-147250000,up,0.0398853720303982,SCT_B,Fetal,1
chr16:67450000-67500000,up,0.0398474392120801,SCT_B,Fetal,1
chr19:48150000-48200000,up,0.0397906900446493,SCT_B,Fetal,1
chr12:93750000-93800000,up,0.0397348370964349,Ery,Fetal,0.612
chr3:189650000-189700000,up,0.0397087434539828,SCT_B,Fetal,1
chr6:39200000-39250000,up,0.0396835632492358,SCT,Fetal,1
chr19:23200000-23250000,up,0.0396835406436578,SCT_A,Fetal,1
chr19:12650000-12700000,up,0.0396721633341386,SCT_B,Fetal,1
chr1:25000000-25050000,up,0.0396713643004735,SCT,Fetal,1
chr15:74600000-74650000,up,0.0396354238010158,SCT_B,Fetal,1
chr22:41400000-41450000,up,0.0396228948109944,SCT_B,Fetal,1
chr6:3400000-3450000,up,0.0395870707660476,VCT,Fetal,0.999
chr10:62800000-62850000,up,0.039533695543739,SCT_A,Fetal,1
chr7:134850000-134900000,up,0.0395023802268944,Epi,Maternal,0.991
chr1:44000000-44050000,up,0.0394545127601833,eEVT,Fetal,1
chr10:8300000-8350000,up,0.0393997496689546,eEVT,Fetal,1
chr11:12050000-12100000,up,0.0393474712557796,SCT_B,Fetal,1
chr2:220550000-220600000,up,0.0393382789888263,SCT_B,Fetal,1
chr8:131450000-131500000,up,0.0393300198799612,SCT,Fetal,1
chr21:42600000-42650000,up,0.039300499376275,SCT_B,Fetal,1
chr1:225950000-226000000,up,0.0392367876831387,Epi,Maternal,0.991
chr19:58300000-58350000,up,0.0391721192452792,SCT_B,Fetal,1
chr1:92200000-92250000,up,0.0391692881888272,SCT_A,Fetal,1
chr1:26300000-26350000,up,0.039146887772142,SCT_B,Fetal,1
chr5:178250000-178300000,up,0.0390411604646659,SCT_B,Fetal,1
chr1:95300000-95350000,up,0.0390365348926375,SCT_B,Fetal,1
chr17:14200000-14250000,up,0.0390213744517897,SCT_B,Fetal,1
chr3:111550000-111600000,up,0.0390118566683399,SCT_B,Fetal,1
chr1:116750000-116800000,up,0.0389462523677142,SCT_B,Fetal,1
chr21:27450000-27500000,up,0.0389418620457992,proSCT,Fetal,0.997
chr12:123600000-123650000,up,0.03892301815394,SCT,Fetal,1
chr10:43100000-43150000,up,0.038894366891124,SCT_B,Fetal,1
chr3:149350000-149400000,up,0.0388755295609648,aEC,Maternal,0.781
chr9:131050000-131100000,up,0.0388417554241163,SCT,Fetal,1
chr1:108200000-108250000,up,0.038838724249788,proSCT,Fetal,0.997
chr17:39900000-39950000,up,0.0387947938763739,SCT_B,Fetal,1
chr6:4600000-4650000,up,0.0387699715478338,SCT_B,Fetal,1
chr7:101750000-101800000,up,0.0386985464068858,SCT_B,Fetal,1
chr3:120150000-120200000,up,0.0386226863372116,iEVT,Fetal,1
chr20:800000-850000,up,0.0386216193812902,EVT,Fetal,0.999
chr19:54000000-54050000,up,0.0386082848480644,fEC,Fetal,0.868
chr15:49100000-49150000,up,0.0385762781444029,VCT,Fetal,0.999
chr5:148450000-148500000,up,0.0385614972785235,SCT_B,Fetal,1
chr19:55550000-55600000,up,0.0385437724360608,SCT_B,Fetal,1
chr11:72950000-73000000,up,0.0385397197337741,SCT,Fetal,1
chr19:53000000-53050000,up,0.0385362654181386,SCT_B,Fetal,1
chr8:102050000-102100000,up,0.0384889143686951,SCT_B,Fetal,1
chr5:150600000-150650000,up,0.0384876374428775,SCT_B,Fetal,1
chr15:56250000-56300000,up,0.038480928839306,SCT,Fetal,1
chr1:41800000-41850000,up,0.0384565062443942,SCT_B,Fetal,1
chr4:7950000-8000000,up,0.0384456069214894,eEVT,Fetal,1
chr11:72900000-72950000,up,0.0384431175504551,GC,Fetal,0.929
chr14:94450000-94500000,up,0.0384421075870411,Epi,Maternal,0.991
chr2:85800000-85850000,up,0.0384418222818644,fEC,Fetal,0.868
chr4:153850000-153900000,up,0.038419666845802,SCT_B,Fetal,1
chr9:36250000-36300000,up,0.038380635188989,SCT_B,Fetal,1
chr2:206500000-206550000,up,0.0383309170685012,SCT,Fetal,1
chr1:23150000-23200000,up,0.0383213162784546,SCT,Fetal,1
chr19:53350000-53400000,up,0.038316450824476,SCT_B,Fetal,1
chr3:97650000-97700000,up,0.0382925632679575,EVT,Fetal,0.999
chr1:94050000-94100000,up,0.0382811853157309,VCT,Fetal,0.999
chr19:11800000-11850000,up,0.0382493648998851,avVCT,Fetal,0.964
chr1:231150000-231200000,up,0.0382262908335537,VCT,Fetal,0.999
chr11:67000000-67050000,up,0.0382250020761788,dNK,Maternal,0.666
chr19:23550000-23600000,up,0.0381740212040079,SCT_B,Fetal,1
chr11:68100000-68150000,up,0.0381715476684923,VCT,Fetal,0.999
chr12:46650000-46700000,up,0.0381512168485247,SCT_B,Fetal,1
chr1:57000000-57050000,up,0.038120142982642,proSCT,Fetal,0.997
chr2:214050000-214100000,up,0.038053022620996,SCT,Fetal,1
chr7:94250000-94300000,up,0.0380176873136601,VCT,Fetal,0.999
chr8:29400000-29450000,up,0.0379421568947383,SCT,Fetal,1
chr17:36600000-36650000,up,0.0379184643832844,VCT,Fetal,0.999
chr1:10100000-10150000,up,0.0378823663655337,VCT,Fetal,0.999
chr2:46500000-46550000,up,0.0378772272710112,SCT_B,Fetal,1
chr5:55200000-55250000,up,0.0378763086371035,Epi,Maternal,0.991
chr2:97400000-97450000,up,0.0378448481985678,B,Maternal,0.659
chr22:36850000-36900000,up,0.0378387412261995,SCT_B,Fetal,1
chr8:135700000-135750000,up,0.037819038278049,SCT_B,Fetal,1
chr21:32700000-32750000,up,0.0378120239347077,EVT,Fetal,0.999
chr19:40050000-40100000,up,0.0377304154698214,SCT_B,Fetal,1
chr1:87600000-87650000,up,0.0377183166891051,SCT_B,Fetal,1
chr2:235850000-235900000,up,0.0376883945867238,EVT,Fetal,0.999
chr13:99600000-99650000,up,0.0376798668378502,fEC,Fetal,0.868
chr1:144500000-144550000,up,0.0376737188086678,T,Maternal,0.689
chr8:128650000-128700000,up,0.0376661519563555,SCT_A,Fetal,1
chr22:33250000-33300000,up,0.0376591530548308,iEVT,Fetal,1
chr15:69350000-69400000,up,0.037620294558226,SCT,Fetal,1
chr12:8800000-8850000,up,0.0376102887567313,Epi,Maternal,0.991
chr16:22200000-22250000,up,0.0375402752619165,B,Maternal,0.659
chr9:129100000-129150000,up,0.0375356254048219,fEC,Fetal,0.868
chr2:10900000-10950000,up,0.0375306154191524,VCT,Fetal,0.999
chr1:116950000-117000000,up,0.0374663305701269,SCT,Fetal,1
chr2:20700000-20750000,up,0.0374586775278173,SCT_B,Fetal,1
chr10:104500000-104550000,up,0.0373864837296018,SCT_B,Fetal,1
chr10:77000000-77050000,up,0.0373602083475088,SCT_B,Fetal,1
chr9:131600000-131650000,up,0.0373344021480141,GC,Fetal,0.929
chr17:37850000-37900000,up,0.0373174951115772,SCT_B,Fetal,1
chr8:128800000-128850000,up,0.0373018284178005,fEC,Fetal,0.868
chr4:50000-100000,up,0.0372946783274489,SCT,Fetal,1
chr6:159300000-159350000,up,0.0372178300312535,SCT_B,Fetal,1
chr16:85350000-85400000,up,0.0372115340109858,SCT_B,Fetal,1
chr16:24500000-24550000,up,0.0371812736554622,SCT_B,Fetal,1
chr11:101850000-101900000,up,0.0371683605123854,VCT,Fetal,0.999
chr1:53350000-53400000,up,0.0371453521990012,VCT,Fetal,0.999
chr3:192600000-192650000,up,0.0371343613637479,SCT_B,Fetal,1
chr17:15300000-15350000,up,0.0370951561304296,pEVT,Fetal,0.968
chr17:40650000-40700000,up,0.0370795919619098,SCT_B,Fetal,1
chr7:149150000-149200000,up,0.0370608561668325,SCT_B,Fetal,1
chr19:9150000-9200000,up,0.0369928310124951,Epi,Maternal,0.991
chr12:56100000-56150000,up,0.0369871218694048,dNK,Maternal,0.666
chr14:59700000-59750000,up,0.0369335252734371,SCT_B,Fetal,1
chr2:110400000-110450000,up,0.036886435957772,eEVT,Fetal,1
chr9:75150000-75200000,up,0.0368776185937014,SCT_A,Fetal,1
chr11:62250000-62300000,up,0.03686963852539,SCT_B,Fetal,1
chr1:228900000-228950000,up,0.0368503329434324,pEVT,Fetal,0.968
chr8:80650000-80700000,up,0.036849144819844,SCT_B,Fetal,1
chr9:27400000-27450000,up,0.0367819010744309,SCT_B,Fetal,1
chr5:138050000-138100000,up,0.0367727677930518,SCT,Fetal,1
chr9:6600000-6650000,up,0.0367442665931405,VCT,Fetal,0.999
chr4:87800000-87850000,up,0.0366751664148777,SCT,Fetal,1
chr22:18500000-18550000,up,0.0366661817684933,EVT,Fetal,0.999
chr13:44750000-44800000,up,0.0366366346054923,SCT,Fetal,1
chr2:232500000-232550000,up,0.0366190381525386,GC,Fetal,0.929
chr2:235750000-235800000,up,0.0366139004817816,SCT_B,Fetal,1
chr2:213800000-213850000,up,0.0366020140633411,SCT,Fetal,1
chr14:62400000-62450000,up,0.0365995216303564,SCT_A,Fetal,1
chr2:47050000-47100000,up,0.0365900824482908,SCT,Fetal,1
chr1:153300000-153350000,up,0.0365893852010523,SCT_B,Fetal,1
chr10:128050000-128100000,up,0.0365680574966601,SCT_B,Fetal,1
chr6:164400000-164450000,up,0.036567257972703,iEVT,Fetal,1
chr14:81400000-81450000,up,0.0364874350946043,SCT_B,Fetal,1
chr12:3200000-3250000,up,0.0364864117260917,fEC,Fetal,0.868
chr5:141700000-141750000,up,0.0364823559265583,SCT,Fetal,1
chr14:100000000-100050000,up,0.0364522637539897,fEC,Fetal,0.868
chr11:95800000-95850000,up,0.0364255393739503,SCT,Fetal,1
chr3:129350000-129400000,up,0.0364242160078322,SCT_B,Fetal,1
chr8:17350000-17400000,up,0.0363608302928614,Epi,Maternal,0.991
chr16:80650000-80700000,up,0.0363418016421935,SCT_B,Fetal,1
chr10:115700000-115750000,up,0.0363231478707194,proSCT,Fetal,0.997
chr19:40000000-40050000,up,0.0363101524639723,SCT_B,Fetal,1
chr3:194900000-194950000,up,0.036289421036286,SCT,Fetal,1
chr2:231850000-231900000,up,0.0362704687074282,SCT_B,Fetal,1
chr2:54050000-54100000,up,0.0362314265765261,proSCT,Fetal,0.997
chr15:34400000-34450000,up,0.0361896195706302,SCT_B,Fetal,1
chr2:190450000-190500000,up,0.0361628086038701,proSCT,Fetal,0.997
chr14:106150000-106200000,up,0.0361571165925982,SCT,Fetal,1
chr15:76400000-76450000,up,0.0361152332336,SCT_A,Fetal,1
chr20:11850000-11900000,up,0.0361101413825963,proSCT,Fetal,0.997
chr20:55400000-55450000,up,0.0360881197869943,uDSC,Maternal,0.99
chr7:135350000-135400000,up,0.0360849735545984,proSCT,Fetal,0.997
chr5:95000000-95050000,up,0.0360514827789018,SCT_B,Fetal,1
chr7:6100000-6150000,up,0.0360016644550353,SCT_B,Fetal,1
chr6:53000000-53050000,up,0.035980900551289,eEVT,Fetal,1
chr2:20650000-20700000,up,0.0359728109794098,SCT_B,Fetal,1
chr11:82700000-82750000,up,0.0359531267077944,VCT,Fetal,0.999
chr19:23700000-23750000,up,0.0359135629965783,SCT_B,Fetal,1
chr3:110750000-110800000,up,0.035863318420337,SCT_B,Fetal,1
chr19:50250000-50300000,up,0.0358548960726741,SCT_B,Fetal,1
chr19:46700000-46750000,up,0.0358386174523657,iEVT,Fetal,1
chr21:19100000-19150000,up,0.0358283288270053,SCT_B,Fetal,1
chr14:52000000-52050000,up,0.035827738452408,iEVT,Fetal,1
chr20:24100000-24150000,up,0.0358225668987445,SCT_B,Fetal,1
chr17:13000000-13050000,up,0.0358175468390642,iEVT,Fetal,1
chr14:70250000-70300000,up,0.0357838465281029,SCT_B,Fetal,1
chr3:105650000-105700000,up,0.0357815878102813,SCT_B,Fetal,1
chr19:37250000-37300000,up,0.035779662030453,SCT_B,Fetal,1
chr13:97800000-97850000,up,0.0357637992166907,eEVT,Fetal,1
chr12:4100000-4150000,up,0.0357619976825035,SCT_B,Fetal,1
chr1:220500000-220550000,up,0.0357486504091303,iEVT,Fetal,1
chr9:130300000-130350000,up,0.0357129756562492,GC,Fetal,0.929
chr18:9600000-9650000,up,0.0356709933368532,SCT_B,Fetal,1
chr6:7500000-7550000,up,0.0356652353159333,avVCT,Fetal,0.964
chr16:4300000-4350000,up,0.0356415332830164,SCT_B,Fetal,1
chr14:51350000-51400000,up,0.0356308562137694,HB,Fetal,0.803
chr16:67700000-67750000,up,0.0356281004055859,SCT_B,Fetal,1
chr3:195800000-195850000,up,0.0356228297121634,SCT_B,Fetal,1
chr3:107100000-107150000,up,0.0356170492108646,VCT,Fetal,0.999
chr11:950000-1000000,up,0.035615005559581,SCT_B,Fetal,1
chr8:17200000-17250000,up,0.0356117040550477,SCT_B,Fetal,1
chr5:141650000-141700000,up,0.0356016531743152,SCT,Fetal,1
chr9:34350000-34400000,up,0.0355607656403455,VCT,Fetal,0.999
chr8:27450000-27500000,up,0.0355487328669816,uDSC,Maternal,0.99
chr19:57400000-57450000,up,0.035516651122856,FB,Fetal,0.553
chr1:94250000-94300000,up,0.0355066267952532,SCT_B,Fetal,1
chr20:32300000-32350000,up,0.0354713606857875,SCT,Fetal,1
chr19:5550000-5600000,up,0.0354592311535761,SCT_B,Fetal,1
chr10:24750000-24800000,up,0.0354468681573768,VCT,Fetal,0.999
chr1:27450000-27500000,up,0.0354303983249366,SCT_B,Fetal,1
chr14:91550000-91600000,up,0.0354277798810447,SCT,Fetal,1
chr17:8000000-8050000,up,0.0353954053231249,dNK,Maternal,0.666
chr2:214000000-214050000,up,0.0353657880038447,SCT,Fetal,1
chr1:42650000-42700000,up,0.0353294962919113,SCT_B,Fetal,1
chr16:56350000-56400000,up,0.0353105181682824,VCT,Fetal,0.999
chr12:96150000-96200000,up,0.0353023667671544,iEVT,Fetal,1
chr11:1950000-2000000,up,0.0352897907184545,fEC,Fetal,0.868
chr2:218850000-218900000,up,0.035287099096032,DSC_A,Maternal,0.902
chr10:21600000-21650000,up,0.0352854144743706,SCT_B,Fetal,1
chr19:49050000-49100000,up,0.0352682372373082,GC,Fetal,0.929
chr20:55200000-55250000,up,0.0352678867751199,SCT,Fetal,1
chr1:33600000-33650000,up,0.0352588517625741,SCT_B,Fetal,1
chr16:68750000-68800000,up,0.0352491360982232,Epi,Maternal,0.991
chr1:181050000-181100000,up,0.0352442558324332,SCT_B,Fetal,1
chr19:39500000-39550000,up,0.0352418737692138,VCT,Fetal,0.999
chr16:11200000-11250000,up,0.03523767903681,dNK,Maternal,0.666
chr9:4250000-4300000,up,0.0352232128500836,EVT,Fetal,0.999
chr14:91250000-91300000,up,0.0351962092129161,SCT_B,Fetal,1
chr3:55000000-55050000,up,0.0351846568095297,SCT,Fetal,1
chr7:47500000-47550000,up,0.0351787996316774,SCT_B,Fetal,1
chr2:16050000-16100000,up,0.0351751638487765,eEVT,Fetal,1
chr19:30100000-30150000,up,0.0351732839533144,SCT_B,Fetal,1
chr11:102100000-102150000,up,0.0351627770924978,VCT,Fetal,0.999
chr10:45450000-45500000,up,0.0351387520360868,GC,Fetal,0.929
chr19:45900000-45950000,up,0.0350782620550174,GC,Fetal,0.929
chr1:21050000-21100000,up,0.0350119650702296,SCT_B,Fetal,1
chr1:234650000-234700000,up,0.0350084970938669,fEC,Fetal,0.868
chr10:112200000-112250000,up,0.0349416082345882,SCT_B,Fetal,1
chr3:57000000-57050000,up,0.034917506979089,eEVT,Fetal,1
chr11:112100000-112150000,up,0.0348854422748405,eEVT,Fetal,1
chr1:94150000-94200000,up,0.0348259039132955,SCT,Fetal,1
chr16:3200000-3250000,up,0.0348209829075485,T,Maternal,0.689
chr22:20900000-20950000,up,0.0348094795189233,SCT,Fetal,1
chr1:112900000-112950000,up,0.0347881278121388,SCT_B,Fetal,1
chr10:81900000-81950000,up,0.0347755480135548,SCT,Fetal,1
chr8:79550000-79600000,up,0.0347673244496597,SCT,Fetal,1
chr22:39550000-39600000,up,0.034747775462211,SCT_B,Fetal,1
chr9:139850000-139900000,up,0.0347319161392434,dNK,Maternal,0.666
chr3:134000000-134050000,up,0.0347177366241108,SCT_B,Fetal,1
chr16:48400000-48450000,up,0.0346573960536889,SCT_B,Fetal,1
chr2:75400000-75450000,up,0.03464756372759,SCT_B,Fetal,1
chr19:58150000-58200000,up,0.0346336566759268,SCT_B,Fetal,1
chr3:50600000-50650000,up,0.0345803337271084,T,Maternal,0.689
chr19:17350000-17400000,up,0.0345749979991814,avVCT,Fetal,0.964
chr5:102750000-102800000,up,0.034540804060799,SCT_A,Fetal,1
chr7:850000-900000,up,0.034532740964587,cilated,Maternal,1
chr11:72800000-72850000,up,0.0345271844713007,SCT_B,Fetal,1
chr1:32550000-32600000,up,0.0345208196805718,proSCT,Fetal,0.997
chr20:3850000-3900000,up,0.0345200114123507,EVT,Fetal,0.999
chr4:141050000-141100000,up,0.0345012561748048,dNK,Maternal,0.666
chr14:77550000-77600000,up,0.0344709940739294,B,Maternal,0.659
chr20:17500000-17550000,up,0.0344672464371506,aEC,Maternal,0.781
chr2:36850000-36900000,up,0.0344610554426881,proSCT,Fetal,0.997
chr5:15000000-15050000,up,0.0344356249648243,SCT_B,Fetal,1
chr8:37900000-37950000,up,0.0344181349258569,Ery,Fetal,0.612
chr8:124550000-124600000,up,0.0344081765550475,SCT_B,Fetal,1
chr4:37450000-37500000,up,0.0343866300058638,SCT_B,Fetal,1
chr12:53350000-53400000,up,0.0343774898322141,avVCT,Fetal,0.964
chr14:67850000-67900000,up,0.034354462690324,SCT,Fetal,1
chr6:11200000-11250000,up,0.0343449498007522,fEC,Fetal,0.868
chr22:19950000-20000000,up,0.0343448368141464,SCT_B,Fetal,1
chr5:31800000-31850000,up,0.0343394125970251,iEVT,Fetal,1
chr7:92050000-92100000,up,0.0343247092778325,proSCT,Fetal,0.997
chr11:61350000-61400000,up,0.0342960944540146,GC,Fetal,0.929
chr1:94800000-94850000,up,0.0342938973467779,SCT,Fetal,1
chr10:8400000-8450000,up,0.0342925213946856,eEVT,Fetal,1
chr1:94200000-94250000,up,0.0342837803291792,SCT,Fetal,1
chr16:73000000-73050000,up,0.03428005700738,SCT_B,Fetal,1
chr7:87150000-87200000,up,0.0342780912298715,SCT,Fetal,1
chr10:86250000-86300000,up,0.0342569353952004,SCT_B,Fetal,1
chr11:2000000-2050000,up,0.034247307090599,iEVT,Fetal,1
chr6:159150000-159200000,up,0.0342441538417285,proSCT,Fetal,0.997
chr15:48950000-49000000,up,0.0341948744751195,iEVT,Fetal,1
chr11:75050000-75100000,up,0.034186493502905,HB,Fetal,0.803
chr6:166000000-166050000,up,0.0341660650837245,EVT,Fetal,0.999
chr17:48100000-48150000,up,0.0341653577495326,Epi,Maternal,0.991
chr15:51600000-51650000,up,0.0341438804358231,proSCT,Fetal,0.997
chr3:154700000-154750000,up,0.0341234993229025,iEVT,Fetal,1
chr15:74450000-74500000,up,0.0341225056833492,eS,Maternal,0.994
chr11:57500000-57550000,up,0.0340799385975091,fEC,Fetal,0.868
chr5:38600000-38650000,up,0.0340710745131718,SCT,Fetal,1
chr16:68250000-68300000,up,0.0340687295973089,Epi,Maternal,0.991
chr7:1550000-1600000,up,0.034053724868652,GC,Fetal,0.929
chr12:8950000-9000000,up,0.0340468022829077,proSCT,Fetal,0.997
chr10:8600000-8650000,up,0.0340364871231493,EVT,Fetal,0.999
chr8:81200000-81250000,up,0.0340186032964844,proSCT,Fetal,0.997
chr16:55650000-55700000,up,0.0340101918135127,SCT_B,Fetal,1
chr16:75300000-75350000,up,0.03401007842914,fEC,Fetal,0.868
chr13:45300000-45350000,up,0.033972038210292,EVT,Fetal,0.999
chr2:197950000-198000000,up,0.0339574292281982,SCT_B,Fetal,1
chr3:16750000-16800000,up,0.0339551013671177,SCT_B,Fetal,1
chr1:216800000-216850000,up,0.0339522312704215,proSCT,Fetal,0.997
chr1:6450000-6500000,up,0.0339332281458905,GC,Fetal,0.929
chr2:113900000-113950000,up,0.0339315989709531,SCT_A,Fetal,1
chr1:210400000-210450000,up,0.033880155477597,SCT_B,Fetal,1
chr16:57650000-57700000,up,0.0338608549594488,VCT,Fetal,0.999
chr3:189550000-189600000,up,0.0338491860910687,VCT,Fetal,0.999
chr1:10950000-11000000,up,0.0338278482476809,SCT_B,Fetal,1
chr8:22050000-22100000,up,0.0338151108323816,SCT,Fetal,1
chr3:112050000-112100000,up,0.0337905519468007,SCT_B,Fetal,1
chr7:7300000-7350000,up,0.0337767542851109,SCT_B,Fetal,1
chr5:73900000-73950000,up,0.0337511168779234,EVT,Fetal,0.999
chr10:22900000-22950000,up,0.0337330117706472,T,Maternal,0.689
chr14:100250000-100300000,up,0.0337084341613333,FB,Fetal,0.553
chr2:48800000-48850000,up,0.033689351247975,iEVT,Fetal,1
chr10:7550000-7600000,up,0.0336803655750685,EVT,Fetal,0.999
chr11:64600000-64650000,up,0.0336686599471912,SCT_B,Fetal,1
chr9:101750000-101800000,up,0.03366109670087,SCT_B,Fetal,1
chr22:43400000-43450000,up,0.033633287232828,GC,Fetal,0.929
chr20:22700000-22750000,up,0.0336024670803043,VCT,Fetal,0.999
chr16:19100000-19150000,up,0.0335845465824726,SCT_B,Fetal,1
chr17:8500000-8550000,up,0.0335606188402798,VCT,Fetal,0.999
chr15:41850000-41900000,up,0.0335434266054969,SCT_B,Fetal,1
chr1:229750000-229800000,up,0.0335207656940535,eEVT,Fetal,1
chr22:33350000-33400000,up,0.0335098277545116,SCT_B,Fetal,1
chr6:157500000-157550000,up,0.0334953676532552,SCT_B,Fetal,1
chr6:13700000-13750000,up,0.0334857618617473,SCT,Fetal,1
chr15:63300000-63350000,up,0.0334717771797716,eEVT,Fetal,1
chr21:40250000-40300000,up,0.0334513314133972,Epi,Maternal,0.991
chr6:31750000-31800000,up,0.0334366250580439,SCT_B,Fetal,1
chr14:71150000-71200000,up,0.0334315798420486,SCT_A,Fetal,1
chr17:41600000-41650000,up,0.0334171044991812,SCT,Fetal,1
chr16:12700000-12750000,up,0.0334117139077192,SCT_B,Fetal,1
chr7:7950000-8000000,up,0.0334091986497936,SCT_B,Fetal,1
chr16:84500000-84550000,up,0.0333957769819186,SCT_B,Fetal,1
chr12:12700000-12750000,up,0.0333808879418585,SCT_B,Fetal,1
chr4:69200000-69250000,up,0.0333630781858311,SCT_B,Fetal,1
chr7:157150000-157200000,up,0.0333423850493401,SCT_B,Fetal,1
chr1:28600000-28650000,up,0.0333272115323761,SCT_B,Fetal,1
chr6:25150000-25200000,up,0.0333008897621086,SCT_B,Fetal,1
chr7:66050000-66100000,up,0.0333002717953997,SCT_B,Fetal,1
chr19:48950000-49000000,up,0.0332909476970669,dNK,Maternal,0.666
chr10:112600000-112650000,up,0.0332826828792908,SCT_B,Fetal,1
chr7:5450000-5500000,up,0.033277707029386,cycling_VCT,Fetal,0.959
chr2:190400000-190450000,up,0.0332524812944097,proSCT,Fetal,0.997
chr20:49600000-49650000,up,0.0332052517412269,proSCT,Fetal,0.997
chr1:201450000-201500000,up,0.0331767992083284,SCT_B,Fetal,1
chr1:120300000-120350000,up,0.0331578210378515,SCT_B,Fetal,1
chr8:74200000-74250000,up,0.0331154593270823,GC,Fetal,0.929
chr16:67200000-67250000,up,0.0331093285446067,eEVT,Fetal,1
chr4:24650000-24700000,up,0.0331065114966374,iEVT,Fetal,1
chr6:151650000-151700000,up,0.0330847014243829,SCT_B,Fetal,1
chr7:155000000-155050000,up,0.0330478466899849,SCT_B,Fetal,1
chr10:120700000-120750000,up,0.0330155749851922,SCT_B,Fetal,1
chr22:29300000-29350000,up,0.0330068773867345,VCT,Fetal,0.999
chr1:25050000-25100000,up,0.032997992345109,pvSMC,Maternal,0.456
chr20:17800000-17850000,up,0.0329793243394498,FB,Fetal,0.553
chr19:33500000-33550000,up,0.0329300190232739,Epi,Maternal,0.991
chr1:169450000-169500000,up,0.0329299831164453,SCT_B,Fetal,1
chr7:55150000-55200000,up,0.0329174978389184,proSCT,Fetal,0.997
chr8:134350000-134400000,up,0.0329149669400326,SCT_B,Fetal,1
chr22:31700000-31750000,up,0.0328981675296126,Epi,Maternal,0.991
chr11:17000000-17050000,up,0.0328611141682834,SCT_B,Fetal,1
chr20:49350000-49400000,up,0.0328609140055347,Epi,Maternal,0.991
chr17:73050000-73100000,up,0.0328570653022783,SCT_B,Fetal,1
chr12:67400000-67450000,up,0.032840595013485,SCT_B,Fetal,1
chr7:41750000-41800000,up,0.0328389001398748,SCT_B,Fetal,1
chr1:53700000-53750000,up,0.0328218228052162,proSCT,Fetal,0.997
chr1:167650000-167700000,up,0.0328217650217756,B,Maternal,0.659
chr6:6950000-7000000,up,0.0328176150861561,SCT_B,Fetal,1
chr9:71700000-71750000,up,0.0327861627754467,SCT_B,Fetal,1
chr4:8450000-8500000,up,0.0327785085316577,SCT,Fetal,1
chr2:164600000-164650000,up,0.0327743605164461,SCT_B,Fetal,1
chr1:202200000-202250000,up,0.0327560889220565,VCT,Fetal,0.999
chr7:28650000-28700000,up,0.032728567401981,SCT,Fetal,1
chr4:37700000-37750000,up,0.0327219178697806,SCT_B,Fetal,1
chr1:23900000-23950000,up,0.0327118221371376,dNK,Maternal,0.666
chr1:43650000-43700000,up,0.0326870762745213,SCT_B,Fetal,1
chr16:58050000-58100000,up,0.0326446760917895,VCT,Fetal,0.999
chr13:34200000-34250000,up,0.0326259361678812,SCT_A,Fetal,1
chr22:21350000-21400000,up,0.0325434130292086,SCT_B,Fetal,1
chr15:96750000-96800000,up,0.0325369304291055,VCT,Fetal,0.999
chr8:103700000-103750000,up,0.0325177507097492,SCT_B,Fetal,1
chr4:48300000-48350000,up,0.0325104145337912,SCT_B,Fetal,1
chr5:149100000-149150000,up,0.0324928213127968,SCT,Fetal,1
chr1:33700000-33750000,up,0.032490961063846,SCT,Fetal,1
chr8:96200000-96250000,up,0.0324896462192648,B,Maternal,0.659
chr13:73600000-73650000,up,0.0324438382590076,SCT_B,Fetal,1
chr6:27150000-27200000,up,0.0324397122038934,VCT,Fetal,0.999
chr6:138400000-138450000,up,0.0324260366785227,SCT_B,Fetal,1
chr22:39850000-39900000,up,0.0324008792207226,B,Maternal,0.659
chr6:110800000-110850000,up,0.032396993973648,SCT,Fetal,1
chr1:212750000-212800000,up,0.0323918045211757,SCT_B,Fetal,1
chr10:105250000-105300000,up,0.0323873604736281,SCT,Fetal,1
chr7:129950000-130000000,up,0.0323813133025856,SCT_B,Fetal,1
chr12:19550000-19600000,up,0.0323800660325294,SCT_B,Fetal,1
chr16:87800000-87850000,up,0.0323742765902592,SCT_B,Fetal,1
chr18:5600000-5650000,up,0.0323441955374133,proSCT,Fetal,0.997
chr20:22800000-22850000,up,0.0323421289978975,SCT_B,Fetal,1
chr1:151500000-151550000,up,0.0323340435482203,SCT_B,Fetal,1
chr13:44900000-44950000,up,0.0323238279266922,SCT_B,Fetal,1
chr14:64100000-64150000,up,0.0323208068815108,SCT_B,Fetal,1
chr6:107150000-107200000,up,0.0323124790126103,Epi,Maternal,0.991
chr10:73050000-73100000,up,0.0322821296509074,HB,Fetal,0.803
chr16:68000000-68050000,up,0.0322574224693549,SCT_B,Fetal,1
chr5:148850000-148900000,up,0.0322569958811668,EVT,Fetal,0.999
chr1:12500000-12550000,up,0.0322557644040504,Epi,Maternal,0.991
chr15:56300000-56350000,up,0.0322315968186997,SCT_B,Fetal,1
chr3:49500000-49550000,up,0.0322276913607383,SCT_B,Fetal,1
chr14:96100000-96150000,up,0.0321884275612213,SCT_B,Fetal,1
chr4:6250000-6300000,up,0.0321738761851375,cilated,Maternal,1
chr5:141900000-141950000,up,0.032172404953548,SCT,Fetal,1
chr10:91000000-91050000,up,0.032138060644823,SCT_A,Fetal,1
chr2:20550000-20600000,up,0.0321145379529309,VCT,Fetal,0.999
chr3:124550000-124600000,up,0.0321046832811512,HB,Fetal,0.803
chr8:124500000-124550000,up,0.0320966767085654,uDSC,Maternal,0.99
chr2:238600000-238650000,up,0.0320894099040672,aEC,Maternal,0.781
chr17:79950000-80000000,up,0.0320810002197852,eEVT,Fetal,1
chr10:5550000-5600000,up,0.0320750813586299,SCT_B,Fetal,1
chr5:31350000-31400000,up,0.0320654861245635,SCT,Fetal,1
chr19:40100000-40150000,up,0.032005785573897,SCT_B,Fetal,1
chr11:64200000-64250000,up,0.0320025213813678,VCT,Fetal,0.999
chr8:102350000-102400000,up,0.0319881494079671,SCT_B,Fetal,1
chr1:212600000-212650000,up,0.0319627869164656,SCT_B,Fetal,1
chr7:158600000-158650000,up,0.0319435525969594,T,Maternal,0.689
chr10:123700000-123750000,up,0.0319420514689719,SCT_B,Fetal,1
chr1:92250000-92300000,up,0.0319193126172695,SCT,Fetal,1
chr3:160700000-160750000,up,0.031906166203527,SCT,Fetal,1
chr13:21500000-21550000,up,0.0318948809099098,proSCT,Fetal,0.997
chr16:70700000-70750000,up,0.0318934226823526,eEVT,Fetal,1
chr7:127250000-127300000,up,0.0318889641588445,VCT,Fetal,0.999
chr3:141750000-141800000,up,0.0318772649172683,SCT_B,Fetal,1
chr9:127550000-127600000,up,0.0318657113696795,FB,Fetal,0.553
chr9:132050000-132100000,up,0.0318484205589192,SCT_B,Fetal,1
chr7:121050000-121100000,up,0.0318459625582448,SCT,Fetal,1
chr5:148400000-148450000,up,0.0318425795974067,SCT_B,Fetal,1
chr7:107950000-108000000,up,0.0318306932138982,SCT_B,Fetal,1
chr1:30850000-30900000,up,0.0318195270858275,proSCT,Fetal,0.997
chr9:74350000-74400000,up,0.0317775874596676,T,Maternal,0.689
chr2:228500000-228550000,up,0.031771853546703,proSCT,Fetal,0.997
chr15:47600000-47650000,up,0.0317639690561194,VCT,Fetal,0.999
chr7:25850000-25900000,up,0.0317463527765517,uDSC,Maternal,0.99
chr17:72950000-73000000,up,0.0317358418666229,GC,Fetal,0.929
chr9:96150000-96200000,up,0.0317191004099502,SCT,Fetal,1
chr10:64850000-64900000,up,0.0317052392704118,SCT_B,Fetal,1
chr14:68900000-68950000,up,0.0317022282059912,SCT_B,Fetal,1
chr5:138000000-138050000,up,0.0316531266482631,SCT,Fetal,1
chr12:50550000-50600000,up,0.0316438291685354,eEVT,Fetal,1
chr14:61800000-61850000,up,0.0316375046157187,T,Maternal,0.689
chr12:51700000-51750000,up,0.0316268906333316,eEVT,Fetal,1
chr19:40800000-40850000,up,0.0316202192131976,eEVT,Fetal,1
chr10:97300000-97350000,up,0.0316167897624768,SCT_B,Fetal,1
chr20:36750000-36800000,up,0.0316165907569853,GC,Fetal,0.929
chr7:55050000-55100000,up,0.0316081247432059,SCT_B,Fetal,1
chr1:6250000-6300000,up,0.0316036836433896,FB,Fetal,0.553
chr3:48350000-48400000,up,0.0315935779239204,SCT_B,Fetal,1
chr17:2850000-2900000,up,0.0315745653377223,SCT,Fetal,1
chr1:120050000-120100000,up,0.0315635447455357,SCT_B,Fetal,1
chr20:46100000-46150000,up,0.0315618390624624,B,Maternal,0.659
chr10:87400000-87450000,up,0.0315575591333157,iEVT,Fetal,1
chr3:42000000-42050000,up,0.0315557832434182,SCT_B,Fetal,1
chr6:33250000-33300000,up,0.0315402024193144,T,Maternal,0.689
chr19:49300000-49350000,up,0.0315362918307575,SCT_B,Fetal,1
chr10:120950000-121000000,up,0.0315141108444321,SCT_B,Fetal,1
chr7:134150000-134200000,up,0.0314935963687112,SCT,Fetal,1
chr8:142050000-142100000,up,0.0314915369881917,fEC,Fetal,0.868
chr17:40550000-40600000,up,0.0314776564420245,fEC,Fetal,0.868
chr3:30550000-30600000,up,0.0314713401296747,eEVT,Fetal,1
chr12:124000000-124050000,up,0.0314691471907669,EVT,Fetal,0.999
chr13:110900000-110950000,up,0.031462683119369,eEVT,Fetal,1
chr1:6500000-6550000,up,0.0314487150764488,cilated,Maternal,1
chr16:17600000-17650000,up,0.0314475682726169,EVT,Fetal,0.999
chr8:26000000-26050000,up,0.03142679175811,SCT_B,Fetal,1
chr11:10400000-10450000,up,0.031426439502933,SCT_B,Fetal,1
chr7:69100000-69150000,up,0.0314232021776139,SCT_B,Fetal,1
chr6:148550000-148600000,up,0.0314001353019247,EVT,Fetal,0.999
chr7:138300000-138350000,up,0.0313888916205447,VCT,Fetal,0.999
chr22:37300000-37350000,up,0.0313785401676665,eEVT,Fetal,1
chr9:90600000-90650000,up,0.0313534704479509,iEVT,Fetal,1
chr18:67900000-67950000,up,0.0313396376891513,SCT,Fetal,1
chr7:76050000-76100000,up,0.0313115276198312,SCT_B,Fetal,1
chr1:209950000-210000000,up,0.0313114133835979,cycling_VCT,Fetal,0.959
chr6:28700000-28750000,up,0.0313051379323003,VCT,Fetal,0.999
chr4:54450000-54500000,up,0.0312807497413286,SCT_B,Fetal,1
chr4:146650000-146700000,up,0.0312715591188399,SCT_B,Fetal,1
chr15:101250000-101300000,up,0.0312589736828889,SCT_B,Fetal,1
chr6:107200000-107250000,up,0.0312538751662954,Epi,Maternal,0.991
chr1:2000000-2050000,up,0.0312528149002252,SCT_B,Fetal,1
chr18:24100000-24150000,up,0.0312278429684663,cycling_VCT,Fetal,0.959
chr13:24700000-24750000,up,0.0312117071251242,SCT_B,Fetal,1
chr9:118900000-118950000,up,0.0311687323610711,SCT,Fetal,1
chr1:39550000-39600000,up,0.031160976428282,fEC,Fetal,0.868
chr5:149700000-149750000,up,0.0311595766924727,SCT_B,Fetal,1
chr9:95950000-96000000,up,0.0311381679525853,GC,Fetal,0.929
chr5:34500000-34550000,up,0.0311211683986441,proSCT,Fetal,0.997
chr13:110950000-111000000,up,0.0311008244430456,eEVT,Fetal,1
chr5:173250000-173300000,up,0.0310938354863745,HB,Fetal,0.803
chr5:71800000-71850000,up,0.0310782785702036,SCT_B,Fetal,1
chr16:4400000-4450000,up,0.0310779042793644,DSC_B,Maternal,0.993
chr20:13150000-13200000,up,0.0310737706438592,SCT,Fetal,1
chr11:62650000-62700000,up,0.0310583429773337,fEC,Fetal,0.868
chr4:41300000-41350000,up,0.0310536007853875,SCT_B,Fetal,1
chr17:48050000-48100000,up,0.031043458322257,SCT_B,Fetal,1
chr5:14900000-14950000,up,0.031038390912751,VCT,Fetal,0.999
chr9:118800000-118850000,up,0.0310124313362176,SCT_B,Fetal,1
chr5:96000000-96050000,up,0.0310108229059474,SCT,Fetal,1
chr3:177150000-177200000,up,0.0310023821723777,SCT_B,Fetal,1
chr15:49350000-49400000,up,0.0309884407239324,SCT,Fetal,1
chr5:150500000-150550000,up,0.0309736566534186,SCT_B,Fetal,1
chr13:44950000-45000000,up,0.0309694593325725,SCT,Fetal,1
chr4:185650000-185700000,up,0.0309679379980537,Epi,Maternal,0.991
chr1:31950000-32000000,up,0.0309649441037603,SCT_B,Fetal,1
chr20:45250000-45300000,up,0.0309641080745077,VCT,Fetal,0.999
chr11:122650000-122700000,up,0.0309624905773969,EVT,Fetal,0.999
chr21:43900000-43950000,up,0.0309474602050096,B,Maternal,0.659
chr19:34750000-34800000,up,0.0309383728652468,fEC,Fetal,0.868
chr9:98250000-98300000,up,0.0309223716834111,eS,Maternal,0.994
chr6:27200000-27250000,up,0.0309219329301363,SCT_A,Fetal,1
chr15:96850000-96900000,up,0.0309139097536718,eS,Maternal,0.994
chr6:11050000-11100000,up,0.0308902655778274,proSCT,Fetal,0.997
chr7:142900000-142950000,up,0.0308734382691927,SCT,Fetal,1
chr10:81850000-81900000,up,0.0308460662996645,iEVT,Fetal,1
chr20:36150000-36200000,up,0.0308269840878565,EVT,Fetal,0.999
chr1:27850000-27900000,up,0.0308128421934264,eS,Maternal,0.994
chr18:9650000-9700000,up,0.030797924581612,SCT_B,Fetal,1
chr11:122250000-122300000,up,0.0307825959519466,proSCT,Fetal,0.997
chr1:214600000-214650000,up,0.0307816056353882,dNK,Maternal,0.666
chr1:87750000-87800000,up,0.0307776514916191,SCT_B,Fetal,1
chr18:55800000-55850000,up,0.0307662512612418,proSCT,Fetal,0.997
chr7:7350000-7400000,up,0.0307652123711483,SCT,Fetal,1
chr2:28850000-28900000,up,0.030763884829353,GC,Fetal,0.929
chr1:63200000-63250000,up,0.0307502310616314,SCT_B,Fetal,1
chr6:161300000-161350000,up,0.0307493981508658,proSCT,Fetal,0.997
chr14:23300000-23350000,up,0.03074918576476,eS,Maternal,0.994
chr14:32400000-32450000,up,0.0307042985234433,iEVT,Fetal,1
chr1:40450000-40500000,up,0.0306941865041057,SCT,Fetal,1
chr11:111750000-111800000,up,0.0306836820636406,SCT_B,Fetal,1
chr6:26000000-26050000,up,0.0306681697485716,T,Maternal,0.689
chr16:25050000-25100000,up,0.0306633744360005,SCT_B,Fetal,1
chr22:30700000-30750000,up,0.0306472751877741,eEVT,Fetal,1
chr6:82300000-82350000,up,0.0306336177667728,SCT_B,Fetal,1
chr4:41200000-41250000,up,0.0306104285450337,SCT,Fetal,1
chr7:7200000-7250000,up,0.0305918291606873,SCT_B,Fetal,1
chr4:53800000-53850000,up,0.0305520919934216,SCT_A,Fetal,1
chr2:188350000-188400000,up,0.0305497270315981,SCT_B,Fetal,1
chr10:60900000-60950000,up,0.0305112365836714,SCT,Fetal,1
chr3:194400000-194450000,up,0.0305065722423813,eEVT,Fetal,1
chr22:36400000-36450000,up,0.030466721364737,eEVT,Fetal,1
chr1:42600000-42650000,up,0.0304643224952466,SCT_B,Fetal,1
chr12:33050000-33100000,up,0.0304541431235863,EVT,Fetal,0.999
chr1:185600000-185650000,up,0.030451440420639,SCT_B,Fetal,1
chr3:122750000-122800000,up,0.0304417753547474,eEVT,Fetal,1
chr11:45800000-45850000,up,0.0304312812534402,FB,Fetal,0.553
chr8:134700000-134750000,up,0.0304182385248101,SCT_B,Fetal,1
chr12:56400000-56450000,up,0.0304178864605112,proSCT,Fetal,0.997
chr2:189150000-189200000,up,0.0304090480100038,SCT_B,Fetal,1
chr2:110450000-110500000,up,0.0304006155692969,SCT_B,Fetal,1
chr10:7250000-7300000,up,0.0303612648279379,dNK,Maternal,0.666
chr12:104150000-104200000,up,0.0303435949844079,SCT,Fetal,1
chr4:40650000-40700000,up,0.0303234377628308,SCT_B,Fetal,1
chr9:33100000-33150000,up,0.0303134382248512,SCT,Fetal,1
chr9:90350000-90400000,up,0.0303116174395316,SCT_B,Fetal,1
chr8:102400000-102450000,up,0.0303114800716734,SCT_B,Fetal,1
chr6:6850000-6900000,up,0.0303029291699411,SCT,Fetal,1
chr10:8050000-8100000,up,0.0302974097497111,eEVT,Fetal,1
chr11:78050000-78100000,up,0.0302912953455544,SCT_A,Fetal,1
chr3:50200000-50250000,up,0.0302865883954343,VCT,Fetal,0.999
chr11:123000000-123050000,up,0.0302864213508996,FB,Fetal,0.553
chr1:151550000-151600000,up,0.0302743918798057,SCT_B,Fetal,1
chr2:106450000-106500000,up,0.0302681610587954,VCT,Fetal,0.999
chr14:74250000-74300000,up,0.0302559836931363,fEC,Fetal,0.868
chr19:32800000-32850000,up,0.0302557219275391,SCT_B,Fetal,1
chr19:30150000-30200000,up,0.0302443993660869,T,Maternal,0.689
chr7:139100000-139150000,up,0.0302360691451317,iEVT,Fetal,1
chr17:61900000-61950000,up,0.0302359909370208,SCT_B,Fetal,1
chr16:11350000-11400000,up,0.0302347409209963,B,Maternal,0.659
chr9:38150000-38200000,up,0.0302280870473315,SCT_B,Fetal,1
chr12:6050000-6100000,up,0.0302241305862191,SCT_B,Fetal,1
chr6:157000000-157050000,up,0.0302237039459348,SCT_B,Fetal,1
chr9:112300000-112350000,up,0.0302200819971185,SCT,Fetal,1
chr17:42150000-42200000,up,0.0302171289172089,SCT_B,Fetal,1
chr10:51500000-51550000,up,0.0302149210910078,VCT,Fetal,0.999
chr15:69400000-69450000,up,0.0301974008914546,SCT_A,Fetal,1
chr1:109750000-109800000,up,0.0301953117666752,EVT,Fetal,0.999
chr14:65800000-65850000,up,0.0301883531289952,SCT,Fetal,1
chr1:235550000-235600000,up,0.0301853283338048,SCT,Fetal,1
chr2:33150000-33200000,up,0.0301775887363497,SCT,Fetal,1
chr6:44600000-44650000,up,0.0301700722550915,SCT_A,Fetal,1
chr15:93350000-93400000,up,0.0301609963924514,SCT_B,Fetal,1
chr20:55300000-55350000,up,0.0301358904255206,SCT,Fetal,1
chr19:53050000-53100000,up,0.0301348509635238,SCT_B,Fetal,1
chr1:92350000-92400000,up,0.030128083055958,SCT_B,Fetal,1
chr3:140950000-141000000,up,0.0301262129510286,T,Maternal,0.689
chr1:152050000-152100000,up,0.030124047294469,SCT,Fetal,1
chr13:22600000-22650000,up,0.0301190893948619,VCT,Fetal,0.999
chr15:99400000-99450000,up,0.0301087173869601,avVCT,Fetal,0.964
chr18:45950000-46000000,up,0.0301021692296671,proSCT,Fetal,0.997
chr4:57600000-57650000,up,0.0300990575797321,SCT_B,Fetal,1
chr17:27650000-27700000,up,0.0300819092332452,SCT,Fetal,1
chr6:108300000-108350000,up,0.0300242681632437,SCT_B,Fetal,1
chr3:13600000-13650000,up,0.0300205146093325,SCT_A,Fetal,1
chr2:128350000-128400000,up,0.0299941377761444,eEVT,Fetal,1
chr7:55000000-55050000,up,0.0299676724995824,SCT_B,Fetal,1
chr4:10300000-10350000,up,0.0299552790100802,pEVT,Fetal,0.968
chr17:26650000-26700000,up,0.0299251818600966,vEC,Maternal,0.8
chr1:25950000-26000000,up,0.0299190586223462,SCT,Fetal,1
chr7:148900000-148950000,up,0.0299189933785097,SCT_B,Fetal,1
chr2:39650000-39700000,up,0.0299160927882571,SCT,Fetal,1
chr7:112050000-112100000,up,0.0299139220238308,SCT_B,Fetal,1
chr6:157850000-157900000,up,0.0299111340201704,proSCT,Fetal,0.997
chr1:9150000-9200000,up,0.0299046264375428,SCT,Fetal,1
chr14:75900000-75950000,up,0.029895097456472,SCT_B,Fetal,1
chr20:24900000-24950000,up,0.0298928900988303,dNK,Maternal,0.666
chr3:24150000-24200000,up,0.0298924188215043,SCT_A,Fetal,1
chr13:33750000-33800000,up,0.0298722720194636,fEC,Fetal,0.868
chr21:41150000-41200000,up,0.0298696476009609,SCT_B,Fetal,1
chr3:11800000-11850000,up,0.0298649435596959,SCT_B,Fetal,1
chr14:69100000-69150000,up,0.0298452948513897,SCT_B,Fetal,1
chr1:28850000-28900000,up,0.029832149927081,SCT_B,Fetal,1
chr18:55850000-55900000,up,0.0298237943414503,Epi,Maternal,0.991
chr12:57000000-57050000,up,0.0298114352185188,SCT_B,Fetal,1
chr6:41700000-41750000,up,0.029792527250275,cycling_VCT,Fetal,0.959
chr21:38700000-38750000,up,0.029790158118144,SCT_B,Fetal,1
chr10:123250000-123300000,up,0.0297843038736226,Epi,Maternal,0.991
chr22:33050000-33100000,up,0.029778711902597,EVT,Fetal,0.999
chr2:143650000-143700000,up,0.0297676827652358,SCT_B,Fetal,1
chr4:129250000-129300000,up,0.0297656729180152,SCT_B,Fetal,1
chr2:129050000-129100000,up,0.0297630391952944,pEVT,Fetal,0.968
chr17:73950000-74000000,up,0.0297489489149549,SCT_B,Fetal,1
chr7:137650000-137700000,up,0.0297059484338172,SCT_B,Fetal,1
chr19:22050000-22100000,up,0.0296761713545382,EVT,Fetal,0.999
chr20:57400000-57450000,up,0.0296755941318789,VCT,Fetal,0.999
chr19:54150000-54200000,up,0.0296730306578271,avVCT,Fetal,0.964
chr17:63550000-63600000,up,0.0296719789482648,eS,Maternal,0.994
chr1:198050000-198100000,up,0.0296719185127555,SCT_B,Fetal,1
chr17:12600000-12650000,up,0.029670375006625,SCT_B,Fetal,1
chr4:48050000-48100000,up,0.029662407640257,SCT_B,Fetal,1
chr11:118850000-118900000,up,0.0296559813392803,T,Maternal,0.689
chr11:700000-750000,up,0.0296503645286354,GC,Fetal,0.929
chr5:66300000-66350000,up,0.0296348020313439,proSCT,Fetal,0.997
chr2:203750000-203800000,up,0.0296312348575795,SCT_B,Fetal,1
chr16:48500000-48550000,up,0.0296247301046496,proSCT,Fetal,0.997
chr12:117550000-117600000,up,0.0296186035758536,Epi,Maternal,0.991
chr3:39150000-39200000,up,0.0296077363531295,SCT_B,Fetal,1
chr3:194700000-194750000,up,0.0296052947112445,SCT,Fetal,1
chr17:79000000-79050000,up,0.0296043146568856,GC,Fetal,0.929
chr1:175300000-175350000,up,0.0295855610803066,SCT,Fetal,1
chr5:65800000-65850000,up,0.0295731502768798,SCT_B,Fetal,1
chr1:220950000-221000000,up,0.0295504656620174,VCT,Fetal,0.999
chr3:124300000-124350000,up,0.0295240036210602,SCT,Fetal,1
chr9:90000000-90050000,up,0.0295190264055299,SCT_B,Fetal,1
chr6:137950000-138000000,up,0.0295071477354115,SCT,Fetal,1
chr11:47200000-47250000,up,0.0294834410185051,SCT_B,Fetal,1
chr7:42250000-42300000,up,0.0294538229348201,proSCT,Fetal,0.997
chr9:7100000-7150000,up,0.0294530171718125,SCT,Fetal,1
chr2:129100000-129150000,up,0.0294510468999787,pEVT,Fetal,0.968
chr5:73650000-73700000,up,0.0294498017304316,iEVT,Fetal,1
chr9:93700000-93750000,up,0.0294463671362693,SCT_A,Fetal,1
chr1:26350000-26400000,up,0.0294418793585449,SCT_B,Fetal,1
chr1:201400000-201450000,up,0.0294400527665556,GC,Fetal,0.929
chr10:7700000-7750000,up,0.0294309729288458,VCT,Fetal,0.999
chr7:112300000-112350000,up,0.0294297491650925,SCT,Fetal,1
chr1:166850000-166900000,up,0.0294282508192185,SCT_B,Fetal,1
chr14:103000000-103050000,up,0.0294130152507212,EVT,Fetal,0.999
chr16:30850000-30900000,up,0.0294057644456883,EVT,Fetal,0.999
chr11:120750000-120800000,up,0.0293853342026286,SCT_B,Fetal,1
chr15:65200000-65250000,up,0.0293753852903462,SCT,Fetal,1
chr14:64650000-64700000,up,0.0293747593706052,proSCT,Fetal,0.997
chr16:74500000-74550000,up,0.0293715614600084,SCT,Fetal,1
chr5:34900000-34950000,up,0.0293706010369015,SCT_B,Fetal,1
chr5:115100000-115150000,up,0.0293624804106998,proSCT,Fetal,0.997
chr3:134100000-134150000,up,0.0293537969380617,SCT_B,Fetal,1
chr5:77950000-78000000,up,0.029332323988665,SCT_B,Fetal,1
chr6:53300000-53350000,up,0.0293221481338374,SCT,Fetal,1
chr2:23700000-23750000,up,0.0293187578747255,VCT,Fetal,0.999
chr20:15000000-15050000,up,0.0292897637400482,SCT_B,Fetal,1
chr1:200600000-200650000,up,0.0292711213343338,SCT_B,Fetal,1
chr11:350000-400000,up,0.0292690738268338,dNK,Maternal,0.666
chr19:49100000-49150000,up,0.0292518358682072,cDC,Unknown,0.507
chr22:31950000-32000000,up,0.0292241657210475,SCT,Fetal,1
chr5:149450000-149500000,up,0.0292062139274278,HB,Fetal,0.803
chr8:6750000-6800000,up,0.0292037264440165,SCT_B,Fetal,1
chr20:10600000-10650000,up,0.029187180857983,cilated,Maternal,1
chr12:50000-100000,up,0.0291868168491661,SCT_B,Fetal,1
chr7:44200000-44250000,up,0.0291820668405721,SCT,Fetal,1
chr19:23950000-24000000,up,0.0291813585865909,SCT_A,Fetal,1
chr3:150500000-150550000,up,0.029180725429033,SCT,Fetal,1
chr21:33200000-33250000,up,0.029174113642224,eEVT,Fetal,1
chr15:51650000-51700000,up,0.029166006654104,SCT,Fetal,1
chr20:39600000-39650000,up,0.0291596408893677,SCT_B,Fetal,1
chr6:37100000-37150000,up,0.0291578170149651,T,Maternal,0.689
chr21:46900000-46950000,up,0.0291468828064363,VCT,Fetal,0.999
chr15:37350000-37400000,up,0.0291450145983481,vEC,Maternal,0.8
chr16:75250000-75300000,up,0.0291383170009709,pvSMC,Maternal,0.456
chr12:52600000-52650000,up,0.0291344440574118,eEVT,Fetal,1
chr18:11950000-12000000,up,0.029130817473392,SCT_B,Fetal,1
chr2:241300000-241350000,up,0.0291241090067996,FB,Fetal,0.553
chr6:27500000-27550000,up,0.0291088395952184,VCT,Fetal,0.999
chr9:110150000-110200000,up,0.0291038227193093,SCT_B,Fetal,1
chr3:159450000-159500000,up,0.0290971440357803,fEC,Fetal,0.868
chr15:31650000-31700000,up,0.0290953332618708,T,Maternal,0.689
chr19:41250000-41300000,up,0.0290815589597599,T,Maternal,0.689
chr1:55250000-55300000,up,0.0290811939457691,dNK,Maternal,0.666
chr10:8200000-8250000,up,0.0290802831229691,SCT_B,Fetal,1
chr1:43700000-43750000,up,0.0290792509340603,cilated,Maternal,1
chr20:25800000-25850000,up,0.0290781166499775,pvSMC,Maternal,0.456
chr5:98100000-98150000,up,0.0290683497343364,Epi,Maternal,0.991
chr1:156700000-156750000,up,0.029062826136313,SCT_B,Fetal,1
chr21:46250000-46300000,up,0.0290569167430636,SCT_B,Fetal,1
chr1:56250000-56300000,up,0.0290559004134334,SCT,Fetal,1
chr6:113650000-113700000,up,0.0290306719620599,SCT_B,Fetal,1
chr2:172050000-172100000,up,0.0290035221173013,SCT_B,Fetal,1
chr9:38000000-38050000,up,0.0290017834370362,Epi,Maternal,0.991
chr8:19500000-19550000,up,0.0289942741763017,SCT_B,Fetal,1
chr19:52400000-52450000,up,0.028988781368808,SCT_B,Fetal,1
chr6:47100000-47150000,up,0.0289852574930996,SCT_B,Fetal,1
chr20:12950000-13000000,up,0.0289850767981302,SCT_B,Fetal,1
chr8:99800000-99850000,up,0.0289706528878871,SCT_B,Fetal,1
chr1:56500000-56550000,up,0.0289586671970823,SCT,Fetal,1
chr1:179800000-179850000,up,0.0289502400291531,iEVT,Fetal,1
chr3:31300000-31350000,up,0.0289493356718059,SCT,Fetal,1
chr19:53200000-53250000,up,0.028943336960163,SCT_B,Fetal,1
chr20:21700000-21750000,up,0.0289363900586395,VCT,Fetal,0.999
chr1:12050000-12100000,up,0.0289208259203565,EVT,Fetal,0.999
chr19:57350000-57400000,up,0.0289022030420341,VCT,Fetal,0.999
chr2:28750000-28800000,up,0.028901155359344,dNK,Maternal,0.666
chr11:2750000-2800000,up,0.0288840028873578,eEVT,Fetal,1
chr5:173850000-173900000,up,0.0288833352869974,cycling_VCT,Fetal,0.959
chr6:9500000-9550000,up,0.028882350273811,SCT,Fetal,1
chr8:67100000-67150000,up,0.0288795432428384,SCT_B,Fetal,1
chr8:29600000-29650000,up,0.0288489631492408,SCT_B,Fetal,1
chr9:71100000-71150000,up,0.02884813383848,SCT_B,Fetal,1
chr8:95650000-95700000,up,0.0288474728492314,cycling_VCT,Fetal,0.959
chr15:90650000-90700000,up,0.0288227630639888,Ery,Fetal,0.612
chr19:46250000-46300000,up,0.0288099007334134,eS,Maternal,0.994
chr1:39200000-39250000,up,0.0287993539274121,SCT,Fetal,1
chr9:89300000-89350000,up,0.0287942009369046,SCT,Fetal,1
chr17:40400000-40450000,up,0.0287851475385314,SCT_B,Fetal,1
chr5:36150000-36200000,up,0.02877383748932,VCT,Fetal,0.999
chr9:89850000-89900000,up,0.0287618055976269,SCT_B,Fetal,1
chr22:38650000-38700000,up,0.0287459763086603,GC,Fetal,0.929
chr21:46400000-46450000,up,0.0287211789538767,SCT,Fetal,1
chr8:67350000-67400000,up,0.0287074048402099,SCT_B,Fetal,1
chr1:230950000-231000000,up,0.0287018940619698,pvSMC,Maternal,0.456
chr17:63500000-63550000,up,0.0287014415418271,pEVT,Fetal,0.968
chr17:9100000-9150000,up,0.028677881638718,SCT_B,Fetal,1
chr1:229350000-229400000,up,0.0286666318230562,SCT_B,Fetal,1
chr13:52550000-52600000,up,0.028653525605067,VCT,Fetal,0.999
chr7:92100000-92150000,up,0.0286458996001435,SCT_B,Fetal,1
chr17:80100000-80150000,up,0.0286449441662269,eEVT,Fetal,1
chr16:17650000-17700000,up,0.0286400081414913,iEVT,Fetal,1
chr11:57350000-57400000,up,0.0286333633369768,eEVT,Fetal,1
chr17:77000000-77050000,up,0.0286307987629351,SCT_B,Fetal,1
chr12:69800000-69850000,up,0.0286260939784475,SCT,Fetal,1
chr8:8850000-8900000,up,0.0286115599884496,SCT,Fetal,1
chr3:197000000-197050000,up,0.0286088070885886,SCT,Fetal,1
chr15:74700000-74750000,up,0.0285987577502149,SCT_B,Fetal,1
chr11:64000000-64050000,up,0.0285838156907521,GC,Fetal,0.929
chr19:43350000-43400000,up,0.0285831252577021,SCT_B,Fetal,1
chr22:32350000-32400000,up,0.028575867942321,Epi,Maternal,0.991
chr20:30300000-30350000,up,0.0285729363683823,dNK,Maternal,0.666
chr2:228550000-228600000,up,0.028570515700472,SCT_B,Fetal,1
chr13:20350000-20400000,up,0.0285657274322889,eEVT,Fetal,1
chr12:50950000-51000000,up,0.0285491332038025,SCT_B,Fetal,1
chr9:101400000-101450000,up,0.028545217802539,SCT,Fetal,1
chr6:76050000-76100000,up,0.0285385942924344,SCT_B,Fetal,1
chr3:185850000-185900000,up,0.0285311105145722,SCT,Fetal,1
chr20:49900000-49950000,up,0.028519962907994,SCT_B,Fetal,1
chr6:12750000-12800000,up,0.0285171796729308,iEVT,Fetal,1
chr7:75550000-75600000,up,0.0285026600214639,SCT_B,Fetal,1
chr16:70400000-70450000,up,0.0284986224785895,SCT_B,Fetal,1
chr22:45900000-45950000,up,0.0284800366812684,DSC_A,Maternal,0.902
chr2:106000000-106050000,up,0.02847942289693,pEVT,Fetal,0.968
chr10:122800000-122850000,up,0.0284732334741186,SCT,Fetal,1
chr1:228600000-228650000,up,0.0284728408430054,SCT,Fetal,1
chr1:214650000-214700000,up,0.0284721355540971,iEVT,Fetal,1
chr6:80000000-80050000,up,0.0284542550679029,SCT_B,Fetal,1
chr10:25100000-25150000,up,0.0284436841657255,SCT_B,Fetal,1
chr6:30850000-30900000,up,0.0284228914467308,cilated,Maternal,1
chr22:32000000-32050000,up,0.0284218778233485,VCT,Fetal,0.999
chr17:80050000-80100000,up,0.0283873164775379,T,Maternal,0.689
chr13:47100000-47150000,up,0.0283582636479581,SCT_B,Fetal,1
chr14:98150000-98200000,up,0.0283534395807894,SCT_B,Fetal,1
chr7:800000-850000,up,0.0283327153180324,uDSC,Maternal,0.99
chr17:41400000-41450000,up,0.0283294902532501,FB,Fetal,0.553
chr3:61500000-61550000,up,0.0283146582359171,cycling_VCT,Fetal,0.959
chr4:175450000-175500000,up,0.0283094539178437,SCT,Fetal,1
chr18:45650000-45700000,up,0.0282968607280946,proSCT,Fetal,0.997
chr6:3900000-3950000,up,0.0282957364763258,SCT_B,Fetal,1
chr6:138600000-138650000,up,0.0282495676648727,SCT_A,Fetal,1
chr1:224400000-224450000,up,0.0282481516300281,fEC,Fetal,0.868
chr7:134300000-134350000,up,0.0282340381956993,SCT,Fetal,1
chr3:193600000-193650000,up,0.0282336304417895,SCT,Fetal,1
chr2:163300000-163350000,up,0.0282246151853634,SCT,Fetal,1
chr2:9950000-10000000,up,0.0282150115696573,SCT_B,Fetal,1
chr5:53800000-53850000,up,0.028206538862301,dNK,Maternal,0.666
chr9:131750000-131800000,up,0.0281994857266229,SCT_B,Fetal,1
chr7:16650000-16700000,up,0.0281925421466484,SCT_B,Fetal,1
chr14:69050000-69100000,up,0.0281570643820121,SCT_B,Fetal,1
chr14:69300000-69350000,up,0.0281489881931459,SCT,Fetal,1
chr7:4650000-4700000,up,0.028146618853975,HB,Fetal,0.803
chr17:73650000-73700000,up,0.0281457664926094,SCT_B,Fetal,1
chr9:71350000-71400000,up,0.0281409078917314,SCT,Fetal,1
chr12:96000000-96050000,up,0.0281355717602621,iEVT,Fetal,1
chr3:107700000-107750000,up,0.0281320321219619,SCT,Fetal,1
chr11:69200000-69250000,up,0.0281282550969812,HB,Fetal,0.803
chr1:220850000-220900000,up,0.0281215237054074,SCT_B,Fetal,1
chr3:194000000-194050000,up,0.0281158119876542,fEC,Fetal,0.868
chr11:10600000-10650000,up,0.0281131672540977,HB,Fetal,0.803
chr2:75750000-75800000,up,0.0281095842945124,proSCT,Fetal,0.997
chr1:232650000-232700000,up,0.0281011210901616,eEVT,Fetal,1
chr7:116150000-116200000,up,0.0280802512274838,fEC,Fetal,0.868
chr1:245250000-245300000,up,0.0280657488411493,EVT,Fetal,0.999
chr9:84300000-84350000,up,0.0280471289461022,B,Maternal,0.659
chr8:126450000-126500000,up,0.0280455403792375,SCT_B,Fetal,1
chr1:22700000-22750000,up,0.0280311607874993,eEVT,Fetal,1
chr22:18450000-18500000,up,0.0280287265896472,eEVT,Fetal,1
chr11:134400000-134450000,up,0.028019378249024,SCT,Fetal,1
chr12:120700000-120750000,up,0.0280078515718198,SCT_B,Fetal,1
chr20:49150000-49200000,up,0.0280048216019098,VCT,Fetal,0.999
chr1:25850000-25900000,up,0.0279843662498716,SCT_B,Fetal,1
chr16:14400000-14450000,up,0.0279806261943039,EVT,Fetal,0.999
chr1:113700000-113750000,up,0.0279618789880424,VCT,Fetal,0.999
chr11:60050000-60100000,up,0.0279610454592371,SCT_B,Fetal,1
chr2:19300000-19350000,up,0.0279563803579364,SCT_B,Fetal,1
chr7:107600000-107650000,up,0.027949767893523,uDSC,Maternal,0.99
chr11:123200000-123250000,up,0.0279449823991783,SCT,Fetal,1
chr17:56450000-56500000,up,0.0279335479899756,VCT,Fetal,0.999
chr6:125400000-125450000,up,0.0279195348672312,VCT,Fetal,0.999
chr11:33750000-33800000,up,0.0279080032773679,SCT_B,Fetal,1
chr6:52850000-52900000,up,0.0279018160376807,SCT_B,Fetal,1
chr16:25200000-25250000,up,0.0278762071314507,SCT_B,Fetal,1
chr4:89350000-89400000,up,0.0278531905400018,cycling_VCT,Fetal,0.959
chr1:145350000-145400000,up,0.0278324726529376,proSCT,Fetal,0.997
chr2:73300000-73350000,up,0.027826721060602,SCT_B,Fetal,1
chr2:149350000-149400000,up,0.0278248566770375,SCT_B,Fetal,1
chr4:85500000-85550000,up,0.0278197548916998,SCT_B,Fetal,1
chr3:141100000-141150000,up,0.0278147505281616,SCT_B,Fetal,1
chr2:101500000-101550000,up,0.0277943655722466,SCT,Fetal,1
chr16:81550000-81600000,up,0.0277930922581487,avVCT,Fetal,0.964
chr6:138700000-138750000,up,0.0277900695421375,SCT_B,Fetal,1
chr5:173900000-173950000,up,0.0277846195336103,SCT_B,Fetal,1
chr10:128550000-128600000,up,0.0277783087724022,SCT_B,Fetal,1
chr1:26400000-26450000,up,0.0277450935569556,SCT_B,Fetal,1
chr3:11750000-11800000,up,0.0277431328250805,EVT,Fetal,0.999
chr20:18250000-18300000,up,0.027736800175088,SCT_B,Fetal,1
chr3:150050000-150100000,up,0.0277344734940625,SCT_B,Fetal,1
chr15:85450000-85500000,up,0.0277268165787948,SCT_B,Fetal,1
chr12:125300000-125350000,up,0.0277241992420061,fEC,Fetal,0.868
chr4:40400000-40450000,up,0.0277169558138125,proSCT,Fetal,0.997
chr2:220500000-220550000,up,0.0277076284832139,VCT,Fetal,0.999
chr9:78950000-79000000,up,0.0276977515785544,iEVT,Fetal,1
chr4:120200000-120250000,up,0.027671742887965,SCT_B,Fetal,1
chr1:62750000-62800000,up,0.0276714327450865,VCT,Fetal,0.999
chr17:76950000-77000000,up,0.0276645840103762,SCT_B,Fetal,1
chr6:31650000-31700000,up,0.0276539354569512,HB,Fetal,0.803
chr1:223650000-223700000,up,0.0276519487711688,Epi,Maternal,0.991
chr1:160050000-160100000,up,0.0276420091775024,SCT_B,Fetal,1
chr1:62650000-62700000,up,0.0276416890902007,VCT,Fetal,0.999
chr12:56550000-56600000,up,0.0276379497749218,B,Maternal,0.659
chr15:44050000-44100000,up,0.0276097580799427,B,Maternal,0.659
chr18:46450000-46500000,up,0.0276054104080588,dNK,Maternal,0.666
chr10:65250000-65300000,up,0.0275728516108607,SCT_B,Fetal,1
chr15:90250000-90300000,up,0.0275650051801831,VCT,Fetal,0.999
chr12:48300000-48350000,up,0.0275500582936776,SCT_B,Fetal,1
chr6:79900000-79950000,up,0.0275282957790654,EVT,Fetal,0.999
chr5:102550000-102600000,up,0.027508068839365,Ery,Fetal,0.612
chr8:8300000-8350000,up,0.0275077921921216,VCT,Fetal,0.999
chr12:32100000-32150000,up,0.0275034597686733,T,Maternal,0.689
chr9:25600000-25650000,up,0.027492580069815,SCT_A,Fetal,1
chr12:26950000-27000000,up,0.0274570990724814,EVT,Fetal,0.999
chr8:71200000-71250000,up,0.0274475242043778,SCT,Fetal,1
chr20:17700000-17750000,up,0.0274405985468487,SCT_B,Fetal,1
chr1:172400000-172450000,up,0.027436156591256,avVCT,Fetal,0.964
chr8:134550000-134600000,up,0.0274290480623468,SCT,Fetal,1
chr14:64300000-64350000,up,0.0274205869083954,T,Maternal,0.689
chr8:90800000-90850000,up,0.0274168722799844,SCT,Fetal,1
chr4:122650000-122700000,up,0.0274125420037885,SCT_A,Fetal,1
chr7:152350000-152400000,up,0.0274095463690917,SCT_B,Fetal,1
chr1:116650000-116700000,up,0.0273999807903115,Epi,Maternal,0.991
chr9:133700000-133750000,up,0.0273988051673729,eS,Maternal,0.994
chr18:47250000-47300000,up,0.0273753871653802,VCT,Fetal,0.999
chr2:37150000-37200000,up,0.0273746128736314,T,Maternal,0.689
chr1:56450000-56500000,up,0.0273710554969992,SCT,Fetal,1
chr1:150850000-150900000,up,0.027364418878689,SCT,Fetal,1
chr2:215950000-216000000,up,0.0273517988988399,SCT,Fetal,1
chr1:56650000-56700000,up,0.027343100516525,SCT,Fetal,1
chr2:86400000-86450000,up,0.0273308218803135,T,Maternal,0.689
chr4:37400000-37450000,up,0.0273146763611286,SCT_B,Fetal,1
chr1:95500000-95550000,up,0.0273140136012391,fEC,Fetal,0.868
chr3:182750000-182800000,up,0.0273106469172915,SCT_A,Fetal,1
chr5:150950000-151000000,up,0.0273092568380057,eEVT,Fetal,1
chr9:134600000-134650000,up,0.0272942126841494,SCT_B,Fetal,1
chr10:21450000-21500000,up,0.0272936489427008,SCT_B,Fetal,1
chr1:174900000-174950000,up,0.0272900349839552,SCT,Fetal,1
chr15:78350000-78400000,up,0.0272850641609948,SCT_B,Fetal,1
chr14:90900000-90950000,up,0.0272838197332321,SCT_B,Fetal,1
chr7:22700000-22750000,up,0.0272833175425651,iEVT,Fetal,1
chr17:71600000-71650000,up,0.0272772691359416,eS,Maternal,0.994
chr9:130850000-130900000,up,0.0272187917036365,vEC,Maternal,0.8
chr7:134100000-134150000,up,0.0272120276629831,SCT,Fetal,1
chr21:34100000-34150000,up,0.0271966775630653,SCT,Fetal,1
chr10:8100000-8150000,up,0.0271891729431129,eEVT,Fetal,1
chr17:3700000-3750000,up,0.0271838120950424,VCT,Fetal,0.999
chr14:71100000-71150000,up,0.0271813925833527,SCT_B,Fetal,1
chr2:72000000-72050000,up,0.0271753422795873,eEVT,Fetal,1
chr10:11700000-11750000,up,0.0271553283458875,SCT,Fetal,1
chr12:600000-650000,up,0.0271361879503654,Epi,Maternal,0.991
chr16:89850000-89900000,up,0.027065365848961,SCT_B,Fetal,1
chr1:87900000-87950000,up,0.0270474533383624,iEVT,Fetal,1
chr12:110300000-110350000,up,0.0270448472314655,GC,Fetal,0.929
chr16:21500000-21550000,up,0.0270398368679879,Ery,Fetal,0.612
chr19:53850000-53900000,up,0.0270044848844602,SCT_B,Fetal,1
chr2:160300000-160350000,up,0.0269997768821915,SCT_A,Fetal,1
chr9:95450000-95500000,up,0.0269777895876514,VCT,Fetal,0.999
chr2:48250000-48300000,up,0.0269748056529845,SCT_B,Fetal,1
chr2:25450000-25500000,up,0.0269742392681379,VCT,Fetal,0.999
chr5:125750000-125800000,up,0.0269605940959477,SCT,Fetal,1
chr2:74200000-74250000,up,0.0269466416241181,eEVT,Fetal,1
chr3:106900000-106950000,up,0.0269433262843928,SCT_A,Fetal,1
chr1:224450000-224500000,up,0.0269068256421486,SCT_B,Fetal,1
chr17:53400000-53450000,up,0.026905855813422,SCT_B,Fetal,1
chr7:100450000-100500000,up,0.0269024341264468,eS,Maternal,0.994
chr20:5500000-5550000,up,0.0268894743225041,SCT,Fetal,1
chr15:97550000-97600000,up,0.0268689641378401,VCT,Fetal,0.999
chr1:23850000-23900000,up,0.0268636259360548,GC,Fetal,0.929
chr9:700000-750000,up,0.0268595177682671,proSCT,Fetal,0.997
chr18:72200000-72250000,up,0.0268541328354049,eS,Maternal,0.994
chr5:16700000-16750000,up,0.0268279461063628,proSCT,Fetal,0.997
chr19:11950000-12000000,up,0.0268011552852476,EVT,Fetal,0.999
chr18:51750000-51800000,up,0.0267920252856791,SCT_B,Fetal,1
chr20:700000-750000,up,0.0267892597840264,SCT_B,Fetal,1
chr5:86350000-86400000,up,0.0267793903344649,SCT_B,Fetal,1
chr1:23500000-23550000,up,0.0267785854432605,SCT_B,Fetal,1
chr4:76450000-76500000,up,0.0267475474158257,SCT_B,Fetal,1
chr8:22450000-22500000,up,0.0267396582922315,vEC,Maternal,0.8
chr6:139000000-139050000,up,0.0267374917120908,SCT_B,Fetal,1
chr2:24200000-24250000,up,0.0267324482399352,SCT_B,Fetal,1
chr3:185800000-185850000,up,0.0267279035013313,CD14_M,Maternal,0.889
chr14:74000000-74050000,up,0.0267124628310842,SCT,Fetal,1
chr14:106050000-106100000,up,0.0267076208817259,SCT,Fetal,1
chr21:27750000-27800000,up,0.0267060575066243,SCT,Fetal,1
chr9:134250000-134300000,up,0.0266864762648139,eEVT,Fetal,1
chr8:144100000-144150000,up,0.0266802949347082,eEVT,Fetal,1
chr12:122900000-122950000,up,0.0266770446140186,SCT_B,Fetal,1
chr7:26650000-26700000,up,0.0266655687505126,SCT,Fetal,1
chr14:75450000-75500000,up,0.0266651154850999,SCT_B,Fetal,1
chr3:193900000-193950000,up,0.0266592989482514,SCT,Fetal,1
chr3:124250000-124300000,up,0.0266500130906905,SCT_B,Fetal,1
chr6:26100000-26150000,up,0.0266377497493436,T,Maternal,0.689
chr4:77150000-77200000,up,0.0266347913002323,SCT_B,Fetal,1
chr2:69950000-70000000,up,0.0266145393239643,SCT,Fetal,1
chr15:59150000-59200000,up,0.0266108417023885,SCT_B,Fetal,1
chr16:12500000-12550000,up,0.0266096086611278,SCT,Fetal,1
chr4:89650000-89700000,up,0.0265850431951919,proSCT,Fetal,0.997
chr20:33100000-33150000,up,0.0265817650785391,Epi,Maternal,0.991
chr8:8500000-8550000,up,0.0265696962029782,SCT_A,Fetal,1
chr19:11900000-11950000,up,0.0265639248035132,cilated,Maternal,1
chr1:16850000-16900000,up,0.0265444743725564,SCT_A,Fetal,1
chr2:187600000-187650000,up,0.0265428244019884,SCT,Fetal,1
chr10:8450000-8500000,up,0.0265404475150899,EVT,Fetal,0.999
chr12:50650000-50700000,up,0.0265306672199373,eEVT,Fetal,1
chr6:10450000-10500000,up,0.0265145566827654,SCT_A,Fetal,1
chr4:154000000-154050000,up,0.0265066674711817,SCT_B,Fetal,1
chr10:35000000-35050000,up,0.0265062638115404,proSCT,Fetal,0.997
chr12:46750000-46800000,up,0.0265035091817434,T,Maternal,0.689
chr19:4950000-5000000,up,0.0264975283465542,SCT_B,Fetal,1
chr19:54250000-54300000,up,0.0264705010364603,avVCT,Fetal,0.964
chr11:129150000-129200000,up,0.0264685152318524,VCT,Fetal,0.999
chr21:43350000-43400000,up,0.0264674515003946,aEC,Maternal,0.781
chr22:45050000-45100000,up,0.0264508698281019,SCT_B,Fetal,1
chr10:24900000-24950000,up,0.0264432387080375,proSCT,Fetal,0.997
chr4:57250000-57300000,up,0.0264408134128233,Ery,Fetal,0.612
chr19:8400000-8450000,up,0.026431074664899,fEC,Fetal,0.868
chr1:204150000-204200000,up,0.0264152571815052,SCT,Fetal,1
chr11:123050000-123100000,up,0.026391288753034,SCT,Fetal,1
chr12:46500000-46550000,up,0.0263854763450197,proSCT,Fetal,0.997
chr6:5150000-5200000,up,0.026384520549336,SCT,Fetal,1
chr1:120000000-120050000,up,0.0263789018834047,SCT_B,Fetal,1
chr2:71650000-71700000,up,0.0263713835995169,SCT_A,Fetal,1
chr3:48500000-48550000,up,0.0263683440629915,GC,Fetal,0.929
chr7:550000-600000,up,0.0263636374442109,pvSMC,Maternal,0.456
chr3:185350000-185400000,up,0.0263636332004677,iEVT,Fetal,1
chr6:138950000-139000000,up,0.0263585888799944,proSCT,Fetal,0.997
chr11:126200000-126250000,up,0.0263580896150009,SCT_B,Fetal,1
chr1:209600000-209650000,up,0.0263466015899148,VCT,Fetal,0.999
chr22:38250000-38300000,up,0.0263452574108304,SCT_B,Fetal,1
chr1:178050000-178100000,up,0.0263235340161633,SCT,Fetal,1
chr12:93500000-93550000,up,0.0263213043930527,SCT,Fetal,1
chr13:29100000-29150000,up,0.0263164784223158,EVT,Fetal,0.999
chr14:55000000-55050000,up,0.0263052122422549,pvSMC,Maternal,0.456
chr4:187000000-187050000,up,0.0263000453926294,Epi,Maternal,0.991
chr1:229500000-229550000,up,0.0262957197554367,SCT_B,Fetal,1
chr6:140300000-140350000,up,0.0262833357004537,SCT_B,Fetal,1
chr3:183850000-183900000,up,0.0262681399875788,GC,Fetal,0.929
chr11:94500000-94550000,up,0.0262660813732317,SCT_A,Fetal,1
chr17:63450000-63500000,up,0.0262598633183737,EVT,Fetal,0.999
chr20:52250000-52300000,up,0.0262524151757459,SCT_B,Fetal,1
chr19:20250000-20300000,up,0.0262515327517139,EVT,Fetal,0.999
chr8:30100000-30150000,up,0.026249580127885,iEVT,Fetal,1
chr20:60900000-60950000,up,0.0262373316001121,Epi,Maternal,0.991
chr8:42350000-42400000,up,0.0262362978746655,cycling_VCT,Fetal,0.959
chr1:29550000-29600000,up,0.0262288577104867,cilated,Maternal,1
chr2:105900000-105950000,up,0.0262251526370922,VCT,Fetal,0.999
chr4:188900000-188950000,up,0.0262245586971524,eEVT,Fetal,1
chr14:34800000-34850000,up,0.026220631141445,SCT_B,Fetal,1
chr3:12800000-12850000,up,0.0262164034485789,SCT_B,Fetal,1
chr8:67250000-67300000,up,0.0262163249156839,SCT_B,Fetal,1
chr1:244050000-244100000,up,0.0261928794328377,SCT,Fetal,1
chr14:34600000-34650000,up,0.0261926344491085,SCT,Fetal,1
chr10:61700000-61750000,up,0.0261862706313492,SCT_B,Fetal,1
chr15:80950000-81000000,up,0.0261841199133006,SCT_B,Fetal,1
chr7:143100000-143150000,up,0.0261828415362051,SCT_B,Fetal,1
chr19:34800000-34850000,up,0.0261760034076555,fEC,Fetal,0.868
chr11:106000000-106050000,up,0.0261744585650653,SCT_A,Fetal,1
chr1:16900000-16950000,up,0.0261710960153744,cilated,Maternal,1
chr6:7400000-7450000,up,0.0261520952680384,VCT,Fetal,0.999
chr1:161100000-161150000,up,0.0261242530809249,SCT_B,Fetal,1
chr17:39100000-39150000,up,0.0260945155704433,SCT_B,Fetal,1
chr3:124400000-124450000,up,0.0260723817914706,SCT,Fetal,1
chr8:127550000-127600000,up,0.0260720981020183,Epi,Maternal,0.991
chr6:17350000-17400000,up,0.0260677406048943,SCT_B,Fetal,1
chr5:73600000-73650000,up,0.0260639287966589,SCT_B,Fetal,1
chr3:124750000-124800000,up,0.0260438997888536,eEVT,Fetal,1
chr6:25200000-25250000,up,0.0260377959307271,SCT_B,Fetal,1
chr3:189500000-189550000,up,0.0260229377523878,VCT,Fetal,0.999
chr4:40500000-40550000,up,0.0259937637990086,proSCT,Fetal,0.997
chr18:56500000-56550000,up,0.0259847079152705,fEC,Fetal,0.868
chr17:5150000-5200000,up,0.0259732925583139,eEVT,Fetal,1
chr2:223600000-223650000,up,0.0259652137711378,iEVT,Fetal,1
chr8:37750000-37800000,up,0.0259583143771687,SCT_B,Fetal,1
chr16:66300000-66350000,up,0.0259550911737174,SCT_B,Fetal,1
chr10:115200000-115250000,up,0.0259464465178503,eEVT,Fetal,1
chr8:126000000-126050000,up,0.025942749695665,proSCT,Fetal,0.997
chr13:47150000-47200000,up,0.0259389398824189,SCT,Fetal,1
chr16:68800000-68850000,up,0.0259377247522143,VCT,Fetal,0.999
chr16:46750000-46800000,up,0.0259301819060371,VCT,Fetal,0.999
chr12:93300000-93350000,up,0.0259114796025929,SCT_B,Fetal,1
chr1:117850000-117900000,up,0.0259000119516295,SCT,Fetal,1
chr7:47450000-47500000,up,0.0258971057685149,eEVT,Fetal,1
chr2:71950000-72000000,up,0.025895822272914,proSCT,Fetal,0.997
chr2:85950000-86000000,up,0.0258850215364272,uDSC,Maternal,0.99
chr11:129600000-129650000,up,0.0258766406423346,iEVT,Fetal,1
chr21:17000000-17050000,up,0.0258713890766038,SCT_B,Fetal,1
chr13:52750000-52800000,up,0.0258641502907666,proSCT,Fetal,0.997
chr3:37950000-38000000,up,0.0258583488253009,VCT,Fetal,0.999
chr19:2850000-2900000,up,0.0258445166160202,SCT_A,Fetal,1
chr1:178200000-178250000,up,0.0258333997247104,SCT_A,Fetal,1
chr8:41900000-41950000,up,0.0258167273731603,SCT_B,Fetal,1
chr3:150800000-150850000,up,0.0258165744181131,SCT,Fetal,1
chr15:65100000-65150000,up,0.0258155747349473,HB,Fetal,0.803
chr5:105200000-105250000,up,0.0258117081763624,SCT_B,Fetal,1
chr10:103850000-103900000,up,0.0258076523297258,T,Maternal,0.689
chr2:236400000-236450000,up,0.0257839529343873,cilated,Maternal,1
chr1:62600000-62650000,up,0.0257709668290091,VCT,Fetal,0.999
chr2:46900000-46950000,up,0.0257388116250294,Ery,Fetal,0.612
chr2:56050000-56100000,up,0.0257370449713977,aEC,Maternal,0.781
chr20:19750000-19800000,up,0.0257338084875271,fEC,Fetal,0.868
chr18:8900000-8950000,up,0.0256925726771517,VCT,Fetal,0.999
chr18:20900000-20950000,up,0.0256780518810741,SCT,Fetal,1
chr8:26050000-26100000,up,0.0256723906051602,SCT_B,Fetal,1
chr17:54750000-54800000,up,0.0256711650267982,EVT,Fetal,0.999
chr3:58050000-58100000,up,0.0256695726322479,EVT,Fetal,0.999
chr8:26100000-26150000,up,0.0256656483551059,fEC,Fetal,0.868
chr2:242000000-242050000,up,0.0256527265100339,cilated,Maternal,1
chr20:52350000-52400000,up,0.0256443365224181,SCT_B,Fetal,1
chr10:94150000-94200000,up,0.0256386793209185,SCT,Fetal,1
chr16:54150000-54200000,up,0.0256363807974473,SCT_A,Fetal,1
chr1:214700000-214750000,up,0.025628389045046,aEC,Maternal,0.781
chr10:11900000-11950000,up,0.0256282805640658,avVCT,Fetal,0.964
chr1:32100000-32150000,up,0.0255909266060363,avVCT,Fetal,0.964
chr8:10650000-10700000,up,0.0255847473711874,fEC,Fetal,0.868
chr1:19200000-19250000,up,0.02556681275786,VCT,Fetal,0.999
chr18:45850000-45900000,up,0.0255483760001989,VCT,Fetal,0.999
chr20:300000-350000,up,0.0255459479826722,cilated,Maternal,1
chr1:113250000-113300000,up,0.0255452618445386,pvSMC,Maternal,0.456
chr16:1700000-1750000,up,0.025535810443612,Epi,Maternal,0.991
chr10:5600000-5650000,up,0.0255336891974456,SCT_B,Fetal,1
chr1:110900000-110950000,up,0.0255188766124461,SCT,Fetal,1
chr12:125400000-125450000,up,0.0255180654844678,eEVT,Fetal,1
chr1:8100000-8150000,up,0.0255170264913354,iEVT,Fetal,1
chr19:41300000-41350000,up,0.025514572189052,T,Maternal,0.689
chr17:64900000-64950000,up,0.0254859884551483,VCT,Fetal,0.999
chr6:4550000-4600000,up,0.0254688020499449,iEVT,Fetal,1
chr7:1050000-1100000,up,0.0254559496239878,eEVT,Fetal,1
chr5:43200000-43250000,up,0.0254541780777467,SCT_A,Fetal,1
chr1:33350000-33400000,up,0.0254519544943417,SCT,Fetal,1
chr9:112950000-113000000,up,0.0254478044067434,SCT_B,Fetal,1
chr11:73450000-73500000,up,0.0254472474515325,SCT_B,Fetal,1
chr13:73650000-73700000,up,0.0254400715038141,SCT,Fetal,1
chr17:53800000-53850000,up,0.0254311821249639,SCT,Fetal,1
chr6:47050000-47100000,up,0.0254309848744003,iEVT,Fetal,1
chr9:7150000-7200000,up,0.0254239179907051,SCT,Fetal,1
chr13:20950000-21000000,up,0.0254205465565395,eEVT,Fetal,1
chr8:96050000-96100000,up,0.0254180294581102,SCT_B,Fetal,1
chr4:149550000-149600000,up,0.0254127193616901,SCT_B,Fetal,1
chr4:141150000-141200000,up,0.0254105636431188,SCT,Fetal,1
chr7:148650000-148700000,up,0.0253960287605291,T,Maternal,0.689
chr11:101300000-101350000,up,0.0253800680976603,VCT,Fetal,0.999
chr5:127850000-127900000,up,0.0253753899288049,VCT,Fetal,0.999
chr10:4000000-4050000,up,0.025372340457098,HB,Fetal,0.803
chr18:60150000-60200000,up,0.0253646455613668,T,Maternal,0.689
chr3:11700000-11750000,up,0.0253595779396896,EVT,Fetal,0.999
chr5:149250000-149300000,up,0.0252609543241472,proSCT,Fetal,0.997
chr17:60900000-60950000,up,0.0252515453877409,EVT,Fetal,0.999
chr22:22750000-22800000,up,0.0252446242477429,SCT,Fetal,1
chr12:107400000-107450000,up,0.0252062919393009,SCT_B,Fetal,1
chr9:127450000-127500000,up,0.0252038624647218,eEVT,Fetal,1
chr3:51500000-51550000,up,0.0251995600718719,T,Maternal,0.689
chr8:38250000-38300000,up,0.025191247574107,EVT,Fetal,0.999
chr15:63150000-63200000,up,0.0251866909919698,EVT,Fetal,0.999
chr3:105600000-105650000,up,0.0251726222476007,SCT,Fetal,1
chr6:161350000-161400000,up,0.0251541714171739,SCT_A,Fetal,1
chr10:24500000-24550000,up,0.0251539220095174,avVCT,Fetal,0.964
chr10:115800000-115850000,up,0.0251531565699322,VCT,Fetal,0.999
chr2:69650000-69700000,up,0.0251459213939404,proSCT,Fetal,0.997
chr19:39150000-39200000,up,0.0251361667903159,dNK,Maternal,0.666
chr18:23500000-23550000,up,0.0251182558930214,SCT_B,Fetal,1
chr5:141850000-141900000,up,0.0251177376328529,SCT,Fetal,1
chr13:110650000-110700000,up,0.0251176179692738,iEVT,Fetal,1
chr3:42900000-42950000,up,0.0251100952217642,SCT,Fetal,1
chr3:154950000-155000000,up,0.0250796296132802,SCT_B,Fetal,1
chr11:76850000-76900000,up,0.0250789817685654,VCT,Fetal,0.999
chr1:46650000-46700000,up,0.0250720745780108,SCT,Fetal,1
chr16:25100000-25150000,up,0.0250535144381301,SCT_B,Fetal,1
chr7:69200000-69250000,up,0.0250195272567177,SCT_B,Fetal,1
chr17:39450000-39500000,up,0.0250131443077477,SCT,Fetal,1
chr11:77700000-77750000,up,0.0249989622539348,Epi,Maternal,0.991
chr1:31850000-31900000,up,0.0249970128615259,SCT_B,Fetal,1
chr19:12550000-12600000,up,0.0249844288206627,Epi,Maternal,0.991
chr1:171350000-171400000,up,0.0249837521986423,SCT_B,Fetal,1
chr1:94500000-94550000,up,0.0249821863357124,fEC,Fetal,0.868
chr20:52300000-52350000,up,0.0249760559157964,SCT_B,Fetal,1
chr12:106750000-106800000,up,0.0249582818285789,SCT_B,Fetal,1
chr19:7250000-7300000,up,0.0249437042269434,SCT,Fetal,1
chr19:10250000-10300000,up,0.0249424708101637,VCT,Fetal,0.999
chr21:40400000-40450000,up,0.024936614483367,iEVT,Fetal,1
chr19:12500000-12550000,up,0.0249365157200872,VCT,Fetal,0.999
chr15:41050000-41100000,up,0.0249325962317979,Epi,Maternal,0.991
chr1:113350000-113400000,up,0.0249321161328587,eEVT,Fetal,1
chr1:87650000-87700000,up,0.0249222992201213,SCT,Fetal,1
chr2:153150000-153200000,up,0.0249185798421284,EVT,Fetal,0.999
chr3:125600000-125650000,up,0.024911819277075,T,Maternal,0.689
chr6:142600000-142650000,up,0.024900400404422,SCT_B,Fetal,1
chr7:100350000-100400000,up,0.0248950634946186,uDSC,Maternal,0.99
chr18:46050000-46100000,up,0.0248855618941731,eEVT,Fetal,1
chr1:201300000-201350000,up,0.0248728569769387,SCT_B,Fetal,1
chr3:32000000-32050000,up,0.0248706766662172,proEVT,Fetal,0.949
chr17:7750000-7800000,up,0.0248690685581338,dNK,Maternal,0.666
chr5:78800000-78850000,up,0.0248520413920745,VCT,Fetal,0.999
chr11:76250000-76300000,up,0.0248506768197662,SCT,Fetal,1
chr4:41500000-41550000,up,0.0248151104578426,SCT,Fetal,1
chr13:73750000-73800000,up,0.0248107479705081,iEVT,Fetal,1
chr7:80100000-80150000,up,0.0248061567903328,EVT,Fetal,0.999
chr2:161750000-161800000,up,0.0248014157663728,SCT,Fetal,1
chr7:16700000-16750000,up,0.0247987854236475,EVT,Fetal,0.999
chr3:55600000-55650000,up,0.0247942323904856,SCT,Fetal,1
chr9:19400000-19450000,up,0.0247894598279243,EVT,Fetal,0.999
chr11:73800000-73850000,up,0.0247881045144579,SCT,Fetal,1
chr14:103050000-103100000,up,0.0247867889588779,avVCT,Fetal,0.964
chr9:95400000-95450000,up,0.0247805608817536,SCT_A,Fetal,1
chr6:4350000-4400000,up,0.0247795305965729,SCT_B,Fetal,1
chr10:93500000-93550000,up,0.0247753446191783,SCT_B,Fetal,1
chr21:44550000-44600000,up,0.0247752524433234,SCT,Fetal,1
chr10:48300000-48350000,up,0.0247562076888218,proSCT,Fetal,0.997
chr6:139950000-140000000,up,0.0247492457844508,SCT_B,Fetal,1
chr2:23650000-23700000,up,0.024746824450559,VCT,Fetal,0.999
chr6:2900000-2950000,up,0.0247442131165381,SCT_A,Fetal,1
chr1:240800000-240850000,up,0.0247385189345258,proSCT,Fetal,0.997
chr9:126200000-126250000,up,0.0247135619874442,eEVT,Fetal,1
chr9:2250000-2300000,up,0.0247127592507269,SCT_B,Fetal,1
chr22:37900000-37950000,up,0.0247114790175556,fEC,Fetal,0.868
chr6:41550000-41600000,up,0.0247100050417,VCT,Fetal,0.999
chr12:115150000-115200000,up,0.0247042327565491,SCT_B,Fetal,1
chr5:23500000-23550000,up,0.0247018008134194,SCT,Fetal,1
chr7:101650000-101700000,up,0.0246993086398436,VCT,Fetal,0.999
chr8:30250000-30300000,up,0.0246945082674111,Epi,Maternal,0.991
chr8:117800000-117850000,up,0.0246892305229294,VCT,Fetal,0.999
chr2:164700000-164750000,up,0.0246862788603309,SCT_B,Fetal,1
chr8:125950000-126000000,up,0.0246616762545149,fEC,Fetal,0.868
chr10:3950000-4000000,up,0.0246489719476516,EVT,Fetal,0.999
chr11:12400000-12450000,up,0.024637656751203,eEVT,Fetal,1
chr1:85650000-85700000,up,0.0246369590409607,EVT,Fetal,0.999
chr14:35800000-35850000,up,0.0246349429400926,SCT_B,Fetal,1
chr11:64750000-64800000,up,0.0246303658186692,HB,Fetal,0.803
chr5:132050000-132100000,up,0.0246263530170492,T,Maternal,0.689
chr1:198100000-198150000,up,0.0246099247692612,T,Maternal,0.689
chr17:78100000-78150000,up,0.0245888567708585,SCT_B,Fetal,1
chr19:5150000-5200000,up,0.0245829403750335,eEVT,Fetal,1
chr9:84000000-84050000,up,0.0245796693016138,SCT_B,Fetal,1
chr2:203650000-203700000,up,0.0245709060212369,eEVT,Fetal,1
chr17:56100000-56150000,up,0.0245475275567679,VCT,Fetal,0.999
chr2:236450000-236500000,up,0.0245465381636155,SCT_B,Fetal,1
chr17:8150000-8200000,up,0.0245415967530975,B,Maternal,0.659
chr10:79700000-79750000,up,0.0245380099856426,Epi,Maternal,0.991
chr9:97850000-97900000,up,0.0245310386703214,eS,Maternal,0.994
chr1:151800000-151850000,up,0.024529507633728,proSCT,Fetal,0.997
chr5:131550000-131600000,up,0.0245256357295834,uDSC,Maternal,0.99
chr16:50250000-50300000,up,0.0244850618231092,Ery,Fetal,0.612
chr17:56550000-56600000,up,0.0244846337613251,SCT_B,Fetal,1
chr14:73350000-73400000,up,0.0244835628688565,dNK,Maternal,0.666
chr9:92250000-92300000,up,0.0244785230965067,cilated,Maternal,1
chr7:115950000-116000000,up,0.0244716101015633,aEC,Maternal,0.781
chr4:186950000-187000000,up,0.024462862942407,VCT,Fetal,0.999
chr1:242000000-242050000,up,0.0244467559008187,SCT_B,Fetal,1
chr11:130250000-130300000,up,0.0244436854647153,VCT,Fetal,0.999
chr19:23500000-23550000,up,0.0244404045328117,SCT_A,Fetal,1
chr2:165800000-165850000,up,0.0244381121269289,proSCT,Fetal,0.997
chr11:88150000-88200000,up,0.0244379787846375,HB,Fetal,0.803
chr2:134900000-134950000,up,0.0244276150419921,proEVT,Fetal,0.949
chr7:64050000-64100000,up,0.024425701081622,SCT,Fetal,1
chr2:25050000-25100000,up,0.0244193619993342,pvSMC,Maternal,0.456
chr12:93950000-94000000,up,0.0243892931949941,dNK,Maternal,0.666
chr12:67450000-67500000,up,0.0243841881808365,SCT_B,Fetal,1
chr19:49500000-49550000,up,0.0243783218442009,SCT,Fetal,1
chr17:13500000-13550000,up,0.0243748705812008,SCT_B,Fetal,1
chr1:180500000-180550000,up,0.0243714748888098,fEC,Fetal,0.868
chr3:150550000-150600000,up,0.0243580906596152,SCT,Fetal,1
chr14:93000000-93050000,up,0.0243526390168086,dNK,Maternal,0.666
chr13:99700000-99750000,up,0.024347130159287,T,Maternal,0.689
chr6:89650000-89700000,up,0.0243388981472103,SCT_B,Fetal,1
chr1:145050000-145100000,up,0.0243364156672855,SCT_A,Fetal,1
chr1:207200000-207250000,up,0.0243357117555468,Epi,Maternal,0.991
chr6:139100000-139150000,up,0.0243310746735332,cilated,Maternal,1
chr2:111450000-111500000,up,0.0243284263629043,SCT_B,Fetal,1
chr2:72150000-72200000,up,0.0243244271044944,uDSC,Maternal,0.99
chr18:3100000-3150000,up,0.0243225434827318,SCT,Fetal,1
chr4:169950000-170000000,up,0.0243211690037364,HB,Fetal,0.803
chr5:135400000-135450000,up,0.0243195595077476,fEC,Fetal,0.868
chr10:3200000-3250000,up,0.0243184646595874,T,Maternal,0.689
chr19:49400000-49450000,up,0.0243183548421315,HB,Fetal,0.803
chr2:85450000-85500000,up,0.0243099804755068,LEC,Maternal,1
chr12:33000000-33050000,up,0.0243026243260932,iEVT,Fetal,1
chr6:19450000-19500000,up,0.0242970812731944,SCT_B,Fetal,1
chr16:8950000-9000000,up,0.0242947889279303,GC,Fetal,0.929
chr12:51650000-51700000,up,0.0242922825555093,VCT,Fetal,0.999
chr11:119550000-119600000,up,0.0242723721413872,SCT_B,Fetal,1
chr8:450000-500000,up,0.0242621113987507,VCT,Fetal,0.999
chr3:51550000-51600000,up,0.0242528883553001,Epi,Maternal,0.991
chr3:141800000-141850000,up,0.0242506212838993,SCT_B,Fetal,1
chr10:126100000-126150000,up,0.0242493794334844,iEVT,Fetal,1
chr1:202300000-202350000,up,0.0242487726565741,proSCT,Fetal,0.997
chr12:7050000-7100000,up,0.0242430950557757,B,Maternal,0.659
chr1:24600000-24650000,up,0.024231619487842,SCT_B,Fetal,1
chr8:81150000-81200000,up,0.0242271707846061,proSCT,Fetal,0.997
chr5:177500000-177550000,up,0.0242243079344703,eEVT,Fetal,1
chr5:55400000-55450000,up,0.0242188266746311,Epi,Maternal,0.991
chr15:72250000-72300000,up,0.0242094649030009,SCT_B,Fetal,1
chr11:9600000-9650000,up,0.0242070984973353,pEVT,Fetal,0.968
chr3:121600000-121650000,up,0.0241967125518675,VCT,Fetal,0.999
chr9:132200000-132250000,up,0.0241584013789884,SCT_B,Fetal,1
chr4:57550000-57600000,up,0.0241458418634533,SCT,Fetal,1
chr11:7900000-7950000,up,0.0241388346527852,SCT,Fetal,1
chr3:31900000-31950000,up,0.0241364640267879,EVT,Fetal,0.999
chr7:155100000-155150000,up,0.0241283780016613,EVT,Fetal,0.999
chr19:43200000-43250000,up,0.024123678763052,SCT,Fetal,1
chr4:48100000-48150000,up,0.0241218315357599,dNK,Maternal,0.666
chr15:58650000-58700000,up,0.0241187063412947,SCT,Fetal,1
chr2:173300000-173350000,up,0.0241157224381148,avVCT,Fetal,0.964
chr9:132250000-132300000,up,0.024114405387484,SCT_B,Fetal,1
chr2:11500000-11550000,up,0.0241132345086236,pvSMC,Maternal,0.456
chr2:182600000-182650000,up,0.0241060170910293,SCT,Fetal,1
chr6:28550000-28600000,up,0.0241012020387098,VCT,Fetal,0.999
chr1:117650000-117700000,up,0.0240992122033657,SCT,Fetal,1
chr13:99550000-99600000,up,0.0240987588026133,fEC,Fetal,0.868
chr16:74850000-74900000,up,0.0240906408280493,SCT_B,Fetal,1
chr9:32550000-32600000,up,0.0240892030623259,T,Maternal,0.689
chr3:41150000-41200000,up,0.024089178267973,VCT,Fetal,0.999
chr12:118950000-119000000,up,0.0240878375258531,proSCT,Fetal,0.997
chr2:233500000-233550000,up,0.0240715713329567,SCT,Fetal,1
chr19:50200000-50250000,up,0.0240646661768378,proSCT,Fetal,0.997
chr2:66650000-66700000,up,0.0240631569234835,eS,Maternal,0.994
chr2:85750000-85800000,up,0.024060062249886,CD16_M,Maternal,0.939
chr8:39400000-39450000,up,0.0240511832381193,SCT_B,Fetal,1
chr5:35400000-35450000,up,0.0240422265254383,FB,Fetal,0.553
chr1:211700000-211750000,up,0.0240366766858964,SCT,Fetal,1
chr16:30500000-30550000,up,0.024030326260972,dNK,Maternal,0.666
chr1:203050000-203100000,up,0.0240248167093007,SCT,Fetal,1
chr17:26950000-27000000,up,0.0240132667845797,SCT_B,Fetal,1
chr1:118100000-118150000,up,0.024007970862535,SCT_A,Fetal,1
chr3:16700000-16750000,up,0.0240032944129688,SCT,Fetal,1
chr3:48450000-48500000,up,0.0239915800900105,cilated,Maternal,1
chr7:151750000-151800000,up,0.0239915066852012,VCT,Fetal,0.999
chr6:143900000-143950000,up,0.0239861755411951,SCT,Fetal,1
chr2:42750000-42800000,up,0.0239722873635829,SCT_B,Fetal,1
chr8:144800000-144850000,up,0.0239629736059537,SCT_B,Fetal,1
chr2:228300000-228350000,up,0.0239580905824747,SCT_B,Fetal,1
chr1:204300000-204350000,up,0.0239503722475626,SCT_B,Fetal,1
chr6:33700000-33750000,up,0.0239422462736133,uDSC,Maternal,0.99
chr7:94500000-94550000,up,0.0239365348308041,iEVT,Fetal,1
chr6:27850000-27900000,up,0.023913241730791,Ery,Fetal,0.612
chr15:43450000-43500000,up,0.0239122934737729,proSCT,Fetal,0.997
chr5:115900000-115950000,up,0.0239040520057072,SCT_B,Fetal,1
chr1:149250000-149300000,up,0.0239033786851067,SCT_A,Fetal,1
chr1:234800000-234850000,up,0.0239027615480944,SCT_B,Fetal,1
chr1:241900000-241950000,up,0.0238867856212905,SCT_B,Fetal,1
chr2:204600000-204650000,up,0.0238826685038138,SCT_A,Fetal,1
chr8:109900000-109950000,up,0.0238717857319587,SCT_A,Fetal,1
chr7:135400000-135450000,up,0.0238646979890743,proSCT,Fetal,0.997
chr11:129550000-129600000,up,0.0238608351781068,SCT_B,Fetal,1
chr8:8050000-8100000,up,0.0238317082795399,B,Maternal,0.659
chr1:1350000-1400000,up,0.0238302145337227,GC,Fetal,0.929
chr3:136500000-136550000,up,0.0238289914057332,SCT_A,Fetal,1
chr14:104300000-104350000,up,0.023818168737831,Epi,Maternal,0.991
chr10:98350000-98400000,up,0.0238137401567887,SCT_B,Fetal,1
chr1:164600000-164650000,up,0.0238028033856771,proSCT,Fetal,0.997
chr7:101200000-101250000,up,0.0238017473903659,eEVT,Fetal,1
chr16:75400000-75450000,up,0.0237984006586441,iEVT,Fetal,1
chr6:17700000-17750000,up,0.023787428457334,SCT_B,Fetal,1
chr2:38900000-38950000,up,0.0237745268833761,iEVT,Fetal,1
chr16:84850000-84900000,up,0.0237641262227318,DSC_B,Maternal,0.993
chr14:23500000-23550000,up,0.0237566566574456,GC,Fetal,0.929
chr20:48550000-48600000,up,0.023749701609389,SCT_B,Fetal,1
chr5:34650000-34700000,up,0.0237332068588209,aEC,Maternal,0.781
chr3:13900000-13950000,up,0.0237275888830752,T,Maternal,0.689
chr22:33150000-33200000,up,0.0236848120116862,EVT,Fetal,0.999
chr12:57550000-57600000,up,0.0236801902300747,CD16_M,Maternal,0.939
chr8:71350000-71400000,up,0.0236747305204277,SCT_A,Fetal,1
chr18:61000000-61050000,up,0.0236622774815806,SCT_B,Fetal,1
chr14:51300000-51350000,up,0.0236592350810816,iEVT,Fetal,1
chr15:66150000-66200000,up,0.0236544428450108,SCT_B,Fetal,1
chr1:109350000-109400000,up,0.0236450972954099,SCT_B,Fetal,1
chr5:39400000-39450000,up,0.0236446252820665,HB,Fetal,0.803
chr1:161050000-161100000,up,0.0236423830071267,SCT_B,Fetal,1
chr17:80450000-80500000,up,0.023642381804484,dNK,Maternal,0.666
chr2:15850000-15900000,up,0.0236270295900666,eEVT,Fetal,1
chr11:93550000-93600000,up,0.0236266369096333,VCT,Fetal,0.999
chr20:49700000-49750000,up,0.023625686280697,SCT,Fetal,1
chr11:110200000-110250000,up,0.0236253614707873,SCT_B,Fetal,1
chr19:53250000-53300000,up,0.0236206854747299,SCT_B,Fetal,1
chr1:94400000-94450000,up,0.0235915691893949,VCT,Fetal,0.999
chr1:216850000-216900000,up,0.0235841916543022,proSCT,Fetal,0.997
chr5:43400000-43450000,up,0.0235786247273638,SCT,Fetal,1
chr19:1150000-1200000,up,0.0235757269056423,SCT_B,Fetal,1
chr19:52450000-52500000,up,0.0235719990275196,pEVT,Fetal,0.968
chr10:120750000-120800000,up,0.0235714315085399,VCT,Fetal,0.999
chr9:74750000-74800000,up,0.0235706948579418,SCT_B,Fetal,1
chr1:36900000-36950000,up,0.0235660340453456,SCT_B,Fetal,1
chr1:239950000-240000000,up,0.0235643324566811,SCT_B,Fetal,1
chr3:189450000-189500000,up,0.0235579654409923,SCT_B,Fetal,1
chr14:98200000-98250000,up,0.0235571152257156,SCT_B,Fetal,1
chr6:52400000-52450000,up,0.0235508653404246,pEVT,Fetal,0.968
chr16:30900000-30950000,up,0.0235454887130573,cilated,Maternal,1
chr1:241650000-241700000,up,0.0235444475424644,SCT_B,Fetal,1
chr17:60850000-60900000,up,0.0235442274300721,SCT,Fetal,1
chr2:97500000-97550000,up,0.0235228048115209,eEVT,Fetal,1
chr13:49500000-49550000,up,0.023501981182428,SCT,Fetal,1
chr1:5550000-5600000,up,0.0235013711239598,VCT,Fetal,0.999
chr8:117900000-117950000,up,0.0234854779398279,iEVT,Fetal,1
chr2:165750000-165800000,up,0.023484881839375,SCT_B,Fetal,1
chr12:5650000-5700000,up,0.023482022323175,SCT_A,Fetal,1
chr7:140700000-140750000,up,0.023480692421048,proSCT,Fetal,0.997
chr6:12550000-12600000,up,0.0234785768095947,SCT,Fetal,1
chr9:94900000-94950000,up,0.0234753210912693,SCT_B,Fetal,1
chr12:79800000-79850000,up,0.0234676077070171,uDSC,Maternal,0.99
chr12:50450000-50500000,up,0.0234617467566064,Ery,Fetal,0.612
chr4:176350000-176400000,up,0.0234527291562034,SCT_B,Fetal,1
chr22:45550000-45600000,up,0.0234215859032869,iEVT,Fetal,1
chr9:116150000-116200000,up,0.0234184551032701,Ery,Fetal,0.612
chr5:56650000-56700000,up,0.0234120040589453,SCT_A,Fetal,1
chr22:18400000-18450000,up,0.0234118891445602,EVT,Fetal,0.999
chr5:79750000-79800000,up,0.0234116800674378,proSCT,Fetal,0.997
chr16:57850000-57900000,up,0.0234065013054132,SCT_B,Fetal,1
chr8:17250000-17300000,up,0.0233963110756013,SCT_B,Fetal,1
chr22:43100000-43150000,up,0.0233948970815999,aEC,Maternal,0.781
chr8:550000-600000,up,0.0233878527787332,SCT_B,Fetal,1
chr22:41350000-41400000,up,0.0233816456207393,SCT_B,Fetal,1
chr12:31800000-31850000,up,0.0233799671337806,fEC,Fetal,0.868
chr7:32500000-32550000,up,0.0233762250759558,T,Maternal,0.689
chr4:146700000-146750000,up,0.0233760626546548,SCT_B,Fetal,1
chr3:38450000-38500000,up,0.0233740626581166,SCT_B,Fetal,1
chr11:76400000-76450000,up,0.0233725483205478,SCT,Fetal,1
chr3:87050000-87100000,up,0.0233678576399744,SCT,Fetal,1
chr7:129600000-129650000,up,0.0233556339931993,SCT_B,Fetal,1
chr6:28950000-29000000,up,0.0233486250284628,Ery,Fetal,0.612
chr10:63800000-63850000,up,0.0233435657689031,Epi,Maternal,0.991
chr16:9000000-9050000,up,0.0233434256012085,Epi,Maternal,0.991
chr11:12850000-12900000,up,0.0233363130114979,eEVT,Fetal,1
chr18:68000000-68050000,up,0.0233311644355138,proSCT,Fetal,0.997
chr2:89000000-89050000,up,0.0233285105248458,VCT,Fetal,0.999
chr12:69000000-69050000,up,0.0233267204089481,T,Maternal,0.689
chr20:32900000-32950000,up,0.0233089680786603,SCT,Fetal,1
chr4:3950000-4000000,up,0.0233044352760247,SCT_B,Fetal,1
chr20:33850000-33900000,up,0.0232974388456293,Epi,Maternal,0.991
chr7:116400000-116450000,up,0.0232949373091542,avVCT,Fetal,0.964
chr10:21800000-21850000,up,0.0232929627939781,FB,Fetal,0.553
chr10:89600000-89650000,up,0.0232919709489218,SCT_B,Fetal,1
chr9:35000000-35050000,up,0.0232917857966722,SCT_B,Fetal,1
chr15:31200000-31250000,up,0.0232861607030555,SCT_B,Fetal,1
chr1:213550000-213600000,up,0.0232852034617843,VCT,Fetal,0.999
chr12:26250000-26300000,up,0.0232736773845771,cilated,Maternal,1
chr14:65850000-65900000,up,0.0232702395363852,SCT,Fetal,1
chr1:175200000-175250000,up,0.0232663478591327,SCT_B,Fetal,1
chr10:105650000-105700000,up,0.0232604323301921,dNK,Maternal,0.666
chr1:111950000-112000000,up,0.0232583793878737,SCT_A,Fetal,1
chr16:33350000-33400000,up,0.023242434052387,SCT,Fetal,1
chr19:43650000-43700000,up,0.0232269961594655,SCT_B,Fetal,1
chr1:100800000-100850000,up,0.0232225523029081,T,Maternal,0.689
chr12:104750000-104800000,up,0.0232224128216659,SCT,Fetal,1
chr22:41100000-41150000,up,0.0232222316410517,iEVT,Fetal,1
chr20:3800000-3850000,up,0.0232207475394255,proEVT,Fetal,0.949
chr6:1600000-1650000,up,0.023213129274415,VCT,Fetal,0.999
chr1:219750000-219800000,up,0.0231929860514309,SCT_B,Fetal,1
chr11:67400000-67450000,up,0.0231724915753412,SCT_B,Fetal,1
chr2:238350000-238400000,up,0.0231684084238425,uDSC,Maternal,0.99
chr2:69900000-69950000,up,0.0231653028717502,SCT,Fetal,1
chr14:77950000-78000000,up,0.0231638850664482,eEVT,Fetal,1
chr7:151250000-151300000,up,0.0231617264680763,iEVT,Fetal,1
chr13:106750000-106800000,up,0.0231432411121354,iEVT,Fetal,1
chr2:192450000-192500000,up,0.0231410489320803,SCT_B,Fetal,1
chr16:56800000-56850000,up,0.0231376076395619,pEVT,Fetal,0.968
chr15:34300000-34350000,up,0.0231361656081702,eEVT,Fetal,1
chr8:141450000-141500000,up,0.0231332822261933,SCT_B,Fetal,1
chr8:10750000-10800000,up,0.0231331899680723,SCT,Fetal,1
chr2:103200000-103250000,up,0.0231047580251185,Epi,Maternal,0.991
chr3:112000000-112050000,up,0.0230933308153721,iEVT,Fetal,1
chr2:41650000-41700000,up,0.0230880062668264,proSCT,Fetal,0.997
chr20:45500000-45550000,up,0.0230846122080032,cycling_VCT,Fetal,0.959
chr10:47050000-47100000,up,0.0230712453365451,iEVT,Fetal,1
chr17:75250000-75300000,up,0.0230666882006205,SCT_B,Fetal,1
chr19:52750000-52800000,up,0.0230528067725366,SCT,Fetal,1
chr3:113550000-113600000,up,0.0230497102095536,Epi,Maternal,0.991
chr6:106550000-106600000,up,0.0230471628445391,dNK,Maternal,0.666
chr3:13500000-13550000,up,0.0230442641535253,Epi,Maternal,0.991
chr5:142000000-142050000,up,0.023036431476294,SCT_A,Fetal,1
chr19:14150000-14200000,up,0.0230315599898927,SCT_B,Fetal,1
chr13:29050000-29100000,up,0.0230311157004066,EVT,Fetal,0.999
chr11:110300000-110350000,up,0.0230305892773788,SCT_A,Fetal,1
chr18:2300000-2350000,up,0.0230290570088311,SCT,Fetal,1
chr7:134200000-134250000,up,0.023023657743883,SCT_B,Fetal,1
chr3:105550000-105600000,up,0.0230218791302604,T,Maternal,0.689
chr7:97950000-98000000,up,0.0230215230397889,eEVT,Fetal,1
chr6:52500000-52550000,up,0.0230200964197664,HB,Fetal,0.803
chr12:13000000-13050000,up,0.0230118639176165,iEVT,Fetal,1
chr19:12200000-12250000,up,0.0230076615720803,SCT_A,Fetal,1
chr1:246850000-246900000,up,0.0230072178805077,SCT_B,Fetal,1
chr10:35450000-35500000,up,0.0230039536033311,HB,Fetal,0.803
chr7:26100000-26150000,up,0.0229951920632584,proSCT,Fetal,0.997
chr14:106300000-106350000,up,0.0229879613516093,B,Maternal,0.659
chr17:15600000-15650000,up,0.0229778052818165,Ery,Fetal,0.612
chr1:182350000-182400000,up,0.0229717839618712,CD14_M,Maternal,0.889
chr19:12150000-12200000,up,0.0229639987153753,VCT,Fetal,0.999
chr5:160350000-160400000,up,0.022958936514018,SCT,Fetal,1
chr5:141150000-141200000,up,0.0229582657377951,fEC,Fetal,0.868
chr3:150000000-150050000,up,0.0229557299981811,iEVT,Fetal,1
chr1:154900000-154950000,up,0.0229520636483428,T,Maternal,0.689
chr7:152250000-152300000,up,0.022949005210523,SCT_B,Fetal,1
chr5:141250000-141300000,up,0.0229489442124319,SCT_B,Fetal,1
chr12:131500000-131550000,up,0.0229369005256156,LEC,Maternal,1
chr14:88950000-89000000,up,0.0229091113134924,iEVT,Fetal,1
chr9:117550000-117600000,up,0.0229076432203254,FB,Fetal,0.553
chr1:177550000-177600000,up,0.0228991840031831,SCT,Fetal,1
chr1:167600000-167650000,up,0.0228981874266148,dNK,Maternal,0.666
chr20:54750000-54800000,up,0.0228891973851153,SCT_B,Fetal,1
chr2:16150000-16200000,up,0.0228831026034248,SCT,Fetal,1
chr2:204950000-205000000,up,0.0228827147337042,eS,Maternal,0.994
chr20:550000-600000,up,0.0228775992012674,fEC,Fetal,0.868
chr22:29750000-29800000,up,0.0228763516917477,HB,Fetal,0.803
chr12:70350000-70400000,up,0.0228761898594188,SCT,Fetal,1
chr13:111550000-111600000,up,0.022875546262447,SCT_B,Fetal,1
chr19:35650000-35700000,up,0.0228653589865343,SCT_B,Fetal,1
chr14:96050000-96100000,up,0.0228620539552714,SCT_B,Fetal,1
chr15:101600000-101650000,up,0.0228486930627042,SCT_B,Fetal,1
chr7:91150000-91200000,up,0.0228471403976972,SCT,Fetal,1
chr11:34300000-34350000,up,0.0228336822702959,SCT_B,Fetal,1
chr1:199200000-199250000,up,0.0228308880321624,SCT,Fetal,1
chr19:5900000-5950000,up,0.0228295978149252,cilated,Maternal,1
chr3:132650000-132700000,up,0.0228223032072149,SCT,Fetal,1
chr1:117400000-117450000,up,0.0228196102123561,EVT,Fetal,0.999
chr6:107400000-107450000,up,0.0228189781334618,SCT_A,Fetal,1
chr10:7600000-7650000,up,0.0228095923181927,SCT_B,Fetal,1
chr6:54700000-54750000,up,0.0227980896986428,iEVT,Fetal,1
chr6:148750000-148800000,up,0.0227966236801885,LEC,Maternal,1
chr21:4350000-4400000,up,0.0227933460691033,B,Maternal,0.659
chr1:159900000-159950000,up,0.022788497040307,SCT_B,Fetal,1
chr18:3450000-3500000,up,0.0227866704445762,Epi,Maternal,0.991
chr1:44350000-44400000,up,0.0227846478126342,SCT,Fetal,1
chr7:53550000-53600000,up,0.0227809850265,SCT,Fetal,1
chr1:8750000-8800000,up,0.02278031153828,B,Maternal,0.659
chr10:13750000-13800000,up,0.0227609903331644,iEVT,Fetal,1
chr10:105550000-105600000,up,0.022758048171456,SCT_B,Fetal,1
chr2:15300000-15350000,up,0.0227577742649147,iEVT,Fetal,1
chr7:112400000-112450000,up,0.0227540226439797,VCT,Fetal,0.999
chr3:72600000-72650000,up,0.0227507732761016,SCT_B,Fetal,1
chr7:26700000-26750000,up,0.0227406157673689,SCT_B,Fetal,1
chr1:147100000-147150000,up,0.0227379194909546,SCT_B,Fetal,1
chr15:33350000-33400000,up,0.0227341300040447,SCT_B,Fetal,1
chr3:98500000-98550000,up,0.0227307386409345,SCT_B,Fetal,1
chr16:69450000-69500000,up,0.022719115812266,fEC,Fetal,0.868
chr5:16900000-16950000,up,0.0227176408040492,aEC,Maternal,0.781
chr3:138100000-138150000,up,0.0227165697668723,VCT,Fetal,0.999
chr9:100900000-100950000,up,0.022713877869833,SCT_A,Fetal,1
chr3:8650000-8700000,up,0.0227022045355915,SCT_B,Fetal,1
chr7:158550000-158600000,up,0.022701759499377,VCT,Fetal,0.999
chr15:50650000-50700000,up,0.0227005911880106,proSCT,Fetal,0.997
chr15:52150000-52200000,up,0.0226936776231647,iEVT,Fetal,1
chr8:17550000-17600000,up,0.0226868219624565,SCT_B,Fetal,1
chr1:172650000-172700000,up,0.0226742528042865,dNK,Maternal,0.666
chr5:11500000-11550000,up,0.0226722424874686,SCT,Fetal,1
chr17:39050000-39100000,up,0.0226655339591593,SCT_B,Fetal,1
chr6:4700000-4750000,up,0.0226651299613927,iEVT,Fetal,1
chr10:98000000-98050000,up,0.0226483425644506,proSCT,Fetal,0.997
chr14:105150000-105200000,up,0.02264492612952,eEVT,Fetal,1
chr12:50000000-50050000,up,0.022631421284595,fEC,Fetal,0.868
chr5:115850000-115900000,up,0.0226284959336225,SCT_B,Fetal,1
chr1:33150000-33200000,up,0.0226273521019625,SCT_B,Fetal,1
chr8:48650000-48700000,up,0.0226268802709499,CD14_M,Maternal,0.889
chr22:23450000-23500000,up,0.0226197555325208,dNK,Maternal,0.666
chr8:135800000-135850000,up,0.0226159564259769,SCT_B,Fetal,1
chr5:55700000-55750000,up,0.0226114814435082,VCT,Fetal,0.999
chr8:60500000-60550000,up,0.0226080866114766,SCT_A,Fetal,1
chr11:26600000-26650000,up,0.0226051027722821,SCT_B,Fetal,1
chr10:3650000-3700000,up,0.0225974387680002,EVT,Fetal,0.999
chr3:135950000-136000000,up,0.0225880735745479,SCT_B,Fetal,1
chr6:150450000-150500000,up,0.0225861098780569,SCT_B,Fetal,1
chr5:96250000-96300000,up,0.0225727736053805,SCT_B,Fetal,1
chr21:28100000-28150000,up,0.0225722841834633,iEVT,Fetal,1
chr1:16100000-16150000,up,0.0225636270936024,EVT,Fetal,0.999
chr5:159550000-159600000,up,0.0225564396671197,pvSMC,Maternal,0.456
chr10:21550000-21600000,up,0.0225535090999441,proSCT,Fetal,0.997
chr1:153900000-153950000,up,0.0225525459023529,T,Maternal,0.689
chr5:156950000-157000000,up,0.0225522491524271,SCT_B,Fetal,1
chr15:71600000-71650000,up,0.0225472491636245,SCT_B,Fetal,1
chr2:232550000-232600000,up,0.022546419601968,B,Maternal,0.659
chr14:53300000-53350000,up,0.0225272209244506,iEVT,Fetal,1
chr14:54400000-54450000,up,0.0225142392769121,FB,Fetal,0.553
chr16:84550000-84600000,up,0.0225118695571923,dNK,Maternal,0.666
chr12:12550000-12600000,up,0.0224946171310942,SCT,Fetal,1
chr1:45900000-45950000,up,0.0224926341139782,SCT,Fetal,1
chr1:39400000-39450000,up,0.0224918242845953,SCT_B,Fetal,1
chr3:13550000-13600000,up,0.022478468874414,uDSC,Maternal,0.99
chr11:96050000-96100000,up,0.0224746979214654,SCT_B,Fetal,1
chr11:115350000-115400000,up,0.0224649571400257,Epi,Maternal,0.991
chr5:68500000-68550000,up,0.0224614573306563,EVT,Fetal,0.999
chr3:123450000-123500000,up,0.0224539896066608,SCT_B,Fetal,1
chr4:53550000-53600000,up,0.0224536308572535,T,Maternal,0.689
chr2:100900000-100950000,up,0.0224499268148446,uDSC,Maternal,0.99
chr6:110200000-110250000,up,0.0224486289889147,SCT,Fetal,1
chr3:111800000-111850000,up,0.022447648709336,eEVT,Fetal,1
chr1:234600000-234650000,up,0.0224449205560709,pEVT,Fetal,0.968
chr17:9700000-9750000,up,0.0224399549655414,SCT_A,Fetal,1
chr5:81050000-81100000,up,0.0224162372213055,HB,Fetal,0.803
chr8:19150000-19200000,up,0.0224058906234124,SCT_B,Fetal,1
chr2:159700000-159750000,up,0.0224040904447849,VCT,Fetal,0.999
chr13:33700000-33750000,up,0.0224039381113557,HB,Fetal,0.803
chr17:7100000-7150000,up,0.0223883355805213,T,Maternal,0.689
chr10:105500000-105550000,up,0.0223811750926784,fEC,Fetal,0.868
chr15:71500000-71550000,up,0.022378715282213,SCT_B,Fetal,1
chr3:49550000-49600000,up,0.0223708987580353,eEVT,Fetal,1
chr3:137450000-137500000,up,0.0223702053058266,VCT,Fetal,0.999
chr19:41500000-41550000,up,0.0223644889246124,SCT,Fetal,1
chr8:91650000-91700000,up,0.0223493215511911,VCT,Fetal,0.999
chr12:51150000-51200000,up,0.0223473864461903,SCT_B,Fetal,1
chr13:47250000-47300000,up,0.022341936121863,iEVT,Fetal,1
chr17:70650000-70700000,up,0.0223036382752081,eEVT,Fetal,1
chr8:63950000-64000000,up,0.0222949810553361,proSCT,Fetal,0.997
chr11:70050000-70100000,up,0.0222821093891532,proSCT,Fetal,0.997
chr2:74450000-74500000,up,0.0222818104507908,SCT_B,Fetal,1
chr10:29400000-29450000,up,0.0222807083258108,pEVT,Fetal,0.968
chr11:69450000-69500000,up,0.0222546074604519,Epi,Maternal,0.991
chr20:48200000-48250000,up,0.0222493568732389,dNK,Maternal,0.666
chr15:50450000-50500000,up,0.0222366404216524,VCT,Fetal,0.999
chr11:120550000-120600000,up,0.0222363664014591,uDSC,Maternal,0.99
chr13:69250000-69300000,up,0.0222336506615057,VCT,Fetal,0.999
chr2:88300000-88350000,up,0.0222076832572156,VCT,Fetal,0.999
chr19:7200000-7250000,up,0.0222054741248938,DSC_B,Maternal,0.993
chr13:39550000-39600000,up,0.0222014039744493,SCT_B,Fetal,1
chr1:68000000-68050000,up,0.0222000662150136,Epi,Maternal,0.991
chr21:37550000-37600000,up,0.0221789313057433,eEVT,Fetal,1
chr11:34050000-34100000,up,0.0221774330631563,SCT_B,Fetal,1
chr14:75400000-75450000,up,0.022176019097084,eEVT,Fetal,1
chr15:69200000-69250000,up,0.0221733894275915,proSCT,Fetal,0.997
chr14:103250000-103300000,up,0.0221637374943832,SCT,Fetal,1
chr12:45650000-45700000,up,0.0221621960178782,EVT,Fetal,0.999
chr6:140750000-140800000,up,0.0221397841765626,SCT_B,Fetal,1
chr19:3950000-4000000,up,0.0221338428339283,eS,Maternal,0.994
chr11:122500000-122550000,up,0.0221268813117911,EVT,Fetal,0.999
chr1:45750000-45800000,up,0.0221188175250883,cycling_VCT,Fetal,0.959
chr1:151700000-151750000,up,0.0221173747416318,Ery,Fetal,0.612
chr3:98400000-98450000,up,0.0221170361920321,SCT,Fetal,1
chr9:100950000-101000000,up,0.0221071957954076,Epi,Maternal,0.991
chr19:11750000-11800000,up,0.0220945377013617,Ery,Fetal,0.612
chr16:57400000-57450000,up,0.0220888475688216,SCT_B,Fetal,1
chr18:14900000-14950000,up,0.0220807863855043,SCT,Fetal,1
chr1:166800000-166850000,up,0.0220792601304796,SCT_B,Fetal,1
chr18:42100000-42150000,up,0.0220724907130884,SCT_B,Fetal,1
chr2:72050000-72100000,up,0.0220708083816351,FB,Fetal,0.553
chr3:42150000-42200000,up,0.022067125118527,VCT,Fetal,0.999
chr4:186050000-186100000,up,0.0220600130477774,SCT_A,Fetal,1
chr16:87250000-87300000,up,0.022059618405669,SCT_B,Fetal,1
chr16:77700000-77750000,up,0.0220553967196565,SCT_B,Fetal,1
chr14:91600000-91650000,up,0.022053965867323,proSCT,Fetal,0.997
chr1:183250000-183300000,up,0.0220534980902483,eEVT,Fetal,1
chr16:23250000-23300000,up,0.0220472435699647,Epi,Maternal,0.991
chr5:136100000-136150000,up,0.0220294717966676,SCT_A,Fetal,1
chr14:77750000-77800000,up,0.0220277576417678,SCT_B,Fetal,1
chr7:116550000-116600000,up,0.0220236385678072,VCT,Fetal,0.999
chr17:14650000-14700000,up,0.0220227771211939,SCT_B,Fetal,1
chr11:5600000-5650000,up,0.0220018872657617,SCT,Fetal,1
chr20:36800000-36850000,up,0.0219985166060505,SCT,Fetal,1
chr14:75700000-75750000,up,0.0219796011215373,CD16_M,Maternal,0.939
chr2:26900000-26950000,up,0.0219747344928609,pvSMC,Maternal,0.456
chr20:45900000-45950000,up,0.0219729843217525,SCT,Fetal,1
chr7:42100000-42150000,up,0.0219709191916432,SCT,Fetal,1
chr12:104250000-104300000,up,0.0219623187867699,SCT_B,Fetal,1
chr12:44150000-44200000,up,0.0219614650748005,SCT_B,Fetal,1
chr15:66950000-67000000,up,0.0219599054999833,Ery,Fetal,0.612
chr4:53600000-53650000,up,0.0219535577843915,VCT,Fetal,0.999
chr7:20350000-20400000,up,0.0219471923904289,Epi,Maternal,0.991
chr17:39200000-39250000,up,0.0219394227795788,iEVT,Fetal,1
chr10:8250000-8300000,up,0.0219367859445505,SCT_B,Fetal,1
chr9:97550000-97600000,up,0.0219311654160964,EVT,Fetal,0.999
chr14:100050000-100100000,up,0.0219276958519928,fEC,Fetal,0.868
chr8:80950000-81000000,up,0.0219208766948421,SCT_B,Fetal,1
chr1:229450000-229500000,up,0.0219187591546491,SCT_B,Fetal,1
chr2:161350000-161400000,up,0.0219094027432649,SCT,Fetal,1
chr11:65300000-65350000,up,0.021904058078997,dNK,Maternal,0.666
chr10:122700000-122750000,up,0.0219008724149988,Epi,Maternal,0.991
chr14:89000000-89050000,up,0.0218930453470855,SCT_B,Fetal,1
chr6:168750000-168800000,up,0.0218818949137334,SCT_B,Fetal,1
chr3:13000000-13050000,up,0.0218731338011912,HB,Fetal,0.803
chr2:222650000-222700000,up,0.0218624577432076,iEVT,Fetal,1
chr1:227500000-227550000,up,0.0218559159475482,Ery,Fetal,0.612
chr19:3050000-3100000,up,0.0218523445194447,GC,Fetal,0.929
chr17:73600000-73650000,up,0.0218505268425775,SCT_B,Fetal,1
chr10:13800000-13850000,up,0.0218503854177701,eEVT,Fetal,1
chr12:94450000-94500000,up,0.0218325223506959,VCT,Fetal,0.999
chr14:73400000-73450000,up,0.0218305907315126,SCT_B,Fetal,1
chr7:105650000-105700000,up,0.0218266569092888,uDSC,Maternal,0.99
chr2:23600000-23650000,up,0.0218243146067071,EVT,Fetal,0.999
chr16:85650000-85700000,up,0.0218229691220844,dNK,Maternal,0.666
chr14:21100000-21150000,up,0.0218171125835618,SCT_A,Fetal,1
chr6:35850000-35900000,up,0.0218119538618347,SCT_B,Fetal,1
chr10:126750000-126800000,up,0.0217934750247132,cilated,Maternal,1
chr9:97800000-97850000,up,0.0217931091849989,eS,Maternal,0.994
chr5:140050000-140100000,up,0.0217929937149666,SCT_B,Fetal,1
chr5:57150000-57200000,up,0.0217912006620702,eEVT,Fetal,1
chr3:194550000-194600000,up,0.0217813224213145,SCT_A,Fetal,1
chr20:24950000-25000000,up,0.0217799206944754,proSCT,Fetal,0.997
chr1:205400000-205450000,up,0.0217707439427453,Epi,Maternal,0.991
chr11:108350000-108400000,up,0.0217685461038102,SCT_B,Fetal,1
chr14:69250000-69300000,up,0.0217639770634847,B,Maternal,0.659
chr12:18450000-18500000,up,0.0217543431432042,SCT_B,Fetal,1
chr2:161100000-161150000,up,0.0217433616216702,SCT_B,Fetal,1
chr2:64050000-64100000,up,0.0217421335573385,VCT,Fetal,0.999
chr6:130000000-130050000,up,0.0217362559437617,CD14_M,Maternal,0.889
chr17:4300000-4350000,up,0.0217336201923017,pEVT,Fetal,0.968
chr8:63800000-63850000,up,0.02172868990577,SCT,Fetal,1
chr14:102500000-102550000,up,0.0217199288228618,cilated,Maternal,1
chr15:76150000-76200000,up,0.0217099292162484,SCT,Fetal,1
chr10:63850000-63900000,up,0.0217093051065839,SCT_B,Fetal,1
chr6:53600000-53650000,up,0.0217072993801451,SCT_B,Fetal,1
chr5:122150000-122200000,up,0.0217010698871566,EVT,Fetal,0.999
chr22:19800000-19850000,up,0.021700333035978,SCT_B,Fetal,1
chr17:25800000-25850000,up,0.0216901504774747,VCT,Fetal,0.999
chr6:37350000-37400000,up,0.021682426447119,VCT,Fetal,0.999
chr3:24500000-24550000,up,0.0216771915912314,eEVT,Fetal,1
chr18:3000000-3050000,up,0.0216672815621446,SCT_B,Fetal,1
chr1:66700000-66750000,up,0.0216640471549816,SCT_B,Fetal,1
chr4:77100000-77150000,up,0.0216611855685744,SCT_B,Fetal,1
chr8:71950000-72000000,up,0.0216610717020626,SCT_B,Fetal,1
chr3:197250000-197300000,up,0.0216438123360383,SCT_B,Fetal,1
chr5:142850000-142900000,up,0.0216388169728243,SCT,Fetal,1
chr5:71950000-72000000,up,0.0216311209283524,SCT_B,Fetal,1
chr14:79800000-79850000,up,0.0216266075762205,SCT_A,Fetal,1
chr3:32850000-32900000,up,0.0216201147666149,eEVT,Fetal,1
chr2:56100000-56150000,up,0.0216187531799647,aEC,Maternal,0.781
chr6:143950000-144000000,up,0.0216140631632761,SCT_B,Fetal,1
chr21:28200000-28250000,up,0.0216115456845338,pEVT,Fetal,0.968
chr7:110150000-110200000,up,0.0216093229171497,SCT_A,Fetal,1
chr7:12700000-12750000,up,0.0216020264089265,SCT_B,Fetal,1
chr6:122250000-122300000,up,0.0215985772026931,fEC,Fetal,0.868
chr1:16950000-17000000,up,0.0215932705490712,Ery,Fetal,0.612
chr8:103750000-103800000,up,0.0215932381306424,eEVT,Fetal,1
chr2:161800000-161850000,up,0.0215909518448322,SCT_B,Fetal,1
chr6:111550000-111600000,up,0.0215877191734413,SCT_B,Fetal,1
chr7:30750000-30800000,up,0.0215859683620778,pvSMC,Maternal,0.456
chr2:88700000-88750000,up,0.0215846158221366,VCT,Fetal,0.999
chr17:31250000-31300000,up,0.0215829680152315,eS,Maternal,0.994
chr7:128850000-128900000,up,0.0215751973792779,B,Maternal,0.659
chr7:6500000-6550000,up,0.0215730740540287,SCT_B,Fetal,1
chr2:136000000-136050000,up,0.0215701323148565,SCT,Fetal,1
chr1:117200000-117250000,up,0.0215675510380399,SCT_B,Fetal,1
chr12:122950000-123000000,up,0.0215667410528565,SCT_B,Fetal,1
chr2:97550000-97600000,up,0.0215653738693882,proEVT,Fetal,0.949
chr8:38200000-38250000,up,0.0215626016325087,T,Maternal,0.689
chr15:80850000-80900000,up,0.0215619525296505,iEVT,Fetal,1
chr12:38500000-38550000,up,0.0215528999646015,Epi,Maternal,0.991
chr20:31300000-31350000,up,0.0215469957165476,proSCT,Fetal,0.997
chr15:71550000-71600000,up,0.0215462043229906,SCT_B,Fetal,1
chr5:118650000-118700000,up,0.0215338697820024,T,Maternal,0.689
chr6:4800000-4850000,up,0.0215292489108158,SCT_B,Fetal,1
chr11:75200000-75250000,up,0.021518936934543,SCT_B,Fetal,1
chr1:61500000-61550000,up,0.0215135521275047,Ery,Fetal,0.612
chr16:58250000-58300000,up,0.0215073968016743,SCT_B,Fetal,1
chr19:38750000-38800000,up,0.0215053458625563,Epi,Maternal,0.991
chr2:113550000-113600000,down,-0.091776037850278,VCT,Fetal,0.999
chr10:70800000-70850000,down,-0.0856904419220901,CD14_M,Maternal,0.889
chr1:209800000-209850000,down,-0.0818397254649452,Epi,Maternal,0.991
chr10:81050000-81100000,down,-0.0803852723916259,CD16_M,Maternal,0.939
chr10:74050000-74100000,down,-0.0792165802371074,dNK,Maternal,0.666
chr3:10200000-10250000,down,-0.0789540133888323,CD14_M,Maternal,0.889
chr20:23100000-23150000,down,-0.0755460649107877,HB,Fetal,0.803
chr22:27500000-27550000,down,-0.0751484497960128,uDSC,Maternal,0.99
chr17:72500000-72550000,down,-0.0745746695322544,CD14_M,Maternal,0.889
chr1:26600000-26650000,down,-0.0740243471309518,T,Maternal,0.689
chr6:14700000-14750000,down,-0.0738317647384013,EVT,Fetal,0.999
chr16:50700000-50750000,down,-0.0738193900088945,dNK,Maternal,0.666
chr1:27950000-28000000,down,-0.0737942898958738,dNK,Maternal,0.666
chr19:17200000-17250000,down,-0.0735908811784969,CD16_M,Maternal,0.939
chr18:74750000-74800000,down,-0.073237276238862,cDC,Unknown,0.507
chr9:95850000-95900000,down,-0.0718936421257292,HB,Fetal,0.803
chr17:8800000-8850000,down,-0.0714870151714247,T,Maternal,0.689
chr19:10500000-10550000,down,-0.0713857621086655,dNK,Maternal,0.666
chr10:17050000-17100000,down,-0.068312548651595,T,Maternal,0.689
chr5:1450000-1500000,down,-0.0681470939271548,CD14_M,Maternal,0.889
chr17:75850000-75900000,down,-0.0677728465399352,dNK,Maternal,0.666
chr15:39700000-39750000,down,-0.0676213400163379,eS,Maternal,0.994
chr16:31350000-31400000,down,-0.0664430168155298,dNK,Maternal,0.666
chr5:169700000-169750000,down,-0.0650327061395055,T,Maternal,0.689
chr20:52500000-52550000,down,-0.0647053262028099,dNK,Maternal,0.666
chr1:183550000-183600000,down,-0.0645971839163219,HB,Fetal,0.803
chr19:52250000-52300000,down,-0.0639470358295383,CD16_M,Maternal,0.939
chr18:74800000-74850000,down,-0.0633506702323827,CD16_M,Maternal,0.939
chr6:44000000-44050000,down,-0.0628737220066464,CD16_M,Maternal,0.939
chr14:105500000-105550000,down,-0.0628622477553821,eEVT,Fetal,1
chr4:154550000-154600000,down,-0.0625865643714453,HB,Fetal,0.803
chr3:46100000-46150000,down,-0.0625221878222974,CD16_M,Maternal,0.939
chr1:236100000-236150000,down,-0.0623388298761676,CD16_M,Maternal,0.939
chr1:12200000-12250000,down,-0.061875310242814,HB,Fetal,0.803
chr20:46350000-46400000,down,-0.0594420916701654,CD16_M,Maternal,0.939
chr19:47850000-47900000,down,-0.0584319871720589,CD16_M,Maternal,0.939
chr19:39850000-39900000,down,-0.0583363597331261,dNK,Maternal,0.666
chr22:39350000-39400000,down,-0.0580580811000743,CD16_M,Maternal,0.939
chr1:21600000-21650000,down,-0.0577115925331064,uDSC,Maternal,0.99
chr8:134900000-134950000,down,-0.0572649764205426,HB,Fetal,0.803
chr15:80250000-80300000,down,-0.0568540007136096,HB,Fetal,0.803
chr10:64350000-64400000,down,-0.0563860375535992,CD14_M,Maternal,0.889
chr6:31500000-31550000,down,-0.0560490066571675,T,Maternal,0.689
chr2:69050000-69100000,down,-0.0558040838860288,fEC,Fetal,0.868
chr16:31850000-31900000,down,-0.0556117134413984,CD14_M,Maternal,0.889
chr17:72600000-72650000,down,-0.0551426922309053,CD16_M,Maternal,0.939
chr7:36750000-36800000,down,-0.0551369177304585,T,Maternal,0.689
chr3:46400000-46450000,down,-0.0548619889036368,CD16_M,Maternal,0.939
chr16:17450000-17500000,down,-0.0547372084140129,T,Maternal,0.689
chr1:26850000-26900000,down,-0.0547030181761923,CD14_M,Maternal,0.889
chr7:55600000-55650000,down,-0.0544925264003371,B,Maternal,0.659
chr14:73900000-73950000,down,-0.0544543280043011,CD16_M,Maternal,0.939
chr11:35100000-35150000,down,-0.0536951594558476,T,Maternal,0.689
chr1:234950000-235000000,down,-0.0535909267334614,HB,Fetal,0.803
chr16:72200000-72250000,down,-0.0532323434693242,CD14_M,Maternal,0.889
chr10:6300000-6350000,down,-0.0531694049676422,T,Maternal,0.689
chr19:51900000-51950000,down,-0.0530608530702757,dNK,Maternal,0.666
chr15:92450000-92500000,down,-0.0528188090739191,CD14_M,Maternal,0.889
chr9:110400000-110450000,down,-0.0526556487108182,HB,Fetal,0.803
chr17:34400000-34450000,down,-0.0521584188293293,dNK,Maternal,0.666
chr7:151500000-151550000,down,-0.0521037953056242,CD16_M,Maternal,0.939
chr21:34750000-34800000,down,-0.0519985530130042,CD16_M,Maternal,0.939
chr17:38450000-38500000,down,-0.0514549588595721,B,Maternal,0.659
chr20:5600000-5650000,down,-0.0514546388005755,CD16_M,Maternal,0.939
chr20:35950000-36000000,down,-0.0514140843696274,cDC,Unknown,0.507
chr1:111150000-111200000,down,-0.0513747941132594,T,Maternal,0.689
chr9:123650000-123700000,down,-0.0511171400521057,T,Maternal,0.689
chr13:99950000-100000000,down,-0.0506543991139673,T,Maternal,0.689
chr12:116950000-117000000,down,-0.0506495054383045,B,Maternal,0.659
chr1:117050000-117100000,down,-0.0500897476779514,dNK,Maternal,0.666
chr20:44600000-44650000,down,-0.0500069733019973,CD16_M,Maternal,0.939
chr13:46900000-46950000,down,-0.0498910291596228,cDC,Unknown,0.507
chr17:38250000-38300000,down,-0.049867447744588,B,Maternal,0.659
chr6:14850000-14900000,down,-0.0496378526086961,dNK,Maternal,0.666
chr17:76400000-76450000,down,-0.049533563827791,vEC,Maternal,0.8
chr16:66550000-66600000,down,-0.049229691722361,dNK,Maternal,0.666
chr22:31000000-31050000,down,-0.0492186076691575,LEC,Maternal,1
chr22:22250000-22300000,down,-0.0491904686363358,LEC,Maternal,1
chr17:79800000-79850000,down,-0.0490503268644956,dNK,Maternal,0.666
chr6:160100000-160150000,down,-0.0490051966141809,Epi,Maternal,0.991
chr7:105950000-106000000,down,-0.0490015955097831,CD16_M,Maternal,0.939
chr20:62500000-62550000,down,-0.0488855184506638,CD14_M,Maternal,0.889
chr2:241550000-241600000,down,-0.0488237913276554,dNK,Maternal,0.666
chr1:156050000-156100000,down,-0.0487623013896999,CD16_M,Maternal,0.939
chr4:75200000-75250000,down,-0.0487559299149177,CD16_M,Maternal,0.939
chr15:70800000-70850000,down,-0.0486862338024506,T,Maternal,0.689
chr8:27200000-27250000,down,-0.0485868728968203,dNK,Maternal,0.666
chr2:43350000-43400000,down,-0.0484666610223658,T,Maternal,0.689
chr2:219550000-219600000,down,-0.048387936336172,Ery,Fetal,0.612
chr18:13550000-13600000,down,-0.0483151129968381,cDC,Unknown,0.507
chr22:17700000-17750000,down,-0.0482928153473544,Epi,Maternal,0.991
chr20:56000000-56050000,down,-0.0482716726927588,cilated,Maternal,1
chr5:142350000-142400000,down,-0.0482357305917387,dNK,Maternal,0.666
chr20:4750000-4800000,down,-0.048228545519651,CD14_M,Maternal,0.889
chr10:125950000-126000000,down,-0.0481079550673106,HB,Fetal,0.803
chr2:26200000-26250000,down,-0.048096493821372,CD14_M,Maternal,0.889
chr7:99950000-100000000,down,-0.0480802088161409,dNK,Maternal,0.666
chr3:53150000-53200000,down,-0.0480004791641113,cilated,Maternal,1
chr11:58300000-58350000,down,-0.0479619708463202,T,Maternal,0.689
chr3:127450000-127500000,down,-0.0479230573369094,cilated,Maternal,1
chr1:247550000-247600000,down,-0.0477933006442097,CD16_M,Maternal,0.939
chr1:28200000-28250000,down,-0.0476350968009678,CD14_M,Maternal,0.889
chr1:11750000-11800000,down,-0.0476010593787828,dNK,Maternal,0.666
chr3:15300000-15350000,down,-0.0475322401858608,HB,Fetal,0.803
chr17:74450000-74500000,down,-0.0474745592007934,B,Maternal,0.659
chr21:45550000-45600000,down,-0.0474047866811492,B,Maternal,0.659
chr17:32550000-32600000,down,-0.047401162510124,CD14_M,Maternal,0.889
chr15:70750000-70800000,down,-0.0473790442245324,CD16_M,Maternal,0.939
chr19:3100000-3150000,down,-0.0473709674430046,HB,Fetal,0.803
chr9:135950000-136000000,down,-0.0472233888722938,CD16_M,Maternal,0.939
chr19:6050000-6100000,down,-0.047198211062115,cilated,Maternal,1
chr11:117850000-117900000,down,-0.0471760557521649,T,Maternal,0.689
chr19:7700000-7750000,down,-0.0471593343274996,CD16_M,Maternal,0.939
chr6:88400000-88450000,down,-0.0469766542720904,CD16_M,Maternal,0.939
chr7:104550000-104600000,down,-0.0469550596623364,vEC,Maternal,0.8
chr2:145450000-145500000,down,-0.0464498188599858,HB,Fetal,0.803
chr6:159450000-159500000,down,-0.0462385699092728,T,Maternal,0.689
chr16:31000000-31050000,down,-0.0462329159145217,CD16_M,Maternal,0.939
chr21:34550000-34600000,down,-0.0462020210194698,CD14_M,Maternal,0.889
chr19:35800000-35850000,down,-0.0461604589522995,B,Maternal,0.659
chr20:20200000-20250000,down,-0.0460535021685444,CD16_M,Maternal,0.939
chr19:4550000-4600000,down,-0.0460145104441715,vEC,Maternal,0.8
chr6:136900000-136950000,down,-0.0459194658743436,Epi,Maternal,0.991
chr7:2550000-2600000,down,-0.0458401941046212,T,Maternal,0.689
chr9:139400000-139450000,down,-0.0457847641779136,vEC,Maternal,0.8
chr8:102100000-102150000,down,-0.0457392057743982,SCT_B,Fetal,1
chr5:172200000-172250000,down,-0.0457257681448136,CD16_M,Maternal,0.939
chr20:1900000-1950000,down,-0.045650332843727,CD14_M,Maternal,0.889
chr17:79100000-79150000,down,-0.0456190169807147,CD14_M,Maternal,0.889
chr1:221850000-221900000,down,-0.0453868176741341,dNK,Maternal,0.666
chr11:35050000-35100000,down,-0.0453652833677549,T,Maternal,0.689
chr17:1000000-1050000,down,-0.0452831856361644,dNK,Maternal,0.666
chr11:72400000-72450000,down,-0.0452670181335891,CD14_M,Maternal,0.889
chr17:8850000-8900000,down,-0.04525064668127,T,Maternal,0.689
chr10:125750000-125800000,down,-0.0449153028641712,CD16_M,Maternal,0.939
chr1:226200000-226250000,down,-0.0448313216450446,CD14_M,Maternal,0.889
chr2:240850000-240900000,down,-0.0445790344918501,LEC,Maternal,1
chr6:11700000-11750000,down,-0.0445607704187094,HB,Fetal,0.803
chr19:16400000-16450000,down,-0.044504226583357,CD14_M,Maternal,0.889
chr10:17250000-17300000,down,-0.0445013248985474,cDC,Unknown,0.507
chr19:54300000-54350000,down,-0.0444746938490869,fEC,Fetal,0.868
chr19:47100000-47150000,down,-0.0444638105395126,T,Maternal,0.689
chr19:50400000-50450000,down,-0.0443245863927893,CD14_M,Maternal,0.889
chr16:1500000-1550000,down,-0.0442313603571664,B,Maternal,0.659
chr11:47400000-47450000,down,-0.0442236719063578,CD14_M,Maternal,0.889
chr4:114700000-114750000,down,-0.0441437476527007,HB,Fetal,0.803
chr10:126000000-126050000,down,-0.0438201064155817,eS,Maternal,0.994
chr6:14100000-14150000,down,-0.0438183586969549,CD14_M,Maternal,0.889
chr1:42200000-42250000,down,-0.0436376234557957,CD14_M,Maternal,0.889
chr5:176850000-176900000,down,-0.043616572007065,T,Maternal,0.689
chr2:230150000-230200000,down,-0.0436110363349916,CD14_M,Maternal,0.889
chr20:2250000-2300000,down,-0.0435856685547401,CD16_M,Maternal,0.939
chr12:111800000-111850000,down,-0.0435501173213337,CD14_M,Maternal,0.889
chr20:5050000-5100000,down,-0.0435396384730032,HB,Fetal,0.803
chr17:1100000-1150000,down,-0.043479898895597,CD14_M,Maternal,0.889
chr1:206750000-206800000,down,-0.0433742433170527,dNK,Maternal,0.666
chr1:15550000-15600000,down,-0.0431749603823903,CD14_M,Maternal,0.889
chr5:79400000-79450000,down,-0.0431626930524462,CD14_M,Maternal,0.889
chr7:111700000-111750000,down,-0.0429246277007272,CD14_M,Maternal,0.889
chr11:6200000-6250000,down,-0.0426726877042435,dNK,Maternal,0.666
chr20:39100000-39150000,down,-0.0426450623155003,SCT_B,Fetal,1
chr2:8350000-8400000,down,-0.0424651819287471,dNK,Maternal,0.666
chr7:24800000-24850000,down,-0.0423603081962666,eEVT,Fetal,1
chr22:47150000-47200000,down,-0.0423213564255854,B,Maternal,0.659
chr9:73150000-73200000,down,-0.0422549034762308,CD14_M,Maternal,0.889
chr4:74550000-74600000,down,-0.0422268452399023,CD16_M,Maternal,0.939
chr17:17900000-17950000,down,-0.0422151866074372,cilated,Maternal,1
chr22:24800000-24850000,down,-0.0422041295565161,T,Maternal,0.689
chr19:45200000-45250000,down,-0.0420717920451424,CD16_M,Maternal,0.939
chr11:117650000-117700000,down,-0.042033888434265,Epi,Maternal,0.991
chr8:132800000-132850000,down,-0.0418555398394233,CD16_M,Maternal,0.939
chr12:121700000-121750000,down,-0.0417559451963559,LEC,Maternal,1
chr19:41050000-41100000,down,-0.0415621784189413,B,Maternal,0.659
chr2:96800000-96850000,down,-0.0415407115291299,T,Maternal,0.689
chr19:51600000-51650000,down,-0.0415242939343603,CD14_M,Maternal,0.889
chr6:170350000-170400000,down,-0.0415186274393388,uDSC,Maternal,0.99
chr3:156800000-156850000,down,-0.0415128149158348,uDSC,Maternal,0.99
chr2:128450000-128500000,down,-0.0414226460988713,Ery,Fetal,0.612
chr2:145400000-145450000,down,-0.0413403180665778,CD16_M,Maternal,0.939
chr22:46900000-46950000,down,-0.0412591790673195,LEC,Maternal,1
chr10:7200000-7250000,down,-0.041201267658006,dNK,Maternal,0.666
chr6:89700000-89750000,down,-0.0411721215175356,uDSC,Maternal,0.99
chr11:48000000-48050000,down,-0.0410621325052248,T,Maternal,0.689
chr5:150400000-150450000,down,-0.0410397197628983,Epi,Maternal,0.991
chr9:75800000-75850000,down,-0.0407636444257395,DSC_B,Maternal,0.993
chr9:107800000-107850000,down,-0.0407262943635667,CD16_M,Maternal,0.939
chr5:176900000-176950000,down,-0.0407084447401879,vEC,Maternal,0.8
chr15:70000000-70050000,down,-0.040681989001487,T,Maternal,0.689
chr20:47350000-47400000,down,-0.04062216748611,T,Maternal,0.689
chr19:4400000-4450000,down,-0.0405340052750827,CD16_M,Maternal,0.939
chr16:67500000-67550000,down,-0.0404276349926687,B,Maternal,0.659
chr20:10450000-10500000,down,-0.0404121079614991,dNK,Maternal,0.666
chr22:23250000-23300000,down,-0.040275811578199,B,Maternal,0.659
chr20:2150000-2200000,down,-0.0402485390621367,CD16_M,Maternal,0.939
chr7:950000-1000000,down,-0.0400624941370798,dNK,Maternal,0.666
chr19:55250000-55300000,down,-0.0399269066698557,dNK,Maternal,0.666
chr3:45150000-45200000,down,-0.0397184478552089,Epi,Maternal,0.991
chr9:117700000-117750000,down,-0.0396851282010118,uDSC,Maternal,0.99
chr2:143600000-143650000,down,-0.0396829038421118,SCT_B,Fetal,1
chr3:128900000-128950000,down,-0.0395431343416499,HB,Fetal,0.803
chr1:36800000-36850000,down,-0.0395354590355007,SCT_B,Fetal,1
chr1:6050000-6100000,down,-0.039492455764814,T,Maternal,0.689
chr17:80250000-80300000,down,-0.0394745180725724,dNK,Maternal,0.666
chr20:4000000-4050000,down,-0.039344892715803,eS,Maternal,0.994
chr8:142100000-142150000,down,-0.039329827778552,CD14_M,Maternal,0.889
chr8:134150000-134200000,down,-0.0392421412013417,CD16_M,Maternal,0.939
chr6:138150000-138200000,down,-0.038969548250817,SCT_B,Fetal,1
chr1:235100000-235150000,down,-0.0389399157983141,LEC,Maternal,1
chr19:55350000-55400000,down,-0.0388697132366243,dNK,Maternal,0.666
chr11:67100000-67150000,down,-0.038798974034636,DSC_B,Maternal,0.993
chr6:32400000-32450000,down,-0.0386669749376191,B,Maternal,0.659
chr1:110350000-110400000,down,-0.0385280292177892,dNK,Maternal,0.666
chr2:60700000-60750000,down,-0.0384035863074723,Ery,Fetal,0.612
chr17:9900000-9950000,down,-0.038361630316445,CD14_M,Maternal,0.889
chr12:2400000-2450000,down,-0.0383166086920827,eS,Maternal,0.994
chr8:126700000-126750000,down,-0.0382432627204134,Epi,Maternal,0.991
chr17:77950000-78000000,down,-0.0382249546779245,uDSC,Maternal,0.99
chr2:8650000-8700000,down,-0.0381904502870901,dNK,Maternal,0.666
chr15:86100000-86150000,down,-0.0380839362110714,CD14_M,Maternal,0.889
chr20:62150000-62200000,down,-0.0380703810138906,T,Maternal,0.689
chr8:1650000-1700000,down,-0.0380626193180949,CD14_M,Maternal,0.889
chr5:139950000-140000000,down,-0.038054863885624,HB,Fetal,0.803
chr20:48600000-48650000,down,-0.0380301849397367,SCT_B,Fetal,1
chr10:5300000-5350000,down,-0.0379978776258405,T,Maternal,0.689
chr8:22550000-22600000,down,-0.0379894138658989,B,Maternal,0.659
chr19:18100000-18150000,down,-0.0379677558751759,CD14_M,Maternal,0.889
chr19:35900000-35950000,down,-0.0379252094610832,CD14_M,Maternal,0.889
chr15:75350000-75400000,down,-0.0378951205084559,CD16_M,Maternal,0.939
chr9:126950000-127000000,down,-0.0378322477058582,dNK,Maternal,0.666
chr10:49800000-49850000,down,-0.0378288794696349,CD14_M,Maternal,0.889
chr20:43250000-43300000,down,-0.0378191571929434,T,Maternal,0.689
chr4:82400000-82450000,down,-0.037802986588694,CD14_M,Maternal,0.889
chr5:77800000-77850000,down,-0.0377480987616185,CD14_M,Maternal,0.889
chr6:167000000-167050000,down,-0.0377219491122382,LEC,Maternal,1
chr1:153750000-153800000,down,-0.0375279517672502,B,Maternal,0.659
chr12:76350000-76400000,down,-0.0374919667475842,dNK,Maternal,0.666
chr14:77200000-77250000,down,-0.0374611468715862,CD16_M,Maternal,0.939
chr10:45850000-45900000,down,-0.0374526220677069,HB,Fetal,0.803
chr15:45000000-45050000,down,-0.0373564951052517,T,Maternal,0.689
chr18:3150000-3200000,down,-0.03734987853241,CD14_M,Maternal,0.889
chr4:185750000-185800000,down,-0.0373395232544064,CD16_M,Maternal,0.939
chr13:99900000-99950000,down,-0.0373357022103778,T,Maternal,0.689
chr7:130600000-130650000,down,-0.0372208534711054,Epi,Maternal,0.991
chr11:124900000-124950000,down,-0.0371464966046573,HB,Fetal,0.803
chr17:1950000-2000000,down,-0.0370148646008299,eS,Maternal,0.994
chr5:55450000-55500000,down,-0.0369761211195654,Epi,Maternal,0.991
chr17:60950000-61000000,down,-0.0369654012219587,CD16_M,Maternal,0.939
chr9:117750000-117800000,down,-0.0369593197975444,uDSC,Maternal,0.99
chr1:158250000-158300000,down,-0.0369575770713422,HB,Fetal,0.803
chr1:226850000-226900000,down,-0.0369565672752642,T,Maternal,0.689
chr20:35850000-35900000,down,-0.0369318716049707,iEVT,Fetal,1
chr6:14900000-14950000,down,-0.0368868082674698,CD16_M,Maternal,0.939
chr16:30700000-30750000,down,-0.0368737109198001,T,Maternal,0.689
chr22:46950000-47000000,down,-0.0368324589372236,CD14_M,Maternal,0.889
chr5:142150000-142200000,down,-0.0367955206318523,HB,Fetal,0.803
chr4:159700000-159750000,down,-0.0367872472532122,CD16_M,Maternal,0.939
chr15:45700000-45750000,down,-0.0367088530936716,CD16_M,Maternal,0.939
chr17:76350000-76400000,down,-0.0367054445604067,vEC,Maternal,0.8
chr17:1450000-1500000,down,-0.0365784734347689,CD16_M,Maternal,0.939
chr4:2800000-2850000,down,-0.0365592501950736,dNK,Maternal,0.666
chr20:61300000-61350000,down,-0.036554331571309,dNK,Maternal,0.666
chr2:218750000-218800000,down,-0.0365489357379161,LEC,Maternal,1
chr1:31200000-31250000,down,-0.0365447592836915,B,Maternal,0.659
chr10:6200000-6250000,down,-0.036506921355774,CD14_M,Maternal,0.889
chr4:3350000-3400000,down,-0.0364740381269936,CD14_M,Maternal,0.889
chr2:109200000-109250000,down,-0.0364469948453137,dNK,Maternal,0.666
chr1:21650000-21700000,down,-0.0364322001844718,dNK,Maternal,0.666
chr1:66800000-66850000,down,-0.0364306903954147,B,Maternal,0.659
chr1:186550000-186600000,down,-0.036384613966368,Ery,Fetal,0.612
chr15:72500000-72550000,down,-0.0363524712319045,SCT_B,Fetal,1
chr7:45000000-45050000,down,-0.0363146688946157,T,Maternal,0.689
chr6:30450000-30500000,down,-0.0363070622828722,T,Maternal,0.689
chr12:129300000-129350000,down,-0.0363010115321907,Epi,Maternal,0.991
chr16:88700000-88750000,down,-0.0360790676343111,B,Maternal,0.659
chr17:71100000-71150000,down,-0.0360765362489562,CD16_M,Maternal,0.939
chr10:135050000-135100000,down,-0.035934789073495,dNK,Maternal,0.666
chr9:115600000-115650000,down,-0.0358937436730677,HB,Fetal,0.803
chr22:37650000-37700000,down,-0.0358927768649407,CD14_M,Maternal,0.889
chr7:5700000-5750000,down,-0.0358883798346425,cDC,Unknown,0.507
chr13:50750000-50800000,down,-0.0358680480019594,CD16_M,Maternal,0.939
chr11:9250000-9300000,down,-0.0357958021494361,iEVT,Fetal,1
chr1:151200000-151250000,down,-0.0357946455976989,proSCT,Fetal,0.997
chr11:69050000-69100000,down,-0.0357147541098644,Epi,Maternal,0.991
chr4:1550000-1600000,down,-0.0356265415201131,uDSC,Maternal,0.99
chr9:79150000-79200000,down,-0.0356198075887043,dNK,Maternal,0.666
chr13:100050000-100100000,down,-0.0356177964154808,T,Maternal,0.689
chr15:65150000-65200000,down,-0.0356119242595505,CD14_M,Maternal,0.889
chr9:92050000-92100000,down,-0.0356092171305129,dNK,Maternal,0.666
chr8:67650000-67700000,down,-0.0355932353319864,CD16_M,Maternal,0.939
chr19:54850000-54900000,down,-0.0355754098070433,CD14_M,Maternal,0.889
chr16:89000000-89050000,down,-0.0355569596856193,B,Maternal,0.659
chr7:139550000-139600000,down,-0.0355038439334528,dNK,Maternal,0.666
chr14:75050000-75100000,down,-0.0354834030659806,CD14_M,Maternal,0.889
chr14:70150000-70200000,down,-0.0354661314248854,CD14_M,Maternal,0.889
chr11:1750000-1800000,down,-0.0354368735910637,dNK,Maternal,0.666
chr4:11450000-11500000,down,-0.0354340035203813,HB,Fetal,0.803
chr15:70550000-70600000,down,-0.0354113090619254,CD14_M,Maternal,0.889
chr12:90150000-90200000,down,-0.0353202572489508,SCT_B,Fetal,1
chr14:91700000-91750000,down,-0.0353012400731422,T,Maternal,0.689
chr11:68800000-68850000,down,-0.0352845587148354,dNK,Maternal,0.666
chr9:120450000-120500000,down,-0.0352507670064357,uDSC,Maternal,0.99
chr8:22900000-22950000,down,-0.0351608381980758,Epi,Maternal,0.991
chr4:190550000-190600000,down,-0.0351330351309869,CD16_M,Maternal,0.939
chr1:25300000-25350000,down,-0.0351080551654823,dNK,Maternal,0.666
chr22:43300000-43350000,down,-0.03506746486853,cDC,Unknown,0.507
chr5:157800000-157850000,down,-0.0350415997689087,CD16_M,Maternal,0.939
chr14:103550000-103600000,down,-0.0349931574247418,eEVT,Fetal,1
chr1:235050000-235100000,down,-0.0349495720931393,CD14_M,Maternal,0.889
chr7:151450000-151500000,down,-0.0349117704679794,SCT_B,Fetal,1
chr17:43350000-43400000,down,-0.0349061991232054,B,Maternal,0.659
chr15:75050000-75100000,down,-0.0348783901411791,T,Maternal,0.689
chr15:70400000-70450000,down,-0.0348687829061734,CD16_M,Maternal,0.939
chr1:28400000-28450000,down,-0.0347889041277641,CD16_M,Maternal,0.939
chr3:27550000-27600000,down,-0.0347342231411215,iEVT,Fetal,1
chr12:109250000-109300000,down,-0.0347220307504492,HB,Fetal,0.803
chr9:139500000-139550000,down,-0.0347079871320139,LEC,Maternal,1
chr3:196350000-196400000,down,-0.0346902525704602,HB,Fetal,0.803
chr6:29900000-29950000,down,-0.0346752033771318,T,Maternal,0.689
chr6:16700000-16750000,down,-0.0346451026509576,CD14_M,Maternal,0.889
chr21:34350000-34400000,down,-0.034598303337244,CD16_M,Maternal,0.939
chr22:44400000-44450000,down,-0.0345797916160009,CD14_M,Maternal,0.889
chr6:42300000-42350000,down,-0.034577714723229,T,Maternal,0.689
chr18:67600000-67650000,down,-0.0345196597570166,T,Maternal,0.689
chr20:38950000-39000000,down,-0.0345182318589584,CD16_M,Maternal,0.939
chr6:2700000-2750000,down,-0.0345024792749997,CD14_M,Maternal,0.889
chr16:85850000-85900000,down,-0.0344221733640304,CD14_M,Maternal,0.889
chr12:125100000-125150000,down,-0.0343687395282268,uDSC,Maternal,0.99
chr8:12600000-12650000,down,-0.0343591935849542,B,Maternal,0.659
chr1:150550000-150600000,down,-0.0343181343246041,CD16_M,Maternal,0.939
chr12:125200000-125250000,down,-0.0342845370388004,CD14_M,Maternal,0.889
chr22:30650000-30700000,down,-0.0342744886665032,CD14_M,Maternal,0.889
chr15:75400000-75450000,down,-0.034208768631212,CD16_M,Maternal,0.939
chr6:11300000-11350000,down,-0.0341889239085632,SCT_B,Fetal,1
chr8:20000000-20050000,down,-0.0341667916874006,CD14_M,Maternal,0.889
chr6:12200000-12250000,down,-0.0341659430598373,iEVT,Fetal,1
chr20:30700000-30750000,down,-0.0341484835513682,HB,Fetal,0.803
chr7:141600000-141650000,down,-0.0341079711858082,CD16_M,Maternal,0.939
chr1:17950000-18000000,down,-0.0341027984000476,CD14_M,Maternal,0.889
chr2:113600000-113650000,down,-0.0340971096558379,Ery,Fetal,0.612
chr12:109200000-109250000,down,-0.0340737400037152,fEC,Fetal,0.868
chr8:131200000-131250000,down,-0.0340698658657966,aEC,Maternal,0.781
chr6:250000-300000,down,-0.0340434965526834,B,Maternal,0.659
chr1:167550000-167600000,down,-0.0339884276176942,CD14_M,Maternal,0.889
chr7:36200000-36250000,down,-0.0339523516186023,CD16_M,Maternal,0.939
chr10:30750000-30800000,down,-0.0339311586005807,HB,Fetal,0.803
chr1:203250000-203300000,down,-0.0339064794635032,B,Maternal,0.659
chr2:127400000-127450000,down,-0.0338737342895898,Ery,Fetal,0.612
chr19:2600000-2650000,down,-0.0338675984380937,B,Maternal,0.659
chr6:36250000-36300000,down,-0.0338626417249947,Ery,Fetal,0.612
chr9:37950000-38000000,down,-0.0338294474644787,Epi,Maternal,0.991
chr17:2650000-2700000,down,-0.0338247301924611,eEVT,Fetal,1
chr1:25350000-25400000,down,-0.0336084333273474,dNK,Maternal,0.666
chr8:97850000-97900000,down,-0.0335954125813225,CD16_M,Maternal,0.939
chr1:95150000-95200000,down,-0.0335832420020388,uDSC,Maternal,0.99
chr5:40400000-40450000,down,-0.0335606230923734,T,Maternal,0.689
chr9:128400000-128450000,down,-0.0335201585559484,B,Maternal,0.659
chr6:32550000-32600000,down,-0.0334799092849208,B,Maternal,0.659
chr16:15650000-15700000,down,-0.0333778052178853,HB,Fetal,0.803
chr5:139000000-139050000,down,-0.0333422893888657,B,Maternal,0.659
chr10:6150000-6200000,down,-0.0332898760731926,CD14_M,Maternal,0.889
chr20:44550000-44600000,down,-0.0332570084253892,dNK,Maternal,0.666
chr4:185250000-185300000,down,-0.0332449697168747,CD14_M,Maternal,0.889
chr1:150100000-150150000,down,-0.0332285603874641,CD14_M,Maternal,0.889
chr7:128550000-128600000,down,-0.0332152950665955,CD14_M,Maternal,0.889
chr22:37700000-37750000,down,-0.0331859079927575,CD14_M,Maternal,0.889
chr21:39650000-39700000,down,-0.0331424481600168,Epi,Maternal,0.991
chr3:11300000-11350000,down,-0.0331195836176647,CD14_M,Maternal,0.889
chr17:7000000-7050000,down,-0.0331089910306385,CD14_M,Maternal,0.889
chr6:160350000-160400000,down,-0.033072641051843,dNK,Maternal,0.666
chr19:47000000-47050000,down,-0.0330614327311527,CD14_M,Maternal,0.889
chr7:20500000-20550000,down,-0.0330424873030178,CD16_M,Maternal,0.939
chr19:42700000-42750000,down,-0.0330412455681272,T,Maternal,0.689
chr19:4000000-4050000,down,-0.0329904139154212,dNK,Maternal,0.666
chr2:178100000-178150000,down,-0.0329276394733865,CD14_M,Maternal,0.889
chr1:151900000-151950000,down,-0.0329158126021096,aEC,Maternal,0.781
chr9:138950000-139000000,down,-0.032909852906013,cilated,Maternal,1
chr1:206900000-206950000,down,-0.0328990786325976,T,Maternal,0.689
chr11:60900000-60950000,down,-0.0328496410897813,CD14_M,Maternal,0.889
chr1:182100000-182150000,down,-0.0328070092428479,CD14_M,Maternal,0.889
chr1:159050000-159100000,down,-0.0327920972638616,cDC,Unknown,0.507
chr14:94850000-94900000,down,-0.0327826345062982,CD16_M,Maternal,0.939
chr19:54350000-54400000,down,-0.0327440899722226,cDC,Unknown,0.507
chr13:114850000-114900000,down,-0.032730119933677,T,Maternal,0.689
chr8:144400000-144450000,down,-0.0326991688843947,LEC,Maternal,1
chr6:30700000-30750000,down,-0.0326934219697281,CD14_M,Maternal,0.889
chr12:90100000-90150000,down,-0.0325962847415411,B,Maternal,0.659
chr6:159500000-159550000,down,-0.032595808497643,B,Maternal,0.659
chr3:183250000-183300000,down,-0.0325955511622037,CD16_M,Maternal,0.939
chr14:55550000-55600000,down,-0.032566010844413,iEVT,Fetal,1
chr4:74600000-74650000,down,-0.0325622886434538,CD14_M,Maternal,0.889
chr9:93550000-93600000,down,-0.0325177552849742,dNK,Maternal,0.666
chr14:52750000-52800000,down,-0.0325084242110171,dNK,Maternal,0.666
chr12:11850000-11900000,down,-0.0324937416569333,cDC,Unknown,0.507
chr13:32500000-32550000,down,-0.0324516956820767,CD16_M,Maternal,0.939
chr1:16250000-16300000,down,-0.0324296101706509,aEC,Maternal,0.781
chr19:47800000-47850000,down,-0.0323689793504572,CD14_M,Maternal,0.889
chr15:70050000-70100000,down,-0.0323628360230194,DSC_B,Maternal,0.993
chr19:11650000-11700000,down,-0.0323594931526382,B,Maternal,0.659
chr5:134700000-134750000,down,-0.0322903645743768,CD16_M,Maternal,0.939
chr18:5450000-5500000,down,-0.0322880049269585,HB,Fetal,0.803
chr9:107600000-107650000,down,-0.0322086718144183,CD14_M,Maternal,0.889
chr2:37850000-37900000,down,-0.0321275796721205,T,Maternal,0.689
chr19:36400000-36450000,down,-0.0320605933526421,T,Maternal,0.689
chr4:7650000-7700000,down,-0.0320392789958863,eS,Maternal,0.994
chr2:223250000-223300000,down,-0.0319900271325315,Epi,Maternal,0.991
chr17:29600000-29650000,down,-0.031974436828878,T,Maternal,0.689
chr10:6400000-6450000,down,-0.0319376166220171,HB,Fetal,0.803
chr19:52300000-52350000,down,-0.0319349705431518,CD16_M,Maternal,0.939
chr8:61850000-61900000,down,-0.0318720697561921,HB,Fetal,0.803
chr2:37600000-37650000,down,-0.031774178631544,iEVT,Fetal,1
chr2:70700000-70750000,down,-0.0317569970178114,HB,Fetal,0.803
chr13:31300000-31350000,down,-0.0317441636408149,T,Maternal,0.689
chr9:130500000-130550000,down,-0.0317243775321194,dNK,Maternal,0.666
chr6:160400000-160450000,down,-0.0317044654013703,dNK,Maternal,0.666
chr16:88750000-88800000,down,-0.0316715809504239,T,Maternal,0.689
chr20:4050000-4100000,down,-0.0316594088922702,eS,Maternal,0.994
chr1:181000000-181050000,down,-0.031606168862638,dNK,Maternal,0.666
chr2:238550000-238600000,down,-0.0315981060886183,cilated,Maternal,1
chr11:10450000-10500000,down,-0.0315952034370757,dNK,Maternal,0.666
chr2:96900000-96950000,down,-0.0315916305180321,CD14_M,Maternal,0.889
chr21:15900000-15950000,down,-0.0314998490356097,T,Maternal,0.689
chr1:27400000-27450000,down,-0.0314611406699336,DSC_B,Maternal,0.993
chr13:31250000-31300000,down,-0.0314160790847104,CD16_M,Maternal,0.939
chr15:79200000-79250000,down,-0.0314151979804299,uDSC,Maternal,0.99
chr10:90850000-90900000,down,-0.0313856621879115,HB,Fetal,0.803
chr19:3500000-3550000,down,-0.0313792211959941,dNK,Maternal,0.666
chr12:89550000-89600000,down,-0.0313138661348854,SCT,Fetal,1
chr2:231500000-231550000,down,-0.031307640231214,HB,Fetal,0.803
chr10:134800000-134850000,down,-0.0312617320993235,CD14_M,Maternal,0.889
chr9:136300000-136350000,down,-0.0311934021179955,B,Maternal,0.659
chr16:3300000-3350000,down,-0.0311915067124526,CD14_M,Maternal,0.889
chr17:47250000-47300000,down,-0.0311837992867258,dNK,Maternal,0.666
chr17:76600000-76650000,down,-0.0311405229210895,HB,Fetal,0.803
chr6:14650000-14700000,down,-0.0310868102989195,B,Maternal,0.659
chr15:67400000-67450000,down,-0.0310453777916753,eEVT,Fetal,1
chr16:67550000-67600000,down,-0.0310381628853887,B,Maternal,0.659
chr14:94400000-94450000,down,-0.0310185597041012,T,Maternal,0.689
chr5:10600000-10650000,down,-0.0309892742326599,B,Maternal,0.659
chr1:1100000-1150000,down,-0.0308810174404873,dNK,Maternal,0.666
chr6:139600000-139650000,down,-0.0308669859224467,T,Maternal,0.689
chr18:74850000-74900000,down,-0.0308641648089465,CD14_M,Maternal,0.889
chr16:73100000-73150000,down,-0.0308366637492474,CD14_M,Maternal,0.889
chr20:57550000-57600000,down,-0.0308156119087953,CD14_M,Maternal,0.889
chr18:46350000-46400000,down,-0.0308106526068619,T,Maternal,0.689
chr7:92250000-92300000,down,-0.030787376097888,dNK,Maternal,0.666
chr5:150450000-150500000,down,-0.0307352136401844,SCT_B,Fetal,1
chr22:45600000-45650000,down,-0.0306155670114936,B,Maternal,0.659
chr2:65050000-65100000,down,-0.0305862227036487,CD16_M,Maternal,0.939
chr17:950000-1000000,down,-0.0305496512589802,Epi,Maternal,0.991
chr9:139550000-139600000,down,-0.0305482281957643,vEC,Maternal,0.8
chr19:4500000-4550000,down,-0.0305418785287314,cilated,Maternal,1
chr10:29900000-29950000,down,-0.0305102659464268,uDSC,Maternal,0.99
chr11:129950000-130000000,down,-0.030419413757026,HB,Fetal,0.803
chr6:111700000-111750000,down,-0.0304172614948974,uDSC,Maternal,0.99
chr2:113850000-113900000,down,-0.0304091753526865,CD16_M,Maternal,0.939
chr16:81450000-81500000,down,-0.0303949607651256,dNK,Maternal,0.666
chr16:3000000-3050000,down,-0.0303714737343596,cilated,Maternal,1
chr2:146500000-146550000,down,-0.0303582392343012,CD14_M,Maternal,0.889
chr20:61200000-61250000,down,-0.0303544078287294,dNK,Maternal,0.666
chr19:14850000-14900000,down,-0.0303482460209119,CD14_M,Maternal,0.889
chr13:51200000-51250000,down,-0.0303231795039328,CD16_M,Maternal,0.939
chr19:44150000-44200000,down,-0.0303147748044584,CD16_M,Maternal,0.939
chr5:40450000-40500000,down,-0.0303030451611942,CD16_M,Maternal,0.939
chr15:77250000-77300000,down,-0.0303010493090819,dNK,Maternal,0.666
chr16:10950000-11000000,down,-0.0302892121623979,CD14_M,Maternal,0.889
chr19:19000000-19050000,down,-0.0302235422446902,CD14_M,Maternal,0.889
chr9:27550000-27600000,down,-0.0302033919979791,CD16_M,Maternal,0.939
chr7:30250000-30300000,down,-0.0301807682586547,HB,Fetal,0.803
chr15:58400000-58450000,down,-0.0301315306583146,CD16_M,Maternal,0.939
chr1:110150000-110200000,down,-0.0301096642555115,CD14_M,Maternal,0.889
chr1:9200000-9250000,down,-0.0300889048231557,CD14_M,Maternal,0.889
chr21:34700000-34750000,down,-0.0300782067591318,iEVT,Fetal,1
chr6:36700000-36750000,down,-0.0300434035660541,vEC,Maternal,0.8
chr9:134100000-134150000,down,-0.0300222881627744,T,Maternal,0.689
chr16:23850000-23900000,down,-0.029980171772574,B,Maternal,0.659
chr3:101650000-101700000,down,-0.0299706087293872,CD14_M,Maternal,0.889
chr1:212800000-212850000,down,-0.02995270808503,CD16_M,Maternal,0.939
chr4:38050000-38100000,down,-0.0299465631460195,LEC,Maternal,1
chr13:28950000-29000000,down,-0.0299167948148151,EVT,Fetal,0.999
chr14:50500000-50550000,down,-0.0298292047103397,T,Maternal,0.689
chr2:38350000-38400000,down,-0.0297910817332148,CD16_M,Maternal,0.939
chr14:52300000-52350000,down,-0.0297774002358334,T,Maternal,0.689
chr4:122050000-122100000,down,-0.0297599425389757,T,Maternal,0.689
chr12:50050000-50100000,down,-0.0296913649475643,CD14_M,Maternal,0.889
chr6:166650000-166700000,down,-0.0296409929467936,dNK,Maternal,0.666
chr9:34150000-34200000,down,-0.0296035039883358,Epi,Maternal,0.991
chr19:14050000-14100000,down,-0.029594196426268,T,Maternal,0.689
chr3:128950000-129000000,down,-0.0295897909593039,B,Maternal,0.659
chr11:61700000-61750000,down,-0.0295366906977701,CD16_M,Maternal,0.939
chr9:33800000-33850000,down,-0.0295033340545052,CD16_M,Maternal,0.939
chr8:142400000-142450000,down,-0.0294991348841289,eS,Maternal,0.994
chr21:36250000-36300000,down,-0.0294819915475322,CD14_M,Maternal,0.889
chr19:3750000-3800000,down,-0.0294803792506748,dNK,Maternal,0.666
chr8:126350000-126400000,down,-0.0294795368982832,CD16_M,Maternal,0.939
chr1:168450000-168500000,down,-0.0294189856252904,dNK,Maternal,0.666
chr7:141550000-141600000,down,-0.0293494683240204,CD16_M,Maternal,0.939
chr6:43950000-44000000,down,-0.0293275021941381,Epi,Maternal,0.991
chr17:79300000-79350000,down,-0.0293075511908318,vEC,Maternal,0.8
chr19:54700000-54750000,down,-0.0293012735705267,CD14_M,Maternal,0.889
chr19:18050000-18100000,down,-0.029271210591145,B,Maternal,0.659
chr13:51250000-51300000,down,-0.0292536033124775,CD14_M,Maternal,0.889
chr8:134050000-134100000,down,-0.0292384659596406,T,Maternal,0.689
chr1:221250000-221300000,down,-0.0292377423583987,HB,Fetal,0.803
chr5:176300000-176350000,down,-0.0291967410631316,CD16_M,Maternal,0.939
chr19:44050000-44100000,down,-0.0291512323898311,T,Maternal,0.689
chr6:34150000-34200000,down,-0.029147903213273,T,Maternal,0.689
chr12:96550000-96600000,down,-0.0291357362609699,LEC,Maternal,1
chr16:87550000-87600000,down,-0.029125810545844,pvSMC,Maternal,0.456
chr21:39200000-39250000,down,-0.0291250845828658,CD16_M,Maternal,0.939
chr6:16650000-16700000,down,-0.0290573666487862,T,Maternal,0.689
chr3:188650000-188700000,down,-0.0290419544192025,CD16_M,Maternal,0.939
chr12:108700000-108750000,down,-0.0290359053419871,HB,Fetal,0.803
chr21:34650000-34700000,down,-0.0290330689773809,HB,Fetal,0.803
chr8:90700000-90750000,down,-0.0290225838095162,B,Maternal,0.659
chr3:72100000-72150000,down,-0.0289886844418611,SCT_B,Fetal,1
chr17:29900000-29950000,down,-0.0289822590221145,pEVT,Fetal,0.968
chr21:43500000-43550000,down,-0.0289788863784598,cilated,Maternal,1
chr1:65350000-65400000,down,-0.0289770922285276,EVT,Fetal,0.999
chr5:67600000-67650000,down,-0.028957344077789,dNK,Maternal,0.666
chr1:201650000-201700000,down,-0.0289469513248493,uDSC,Maternal,0.99
chr22:35700000-35750000,down,-0.0289465933726415,CD16_M,Maternal,0.939
chr4:12100000-12150000,down,-0.0289406903489733,CD16_M,Maternal,0.939
chr1:206650000-206700000,down,-0.0289323066068258,uDSC,Maternal,0.99
chr15:39650000-39700000,down,-0.0289013084350234,aEC,Maternal,0.781
chr11:2950000-3000000,down,-0.0288926887115679,dNK,Maternal,0.666
chr15:90900000-90950000,down,-0.0288837832183244,dNK,Maternal,0.666
chr17:7450000-7500000,down,-0.0288701718770593,CD14_M,Maternal,0.889
chr12:124850000-124900000,down,-0.0288334870717501,eS,Maternal,0.994
chr11:250000-300000,down,-0.0288297897352722,T,Maternal,0.689
chr3:46950000-47000000,down,-0.0288104381851786,dNK,Maternal,0.666
chr3:143150000-143200000,down,-0.0288093622950596,Epi,Maternal,0.991
chr4:40300000-40350000,down,-0.0287879602541041,T,Maternal,0.689
chr2:43750000-43800000,down,-0.0287494514329856,CD14_M,Maternal,0.889
chr3:194300000-194350000,down,-0.0287394684578324,LEC,Maternal,1
chr9:115950000-116000000,down,-0.0287224649188527,CD14_M,Maternal,0.889
chr8:27250000-27300000,down,-0.0287218137439015,CD16_M,Maternal,0.939
chr7:157250000-157300000,down,-0.028710458991221,T,Maternal,0.689
chr17:72400000-72450000,down,-0.0286985161523681,Epi,Maternal,0.991
chr6:35650000-35700000,down,-0.0286917539753012,T,Maternal,0.689
chr6:161500000-161550000,down,-0.0286858081906618,DSC_B,Maternal,0.993
chr19:19350000-19400000,down,-0.0286765143835946,eS,Maternal,0.994
chr6:45650000-45700000,down,-0.0286520612857643,cDC,Unknown,0.507
chr4:6850000-6900000,down,-0.0285908550601763,dNK,Maternal,0.666
chr10:48450000-48500000,down,-0.0285848794784668,LEC,Maternal,1
chr5:175100000-175150000,down,-0.0285838685795808,HB,Fetal,0.803
chr3:53100000-53150000,down,-0.0285783597635604,T,Maternal,0.689
chr1:153500000-153550000,down,-0.0285460324076765,SCT_B,Fetal,1
chr5:169750000-169800000,down,-0.0285457359168122,CD14_M,Maternal,0.889
chr2:102050000-102100000,down,-0.0285293613502746,LEC,Maternal,1
chr8:2050000-2100000,down,-0.0285220764536113,T,Maternal,0.689
chr5:1100000-1150000,down,-0.0284971922326174,cilated,Maternal,1
chr9:140300000-140350000,down,-0.0284748041098498,cilated,Maternal,1
chr5:149750000-149800000,down,-0.0284614514279985,CD14_M,Maternal,0.889
chr1:161150000-161200000,down,-0.028456466229527,HB,Fetal,0.803
chr17:56300000-56350000,down,-0.0284340149624159,cDC,Unknown,0.507
chr10:64400000-64450000,down,-0.0284310564242246,dNK,Maternal,0.666
chr3:52200000-52250000,down,-0.0284266783398701,proSCT,Fetal,0.997
chr9:140250000-140300000,down,-0.0284182864409934,fEC,Fetal,0.868
chr5:176800000-176850000,down,-0.0284011027972348,T,Maternal,0.689
chr3:156500000-156550000,down,-0.028345080313848,Epi,Maternal,0.991
chr7:139400000-139450000,down,-0.0283290566375248,pvSMC,Maternal,0.456
chr2:208150000-208200000,down,-0.0283200706697193,CD16_M,Maternal,0.939
chr14:102300000-102350000,down,-0.0283086092275545,cilated,Maternal,1
chr19:18200000-18250000,down,-0.0282732265806202,B,Maternal,0.659
chr9:140150000-140200000,down,-0.0282581396273915,vEC,Maternal,0.8
chr6:159050000-159100000,down,-0.0282488162029448,dNK,Maternal,0.666
chr9:127000000-127050000,down,-0.0282407009347024,CD16_M,Maternal,0.939
chr21:15950000-16000000,down,-0.0282015387729065,T,Maternal,0.689
chr8:119200000-119250000,down,-0.0281747306855308,aEC,Maternal,0.781
chr10:80500000-80550000,down,-0.0281472132521009,uDSC,Maternal,0.99
chr19:8600000-8650000,down,-0.0281465217841476,T,Maternal,0.689
chr7:100000-150000,down,-0.0281455790113655,CD14_M,Maternal,0.889
chr7:1350000-1400000,down,-0.0281388293888454,Ery,Fetal,0.612
chr9:34950000-35000000,down,-0.0280922064756485,LEC,Maternal,1
chr2:43500000-43550000,down,-0.028062883017611,uDSC,Maternal,0.99
chr4:103400000-103450000,down,-0.0280242734485828,dNK,Maternal,0.666
chr2:10400000-10450000,down,-0.0280026580018095,dNK,Maternal,0.666
chr19:14450000-14500000,down,-0.027954287564502,T,Maternal,0.689
chr9:132750000-132800000,down,-0.0279395973263165,iEVT,Fetal,1
chr19:18750000-18800000,down,-0.0279277723904203,DSC_B,Maternal,0.993
chr1:206700000-206750000,down,-0.0279091220077414,dNK,Maternal,0.666
chr3:194200000-194250000,down,-0.0279061748457706,Epi,Maternal,0.991
chr17:10050000-10100000,down,-0.0279010339063722,dNK,Maternal,0.666
chr19:45250000-45300000,down,-0.0278578488487823,HB,Fetal,0.803
chr19:54950000-55000000,down,-0.0278434548395442,dNK,Maternal,0.666
chr1:37900000-37950000,down,-0.0278412548264481,T,Maternal,0.689
chr11:119350000-119400000,down,-0.0278304193949831,uDSC,Maternal,0.99
chr17:76450000-76500000,down,-0.0278042712742381,fEC,Fetal,0.868
chr15:50350000-50400000,down,-0.027801260610643,dNK,Maternal,0.666
chr22:39300000-39350000,down,-0.0277587530450242,CD16_M,Maternal,0.939
chr21:34450000-34500000,down,-0.0277155968896151,Ery,Fetal,0.612
chr14:88450000-88500000,down,-0.0277110780851251,T,Maternal,0.689
chr4:139300000-139350000,down,-0.02770438488452,cDC,Unknown,0.507
chr17:78700000-78750000,down,-0.027701529715521,cDC,Unknown,0.507
chr13:114800000-114850000,down,-0.0276905563301817,eS,Maternal,0.994
chr22:24850000-24900000,down,-0.0276388391848035,CD14_M,Maternal,0.889
chr3:48600000-48650000,down,-0.0276334611852708,eS,Maternal,0.994
chr16:55450000-55500000,down,-0.0276141911878676,HB,Fetal,0.803
chr3:188100000-188150000,down,-0.0275765653446289,B,Maternal,0.659
chr11:9000000-9050000,down,-0.0274962426182188,CD16_M,Maternal,0.939
chr10:65450000-65500000,down,-0.0274903347199623,cDC,Unknown,0.507
chr17:76500000-76550000,down,-0.0274895408778535,HB,Fetal,0.803
chr11:70250000-70300000,down,-0.027479751235187,dNK,Maternal,0.666
chr8:62650000-62700000,down,-0.0274444702117796,Epi,Maternal,0.991
chr16:86050000-86100000,down,-0.0274060847941127,HB,Fetal,0.803
chr22:25800000-25850000,down,-0.0273920899758941,CD14_M,Maternal,0.889
chr7:140000000-140050000,down,-0.0273809512660512,eS,Maternal,0.994
chr15:67350000-67400000,down,-0.0273244704834768,B,Maternal,0.659
chr7:133850000-133900000,down,-0.0273213922149116,CD16_M,Maternal,0.939
chr17:73250000-73300000,down,-0.0272730414075212,CD16_M,Maternal,0.939
chr1:950000-1000000,down,-0.0272554799625955,cilated,Maternal,1
chr2:127800000-127850000,down,-0.0272479218653525,DSC_B,Maternal,0.993
chr15:51900000-51950000,down,-0.0272194030310007,CD14_M,Maternal,0.889
chr2:7900000-7950000,down,-0.0272123395292914,dNK,Maternal,0.666
chr12:6200000-6250000,down,-0.0272110360692312,aEC,Maternal,0.781
chr5:169800000-169850000,down,-0.0272094295794003,CD16_M,Maternal,0.939
chr3:152900000-152950000,down,-0.0271991783407813,HB,Fetal,0.803
chr20:62700000-62750000,down,-0.0271336154463586,B,Maternal,0.659
chr19:35500000-35550000,down,-0.0271057155013162,HB,Fetal,0.803
chr21:45200000-45250000,down,-0.0270954932254302,cilated,Maternal,1
chr3:171050000-171100000,down,-0.0270944602906559,HB,Fetal,0.803
chr11:116850000-116900000,down,-0.0270865553141386,proSCT,Fetal,0.997
chr14:70100000-70150000,down,-0.0270778148641316,dNK,Maternal,0.666
chr15:102150000-102200000,down,-0.0270496072615637,uDSC,Maternal,0.99
chr4:3000000-3050000,down,-0.0270087143661504,iEVT,Fetal,1
chr3:72150000-72200000,down,-0.02700115276751,cDC,Unknown,0.507
chr2:204500000-204550000,down,-0.0269860991090962,CD14_M,Maternal,0.889
chr10:134400000-134450000,down,-0.0269399653654702,dNK,Maternal,0.666
chr22:40350000-40400000,down,-0.0269317108846798,Epi,Maternal,0.991
chr22:18250000-18300000,down,-0.0269209755110768,cDC,Unknown,0.507
chr5:82650000-82700000,down,-0.0268906719924414,DSC_B,Maternal,0.993
chr1:209900000-209950000,down,-0.026889244653647,T,Maternal,0.689
chr21:40450000-40500000,down,-0.0268888313973392,CD14_M,Maternal,0.889
chr9:137250000-137300000,down,-0.0268559248531522,CD16_M,Maternal,0.939
chr11:57150000-57200000,down,-0.0268486360872173,EVT,Fetal,0.999
chr9:102350000-102400000,down,-0.0268074562975198,cDC,Unknown,0.507
chr7:38400000-38450000,down,-0.026788821934227,T,Maternal,0.689
chr19:41900000-41950000,down,-0.026768753624953,T,Maternal,0.689
chr5:157000000-157050000,down,-0.0267627765079154,EVT,Fetal,0.999
chr11:105050000-105100000,down,-0.026746918048656,HB,Fetal,0.803
chr11:66850000-66900000,down,-0.0267465677959865,T,Maternal,0.689
chr12:94550000-94600000,down,-0.0267369872672156,CD16_M,Maternal,0.939
chr16:17400000-17450000,down,-0.0267144847049916,dNK,Maternal,0.666
chr10:98400000-98450000,down,-0.026713148007515,dNK,Maternal,0.666
chr6:134550000-134600000,down,-0.0266748559231304,CD16_M,Maternal,0.939
chr10:50450000-50500000,down,-0.0266743874245083,CD16_M,Maternal,0.939
chr14:92850000-92900000,down,-0.0266239499220442,CD16_M,Maternal,0.939
chr18:74250000-74300000,down,-0.0265609858322975,Epi,Maternal,0.991
chr19:13200000-13250000,down,-0.0265576857892995,Ery,Fetal,0.612
chr10:98450000-98500000,down,-0.0265518197520772,HB,Fetal,0.803
chr18:3700000-3750000,down,-0.0265313141204411,CD16_M,Maternal,0.939
chr19:18250000-18300000,down,-0.0265299897560515,CD16_M,Maternal,0.939
chr8:144300000-144350000,down,-0.0264914512547977,T,Maternal,0.689
chr12:53950000-54000000,down,-0.0264678306742746,Ery,Fetal,0.612
chr2:102200000-102250000,down,-0.0264557121112623,CD16_M,Maternal,0.939
chr11:75450000-75500000,down,-0.0264166443701869,SCT,Fetal,1
chr17:2000000-2050000,down,-0.026405178430552,dNK,Maternal,0.666
chr5:17100000-17150000,down,-0.0263966770341183,CD14_M,Maternal,0.889
chr20:19850000-19900000,down,-0.0263698385977217,fEC,Fetal,0.868
chr7:600000-650000,down,-0.0263389347372776,T,Maternal,0.689
chr4:84450000-84500000,down,-0.0263346331567208,SCT,Fetal,1
chr19:15550000-15600000,down,-0.0263116123925841,T,Maternal,0.689
chr16:84600000-84650000,down,-0.0262694769014509,dNK,Maternal,0.666
chr15:52350000-52400000,down,-0.0262640115135384,uDSC,Maternal,0.99
chr1:2500000-2550000,down,-0.0262541054463661,cilated,Maternal,1
chr1:35900000-35950000,down,-0.0262320388461806,Epi,Maternal,0.991
chr7:41900000-41950000,down,-0.0262093840908718,B,Maternal,0.659
chr21:16550000-16600000,down,-0.0261417851375035,eEVT,Fetal,1
chr10:134100000-134150000,down,-0.0261303714270129,B,Maternal,0.659
chr3:46150000-46200000,down,-0.0261262670720631,eEVT,Fetal,1
chr8:125800000-125850000,down,-0.0260952857469092,HB,Fetal,0.803
chr12:68750000-68800000,down,-0.0260684220342639,Ery,Fetal,0.612
chr2:121950000-122000000,down,-0.0260535097216878,Epi,Maternal,0.991
chr5:32500000-32550000,down,-0.0260231486244625,iEVT,Fetal,1
chr8:39800000-39850000,down,-0.0259990523944896,fEC,Fetal,0.868
chr19:18600000-18650000,down,-0.0259773783441456,dNK,Maternal,0.666
chr15:45650000-45700000,down,-0.0259770466773798,CD14_M,Maternal,0.889
chr15:89600000-89650000,down,-0.0259607695325947,dNK,Maternal,0.666
chr20:1800000-1850000,down,-0.0259544654077113,HB,Fetal,0.803
chr20:19800000-19850000,down,-0.0259465459411277,fEC,Fetal,0.868
chr7:151600000-151650000,down,-0.025933958943092,CD16_M,Maternal,0.939
chr12:66550000-66600000,down,-0.0259339479292323,CD16_M,Maternal,0.939
chr2:114100000-114150000,down,-0.0259276981287607,CD14_M,Maternal,0.889
chr3:5150000-5200000,down,-0.0258979950417332,EVT,Fetal,0.999
chr7:139350000-139400000,down,-0.0258926027178324,dNK,Maternal,0.666
chr3:127300000-127350000,down,-0.0258902867326112,Ery,Fetal,0.612
chr11:72650000-72700000,down,-0.0258646665362047,HB,Fetal,0.803
chr7:106050000-106100000,down,-0.0258584028575211,CD16_M,Maternal,0.939
chr10:6250000-6300000,down,-0.0258446067538449,uDSC,Maternal,0.99
chr2:224300000-224350000,down,-0.0258358464787555,uDSC,Maternal,0.99
chr17:72550000-72600000,down,-0.0258215796868371,HB,Fetal,0.803
chr13:99100000-99150000,down,-0.0258090170941856,uDSC,Maternal,0.99
chr2:240350000-240400000,down,-0.0257762738027391,CD14_M,Maternal,0.889
chr5:169650000-169700000,down,-0.0257037406580117,T,Maternal,0.689
chr6:137550000-137600000,down,-0.0256880266992363,SCT_B,Fetal,1
chr3:72000000-72050000,down,-0.0256791632413764,LEC,Maternal,1
chr17:81100000-81150000,down,-0.0256774481412247,HB,Fetal,0.803
chr19:40300000-40350000,down,-0.0256494677141339,T,Maternal,0.689
chr12:123100000-123150000,down,-0.0256425568981657,Ery,Fetal,0.612
chr12:69400000-69450000,down,-0.0256108204083952,Epi,Maternal,0.991
chr12:124900000-124950000,down,-0.0256055819095398,uDSC,Maternal,0.99
chr16:2500000-2550000,down,-0.0255745114945548,eS,Maternal,0.994
chr16:89150000-89200000,down,-0.0255616829907242,T,Maternal,0.689
chr14:102800000-102850000,down,-0.0255573350307605,T,Maternal,0.689
chr1:116900000-116950000,down,-0.0255409074467476,T,Maternal,0.689
chr9:139450000-139500000,down,-0.0255362706655406,eS,Maternal,0.994
chr17:66250000-66300000,down,-0.0255313112949886,T,Maternal,0.689
chr16:8700000-8750000,down,-0.0255292351486481,HB,Fetal,0.803
chr2:68600000-68650000,down,-0.0255057706317845,B,Maternal,0.659
chr19:6650000-6700000,down,-0.0255026067609908,T,Maternal,0.689
chr17:65400000-65450000,down,-0.0254888525618002,T,Maternal,0.689
chr19:54500000-54550000,down,-0.0254669387599702,pEVT,Fetal,0.968
chr12:32600000-32650000,down,-0.0254361440319368,dNK,Maternal,0.666
chr12:76400000-76450000,down,-0.0254356307230874,dNK,Maternal,0.666
chr8:59300000-59350000,down,-0.0254306085942504,HB,Fetal,0.803
chr10:23900000-23950000,down,-0.0254270689061933,HB,Fetal,0.803
chr2:204650000-204700000,down,-0.0254256246011204,HB,Fetal,0.803
chr4:14850000-14900000,down,-0.0254205666676531,Epi,Maternal,0.991
chr1:221150000-221200000,down,-0.0254077196772257,HB,Fetal,0.803
chr6:5650000-5700000,down,-0.0253947580090005,CD14_M,Maternal,0.889
chr8:97650000-97700000,down,-0.0253924524407132,cDC,Unknown,0.507
chr3:128500000-128550000,down,-0.0253847681912167,cilated,Maternal,1
chr6:33000000-33050000,down,-0.0253774991408269,B,Maternal,0.659
chr2:231650000-231700000,down,-0.0253756054624613,dNK,Maternal,0.666
chr1:229250000-229300000,down,-0.0253131369381361,HB,Fetal,0.803
chr18:77750000-77800000,down,-0.0252931640342621,B,Maternal,0.659
chr2:27300000-27350000,down,-0.0252777995327779,T,Maternal,0.689
chr20:31150000-31200000,down,-0.0252436032194585,dNK,Maternal,0.666
chr10:3850000-3900000,down,-0.0252400971514938,EVT,Fetal,0.999
chr19:54750000-54800000,down,-0.0252336456527502,CD14_M,Maternal,0.889
chr12:111600000-111650000,down,-0.0252221305760408,CD16_M,Maternal,0.939
chr14:24750000-24800000,down,-0.0252030422466952,dNK,Maternal,0.666
chr18:9750000-9800000,down,-0.0251753041096741,CD14_M,Maternal,0.889
chr13:25050000-25100000,down,-0.0251711446743718,Epi,Maternal,0.991
chr11:33200000-33250000,down,-0.0251607689209414,CD16_M,Maternal,0.939
chr1:32800000-32850000,down,-0.0251595369345301,B,Maternal,0.659
chr17:78800000-78850000,down,-0.0251595208437803,LEC,Maternal,1
chr1:206800000-206850000,down,-0.025156944019004,Ery,Fetal,0.612
chr21:39600000-39650000,down,-0.0251381067032182,iEVT,Fetal,1
chr17:57850000-57900000,down,-0.0251236223982828,CD14_M,Maternal,0.889
chr10:135100000-135150000,down,-0.025102850777131,B,Maternal,0.659
chr10:11200000-11250000,down,-0.0250798287757383,dNK,Maternal,0.666
chr19:36350000-36400000,down,-0.0250713847379675,CD14_M,Maternal,0.889
chr11:128400000-128450000,down,-0.0250695842709225,aEC,Maternal,0.781
chr1:145100000-145150000,down,-0.0250567335942887,SCT_B,Fetal,1
chr7:101350000-101400000,down,-0.0250381244756911,CD16_M,Maternal,0.939
chr8:134300000-134350000,down,-0.0250354527441285,LEC,Maternal,1
chr20:47850000-47900000,down,-0.0249957177404359,T,Maternal,0.689
chr8:117050000-117100000,down,-0.0249911213504272,dNK,Maternal,0.666
chr22:42800000-42850000,down,-0.0249855862273665,CD14_M,Maternal,0.889
chr7:139600000-139650000,down,-0.0249758243896455,Ery,Fetal,0.612
chr16:89250000-89300000,down,-0.0249633398921664,Epi,Maternal,0.991
chr12:116750000-116800000,down,-0.0249612828227811,pEVT,Fetal,0.968
chr16:89550000-89600000,down,-0.0249526205315012,T,Maternal,0.689
chr6:20400000-20450000,down,-0.0249513552093352,dNK,Maternal,0.666
chr17:75900000-75950000,down,-0.024945225830643,Ery,Fetal,0.612
chr9:134500000-134550000,down,-0.024915395964786,CD16_M,Maternal,0.939
chr9:101800000-101850000,down,-0.0249116990010238,dNK,Maternal,0.666
chr5:156500000-156550000,down,-0.0248774130846285,dNK,Maternal,0.666
chr5:106700000-106750000,down,-0.0248543206519588,pEVT,Fetal,0.968
chr3:196050000-196100000,down,-0.0248224852792202,Ery,Fetal,0.612
chr19:14700000-14750000,down,-0.024807936400976,B,Maternal,0.659
chr20:3400000-3450000,down,-0.0248075258583309,CD14_M,Maternal,0.889
chr2:240150000-240200000,down,-0.0247937283329158,Epi,Maternal,0.991
chr3:49350000-49400000,down,-0.0247412090953681,CD14_M,Maternal,0.889
chr19:42750000-42800000,down,-0.0247272803968929,vEC,Maternal,0.8
chr15:39600000-39650000,down,-0.0247228772234438,uDSC,Maternal,0.99
chr20:4700000-4750000,down,-0.0247184716591398,CD14_M,Maternal,0.889
chr3:142850000-142900000,down,-0.0247158164846268,dNK,Maternal,0.666
chr2:109250000-109300000,down,-0.024714305090817,CD16_M,Maternal,0.939
chr14:21300000-21350000,down,-0.0247034288991053,HB,Fetal,0.803
chr8:48500000-48550000,down,-0.0246941656746232,CD14_M,Maternal,0.889
chr19:42600000-42650000,down,-0.0246916448325863,B,Maternal,0.659
chr22:30550000-30600000,down,-0.0246826799000067,Epi,Maternal,0.991
chr3:194250000-194300000,down,-0.024662758427799,CD16_M,Maternal,0.939
chr6:88450000-88500000,down,-0.0246336232513194,proSCT,Fetal,0.997
chr2:219600000-219650000,down,-0.0246266891309132,Ery,Fetal,0.612
chr3:53750000-53800000,down,-0.0246250413345196,HB,Fetal,0.803
chr2:148350000-148400000,down,-0.0246156770509139,HB,Fetal,0.803
chr2:28550000-28600000,down,-0.0246124353793284,dNK,Maternal,0.666
chr1:207350000-207400000,down,-0.0246075522790595,HB,Fetal,0.803
chr5:158750000-158800000,down,-0.0246069908555419,cDC,Unknown,0.507
chr1:160800000-160850000,down,-0.0245989275552338,dNK,Maternal,0.666
chr11:67800000-67850000,down,-0.0245587806563461,dNK,Maternal,0.666
chr18:54100000-54150000,down,-0.0245433296729321,eS,Maternal,0.994
chr10:63150000-63200000,down,-0.024543153948013,CD14_M,Maternal,0.889
chr3:72050000-72100000,down,-0.0245261350248666,CD16_M,Maternal,0.939
chr7:139950000-140000000,down,-0.024509134700921,Ery,Fetal,0.612
chr12:9250000-9300000,down,-0.0245072546559415,HB,Fetal,0.803
chr12:123900000-123950000,down,-0.0244940890328892,T,Maternal,0.689
chr17:73700000-73750000,down,-0.0244904101203896,SCT_B,Fetal,1
chr1:2150000-2200000,down,-0.0244772662738749,dNK,Maternal,0.666
chr1:192850000-192900000,down,-0.0244577871878514,CD16_M,Maternal,0.939
chr1:154400000-154450000,down,-0.0244536585113437,DSC_B,Maternal,0.993
chr7:38700000-38750000,down,-0.0244535218699109,Ery,Fetal,0.612
chr5:171800000-171850000,down,-0.0244382031327553,uDSC,Maternal,0.99
chr19:14200000-14250000,down,-0.0244199045719789,T,Maternal,0.689
chr17:61700000-61750000,down,-0.0244129898348699,CD14_M,Maternal,0.889
chr11:35200000-35250000,down,-0.0244094430672481,T,Maternal,0.689
chr1:236050000-236100000,down,-0.0243862855377617,HB,Fetal,0.803
chr2:109850000-109900000,down,-0.0243476982430412,HB,Fetal,0.803
chr22:44450000-44500000,down,-0.0243421243167181,CD14_M,Maternal,0.889
chr3:101600000-101650000,down,-0.0243324677030171,HB,Fetal,0.803
chr1:98350000-98400000,down,-0.0243186834071203,T,Maternal,0.689
chr7:2900000-2950000,down,-0.0243137502983329,LEC,Maternal,1
chr11:8350000-8400000,down,-0.0243058598388961,eEVT,Fetal,1
chr1:114650000-114700000,down,-0.0242671478263772,HB,Fetal,0.803
chr22:40400000-40450000,down,-0.0242661644356111,T,Maternal,0.689
chr1:244500000-244550000,down,-0.0242581424820251,iEVT,Fetal,1
chr15:52300000-52350000,down,-0.024227541099496,Epi,Maternal,0.991
chr11:61750000-61800000,down,-0.0242092737427315,CD16_M,Maternal,0.939
chr8:56850000-56900000,down,-0.0242090778427562,CD16_M,Maternal,0.939
chr6:106000000-106050000,down,-0.0242061140540153,aEC,Maternal,0.781
chr5:36650000-36700000,down,-0.0242007053236661,CD14_M,Maternal,0.889
chr3:169650000-169700000,down,-0.024190366465144,Ery,Fetal,0.612
chr3:53200000-53250000,down,-0.0241405436268529,CD14_M,Maternal,0.889
chr10:77150000-77200000,down,-0.0241384350856437,cilated,Maternal,1
chr15:45900000-45950000,down,-0.0241249092531528,Epi,Maternal,0.991
chr22:43500000-43550000,down,-0.0241162764666034,cilated,Maternal,1
chr4:141000000-141050000,down,-0.0240998681021638,dNK,Maternal,0.666
chr17:33550000-33600000,down,-0.0240925959927067,T,Maternal,0.689
chr16:300000-350000,down,-0.0240883281665404,dNK,Maternal,0.666
chr6:144450000-144500000,down,-0.0240823044772991,CD14_M,Maternal,0.889
chr8:41400000-41450000,down,-0.0240697944350343,Epi,Maternal,0.991
chr12:11950000-12000000,down,-0.0240622516842606,CD14_M,Maternal,0.889
chr4:2400000-2450000,down,-0.0240563560672324,T,Maternal,0.689
chr17:62050000-62100000,down,-0.0240326774196807,fEC,Fetal,0.868
chr6:36050000-36100000,down,-0.0240261508035268,T,Maternal,0.689
chr1:65300000-65350000,down,-0.0240195845312099,dNK,Maternal,0.666
chr2:136850000-136900000,down,-0.0239965157563556,T,Maternal,0.689
chr5:139600000-139650000,down,-0.0239907172264845,fEC,Fetal,0.868
chr17:54950000-55000000,down,-0.023963730456846,SCT_B,Fetal,1
chr1:1500000-1550000,down,-0.0239636848446089,eEVT,Fetal,1
chr15:31500000-31550000,down,-0.0239567996565444,Ery,Fetal,0.612
chr3:36950000-37000000,down,-0.0239537926178528,B,Maternal,0.659
chr2:113450000-113500000,down,-0.0239375086713806,CD16_M,Maternal,0.939
chr22:42150000-42200000,down,-0.0239367393191428,T,Maternal,0.689
chr14:92950000-93000000,down,-0.0239007537801608,dNK,Maternal,0.666
chr6:52200000-52250000,down,-0.0238930727200218,T,Maternal,0.689
chr8:52450000-52500000,down,-0.0238902533330734,Ery,Fetal,0.612
chr18:32550000-32600000,down,-0.0238887543671669,iEVT,Fetal,1
chr2:43400000-43450000,down,-0.023888597241216,dNK,Maternal,0.666
chr2:64400000-64450000,down,-0.0238856774956805,HB,Fetal,0.803
chr6:37000000-37050000,down,-0.0238785034839397,dNK,Maternal,0.666
chr1:207500000-207550000,down,-0.0238737305641694,Epi,Maternal,0.991
chr1:206600000-206650000,down,-0.023869773241516,CD16_M,Maternal,0.939
chr2:136750000-136800000,down,-0.0238567681189475,T,Maternal,0.689
chr1:185300000-185350000,down,-0.0238414594734395,CD14_M,Maternal,0.889
chr11:500000-550000,down,-0.0238262764627087,B,Maternal,0.659
chr6:108900000-108950000,down,-0.0238189256508287,uDSC,Maternal,0.99
chr22:35950000-36000000,down,-0.0238123304262432,iEVT,Fetal,1
chr1:234900000-234950000,down,-0.0237909527559691,Ery,Fetal,0.612
chr20:48900000-48950000,down,-0.023790037719836,uDSC,Maternal,0.99
chr9:90150000-90200000,down,-0.0237512661359565,EVT,Fetal,0.999
chr22:50600000-50650000,down,-0.0237460091513065,B,Maternal,0.659
chr22:37600000-37650000,down,-0.0237327320495505,T,Maternal,0.689
chr16:11250000-11300000,down,-0.0237309765312255,dNK,Maternal,0.666
chr20:45150000-45200000,down,-0.0237204372598137,dNK,Maternal,0.666
chr17:61750000-61800000,down,-0.0237147843279747,T,Maternal,0.689
chr12:54750000-54800000,down,-0.0237111669559551,CD16_M,Maternal,0.939
chr4:1250000-1300000,down,-0.0236869403828641,HB,Fetal,0.803
chr14:23250000-23300000,down,-0.0236712852618913,CD14_M,Maternal,0.889
chr17:400000-450000,down,-0.023644728081144,fEC,Fetal,0.868
chr2:10550000-10600000,down,-0.023631207039898,T,Maternal,0.689
chr20:54950000-55000000,down,-0.023627098470449,T,Maternal,0.689
chr21:46300000-46350000,down,-0.0236178765742857,T,Maternal,0.689
chr12:106600000-106650000,down,-0.023614327498754,uDSC,Maternal,0.99
chr3:113900000-113950000,down,-0.0236134331579215,T,Maternal,0.689
chr3:188400000-188450000,down,-0.0236120329122456,CD16_M,Maternal,0.939
chr6:13450000-13500000,down,-0.0236066033753349,eEVT,Fetal,1
chr4:103650000-103700000,down,-0.0236025454669659,CD16_M,Maternal,0.939
chr2:122350000-122400000,down,-0.023596652007052,Ery,Fetal,0.612
chr10:112250000-112300000,down,-0.0235905993680409,T,Maternal,0.689
chr3:130550000-130600000,down,-0.0235900875375501,Ery,Fetal,0.612
chr22:43550000-43600000,down,-0.0235606679869898,Epi,Maternal,0.991
chr19:42300000-42350000,down,-0.0235158306736842,cDC,Unknown,0.507
chr14:99400000-99450000,down,-0.0235040955011147,T,Maternal,0.689
chr4:87900000-87950000,down,-0.0234487586887746,proSCT,Fetal,0.997
chr16:23800000-23850000,down,-0.0234398038723113,B,Maternal,0.659
chr8:125700000-125750000,down,-0.0233716369910911,HB,Fetal,0.803
chr9:128350000-128400000,down,-0.0233692193632595,B,Maternal,0.659
chr6:3000000-3050000,down,-0.0233594131398517,HB,Fetal,0.803
chr16:11750000-11800000,down,-0.0233401609380693,B,Maternal,0.659
chr21:38900000-38950000,down,-0.0233127833299129,Epi,Maternal,0.991
chr5:79650000-79700000,down,-0.0232967728580758,HB,Fetal,0.803
chr14:77300000-77350000,down,-0.0232958189560495,HB,Fetal,0.803
chr3:12200000-12250000,down,-0.0232784104025034,CD16_M,Maternal,0.939
chr15:63500000-63550000,down,-0.0232569264010797,EVT,Fetal,0.999
chr6:18400000-18450000,down,-0.0232535417979692,CD14_M,Maternal,0.889
chr19:6800000-6850000,down,-0.0232464426453147,CD14_M,Maternal,0.889
chr6:111750000-111800000,down,-0.0232342829408386,DSC_B,Maternal,0.993
chr6:31100000-31150000,down,-0.0232270289385866,Epi,Maternal,0.991
chr19:6250000-6300000,down,-0.0232247367898295,DSC_B,Maternal,0.993
chr17:9950000-10000000,down,-0.0232242534402531,SCT_B,Fetal,1
chr7:55550000-55600000,down,-0.0232172689319895,DSC_B,Maternal,0.993
chr1:156100000-156150000,down,-0.0232133386701322,CD16_M,Maternal,0.939
chr2:135450000-135500000,down,-0.0232126697103087,B,Maternal,0.659
chr2:225800000-225850000,down,-0.0232038940699083,dNK,Maternal,0.666
chr4:114650000-114700000,down,-0.0231962067311725,dNK,Maternal,0.666
chr17:75300000-75350000,down,-0.0231921497261554,uDSC,Maternal,0.99
chr17:37350000-37400000,down,-0.0231668969222163,T,Maternal,0.689
chr3:121750000-121800000,down,-0.0231412832240504,CD14_M,Maternal,0.889
chr14:23550000-23600000,down,-0.0231295542715792,SCT_B,Fetal,1
chr9:129200000-129250000,down,-0.0231073192577871,dNK,Maternal,0.666
chr19:1450000-1500000,down,-0.0231014459885059,dNK,Maternal,0.666
chr10:126350000-126400000,down,-0.0230900791875112,T,Maternal,0.689
chr3:143700000-143750000,down,-0.0230653510819918,Ery,Fetal,0.612
chr4:105950000-106000000,down,-0.0230412762742648,fEC,Fetal,0.868
chr1:40800000-40850000,down,-0.0230359417561209,B,Maternal,0.659
chr15:51850000-51900000,down,-0.0230330128319001,CD14_M,Maternal,0.889
chr10:6350000-6400000,down,-0.0230255268952703,Ery,Fetal,0.612
chr3:184500000-184550000,down,-0.0230053203246997,HB,Fetal,0.803
chr21:30650000-30700000,down,-0.0229779225002947,CD16_M,Maternal,0.939
chr1:198850000-198900000,down,-0.0229732135457393,fEC,Fetal,0.868
chr8:28600000-28650000,down,-0.0229721187245968,CD14_M,Maternal,0.889
chr8:28200000-28250000,down,-0.0229529822102057,B,Maternal,0.659
chr6:12350000-12400000,down,-0.0229497234141352,CD14_M,Maternal,0.889
chr11:94950000-95000000,down,-0.0229451237019183,B,Maternal,0.659
chr17:14250000-14300000,down,-0.0228861825336304,SCT,Fetal,1
chr4:141600000-141650000,down,-0.0228732475297092,proSCT,Fetal,0.997
chr1:25250000-25300000,down,-0.0228615688031652,dNK,Maternal,0.666
chr17:56400000-56450000,down,-0.0228178723685477,T,Maternal,0.689
chr15:26000000-26050000,down,-0.022796869909611,dNK,Maternal,0.666
chr21:31000000-31050000,down,-0.0227843357223202,Ery,Fetal,0.612
chr19:600000-650000,down,-0.0227678563962519,dNK,Maternal,0.666
chr19:10350000-10400000,down,-0.022767169171182,CD14_M,Maternal,0.889
chr16:48650000-48700000,down,-0.0227649853125529,CD14_M,Maternal,0.889
chr15:83750000-83800000,down,-0.0227599134840706,CD14_M,Maternal,0.889
chr3:153000000-153050000,down,-0.0227538114123386,HB,Fetal,0.803
chr22:43250000-43300000,down,-0.0227536390246038,cDC,Unknown,0.507
chr17:3850000-3900000,down,-0.0227535641233951,B,Maternal,0.659
chr1:154350000-154400000,down,-0.0227394131293038,Epi,Maternal,0.991
chr13:111150000-111200000,down,-0.0227341085148608,CD14_M,Maternal,0.889
chr17:66200000-66250000,down,-0.022721707652548,dNK,Maternal,0.666
chr8:101900000-101950000,down,-0.0227173800198583,B,Maternal,0.659
chr2:101750000-101800000,down,-0.0227087735731307,CD14_M,Maternal,0.889
chr3:119250000-119300000,down,-0.0227003099678651,SCT,Fetal,1
chr8:25050000-25100000,down,-0.0226975661814282,pEVT,Fetal,0.968
chr21:45750000-45800000,down,-0.0226925974101875,CD14_M,Maternal,0.889
chr8:23000000-23050000,down,-0.022688744712498,vEC,Maternal,0.8
chr6:113950000-114000000,down,-0.0226865402312351,SCT_B,Fetal,1
chr3:141550000-141600000,down,-0.0226843582730076,Ery,Fetal,0.612
chr1:59050000-59100000,down,-0.0226747900605118,Epi,Maternal,0.991
chr19:10200000-10250000,down,-0.0226702421721698,T,Maternal,0.689
chr20:48400000-48450000,down,-0.022634003255672,dNK,Maternal,0.666
chr5:179450000-179500000,down,-0.0226332136898372,dNK,Maternal,0.666
chr12:40600000-40650000,down,-0.0225860533455223,B,Maternal,0.659
chr5:134750000-134800000,down,-0.022581189732633,cDC,Unknown,0.507
chr14:62050000-62100000,down,-0.0225592002895901,aEC,Maternal,0.781
chr16:85050000-85100000,down,-0.0225546240756276,Epi,Maternal,0.991
chr2:242750000-242800000,down,-0.0225396304173803,T,Maternal,0.689
chr1:212400000-212450000,down,-0.0225231131833483,Epi,Maternal,0.991
chr20:4100000-4150000,down,-0.0225127458487988,Epi,Maternal,0.991
chr22:30250000-30300000,down,-0.0225014382003033,Ery,Fetal,0.612
chr9:137800000-137850000,down,-0.0224921356640332,CD16_M,Maternal,0.939
chr20:35550000-35600000,down,-0.0224785968878478,CD14_M,Maternal,0.889
chr2:60750000-60800000,down,-0.0224771513894719,B,Maternal,0.659
chr7:128750000-128800000,down,-0.0224538713862988,HB,Fetal,0.803
chr6:42250000-42300000,down,-0.0224409805020435,cilated,Maternal,1
chr11:3200000-3250000,down,-0.0224154677270852,eS,Maternal,0.994
chr2:119700000-119750000,down,-0.0224148969037213,CD16_M,Maternal,0.939
chr3:151950000-152000000,down,-0.0223882175815836,T,Maternal,0.689
chr1:69850000-69900000,down,-0.0223316178828098,iEVT,Fetal,1
chr15:75300000-75350000,down,-0.0223184416062304,HB,Fetal,0.803
chr16:81500000-81550000,down,-0.0223181627192766,dNK,Maternal,0.666
chr12:26400000-26450000,down,-0.0223164262139416,eS,Maternal,0.994
chr9:130550000-130600000,down,-0.0223084121034865,vEC,Maternal,0.8
chr6:134750000-134800000,down,-0.0223071715595027,Epi,Maternal,0.991
chr9:131800000-131850000,down,-0.0222870444934383,Ery,Fetal,0.612
chr19:10900000-10950000,down,-0.0222740490123095,dNK,Maternal,0.666
chr7:36150000-36200000,down,-0.0222456228771734,uDSC,Maternal,0.99
chr3:119300000-119350000,down,-0.022241378290332,SCT,Fetal,1
chr2:58300000-58350000,down,-0.0222268809888214,Ery,Fetal,0.612
chr11:6650000-6700000,down,-0.022224513953439,fEC,Fetal,0.868
chr1:219250000-219300000,down,-0.0222234149620818,uDSC,Maternal,0.99
chr17:61350000-61400000,down,-0.0222232139388323,eEVT,Fetal,1
chr7:83850000-83900000,down,-0.0222182236852201,CD14_M,Maternal,0.889
chr4:158900000-158950000,down,-0.0222047982062779,HB,Fetal,0.803
chr4:119900000-119950000,down,-0.0221941007520055,uDSC,Maternal,0.99
chr13:29150000-29200000,down,-0.0221586894917868,pEVT,Fetal,0.968
chr2:232000000-232050000,down,-0.0221580555197165,uDSC,Maternal,0.99
chr20:5900000-5950000,down,-0.0221566864430243,Ery,Fetal,0.612
chr3:14450000-14500000,down,-0.0221537886490174,Epi,Maternal,0.991
chr2:102100000-102150000,down,-0.0221444271096742,LEC,Maternal,1
chr1:155900000-155950000,down,-0.0221281187886578,B,Maternal,0.659
chr6:300000-350000,down,-0.0221054863041683,B,Maternal,0.659
chr19:1000000-1050000,down,-0.0221044991596886,dNK,Maternal,0.666
chr1:90150000-90200000,down,-0.0220920073596325,aEC,Maternal,0.781
chr2:8300000-8350000,down,-0.0220869762644295,dNK,Maternal,0.666
chr11:47500000-47550000,down,-0.0220777735416249,cilated,Maternal,1
chr1:23050000-23100000,down,-0.0220768308922867,Epi,Maternal,0.991
chr7:31850000-31900000,down,-0.0220741651145471,aEC,Maternal,0.781
chr4:1050000-1100000,down,-0.0220685732234678,Epi,Maternal,0.991
chr14:103800000-103850000,down,-0.0220509583235658,Ery,Fetal,0.612
chr12:102250000-102300000,down,-0.0220382328297718,HB,Fetal,0.803
chr20:30600000-30650000,down,-0.0220363559688834,CD14_M,Maternal,0.889
chr16:27350000-27400000,down,-0.0220188474150278,CD14_M,Maternal,0.889
chr9:75050000-75100000,down,-0.0220029888983493,iEVT,Fetal,1
chr7:130550000-130600000,down,-0.02200264546129,Epi,Maternal,0.991
chr11:73700000-73750000,down,-0.0219959002236643,T,Maternal,0.689
chr9:92000000-92050000,down,-0.0219928745923198,dNK,Maternal,0.666
chr18:77550000-77600000,down,-0.0219708632981479,HB,Fetal,0.803
chr17:73550000-73600000,down,-0.0219529157098641,cilated,Maternal,1
chr2:99350000-99400000,down,-0.0219478793347431,HB,Fetal,0.803
chr12:117000000-117050000,down,-0.0219107143580915,uDSC,Maternal,0.99
chr9:127150000-127200000,down,-0.0218905781204937,LEC,Maternal,1
chr2:240400000-240450000,down,-0.0218890856402912,eS,Maternal,0.994
chr6:2500000-2550000,down,-0.0218879149618759,eEVT,Fetal,1
chr10:80000000-80050000,down,-0.0218833059983149,uDSC,Maternal,0.99
chr18:72750000-72800000,down,-0.0218807449067411,LEC,Maternal,1
chr3:15800000-15850000,down,-0.0218744930530526,uDSC,Maternal,0.99
chr2:9650000-9700000,down,-0.0218701509966946,CD14_M,Maternal,0.889
chr16:72950000-73000000,down,-0.0218553825109972,dNK,Maternal,0.666
chr6:13300000-13350000,down,-0.0218526873634048,CD14_M,Maternal,0.889
chr9:20950000-21000000,down,-0.0218423727709564,CD16_M,Maternal,0.939
chr8:126200000-126250000,down,-0.0218354816358202,SCT_B,Fetal,1
chr3:13050000-13100000,down,-0.0218112888170822,HB,Fetal,0.803
chr19:18700000-18750000,down,-0.0218075499725004,T,Maternal,0.689
chr8:145100000-145150000,down,-0.021796953833388,B,Maternal,0.659
chr20:5650000-5700000,down,-0.0217666666068812,CD14_M,Maternal,0.889
chr15:63750000-63800000,down,-0.0217535642793145,B,Maternal,0.659
chr8:11700000-11750000,down,-0.0217476076261151,CD14_M,Maternal,0.889
chr21:30550000-30600000,down,-0.0217456424351357,uDSC,Maternal,0.99
chr1:55400000-55450000,down,-0.0217073946477293,Epi,Maternal,0.991
chr7:141950000-142000000,down,-0.0216937601570576,iEVT,Fetal,1
chr20:8400000-8450000,down,-0.0216876212757386,aEC,Maternal,0.781
chr14:102150000-102200000,down,-0.0216862754376988,T,Maternal,0.689
chr12:90300000-90350000,down,-0.0216774289663325,B,Maternal,0.659
chr3:59250000-59300000,down,-0.0216773181551962,iEVT,Fetal,1
chr1:66850000-66900000,down,-0.0216719086314457,HB,Fetal,0.803
chr1:232900000-232950000,down,-0.0216695999760995,Ery,Fetal,0.612
chr7:150450000-150500000,down,-0.0216530635691495,CD14_M,Maternal,0.889
chr20:35400000-35450000,down,-0.021648628155363,Epi,Maternal,0.991
chr1:160650000-160700000,down,-0.0216376195928601,T,Maternal,0.689
chr6:106300000-106350000,down,-0.021637278328756,HB,Fetal,0.803
chr14:89900000-89950000,down,-0.0216372427531029,CD16_M,Maternal,0.939
chr3:156000000-156050000,down,-0.0216290887763157,HB,Fetal,0.803
chr6:106600000-106650000,down,-0.0216261986040451,T,Maternal,0.689
chr14:7000000-7050000,down,-0.0216163854420897,B,Maternal,0.659
chr3:172300000-172350000,down,-0.0216061930031218,iEVT,Fetal,1
chr15:91100000-91150000,down,-0.0215917233164153,T,Maternal,0.689
chr19:8750000-8800000,down,-0.0215899829216044,dNK,Maternal,0.666
chr16:11800000-11850000,down,-0.0215851063410932,Epi,Maternal,0.991
chr2:223550000-223600000,down,-0.0215632418234049,iEVT,Fetal,1
chr8:39750000-39800000,down,-0.021531920370129,fEC,Fetal,0.868
chr22:44550000-44600000,down,-0.0215117892629695,cDC,Unknown,0.507
chr16:85000000-85050000,down,-0.0215088251151316,uDSC,Maternal,0.99
chr8:120600000-120650000,down,-0.0215059506606802,CD14_M,Maternal,0.889
chr19:4450000-4500000,down,-0.021476495048446,eS,Maternal,0.994
chr12:105000000-105050000,down,-0.0214746944650134,HB,Fetal,0.803
chr12:12000000-12050000,down,-0.0214704833394828,fEC,Fetal,0.868
chr1:24200000-24250000,down,-0.0214645524912719,B,Maternal,0.659
chr9:107900000-107950000,down,-0.0214500612474513,CD16_M,Maternal,0.939
chr7:76100000-76150000,down,-0.0214450037854178,Epi,Maternal,0.991
chr19:2750000-2800000,down,-0.0214377114066177,CD14_M,Maternal,0.889
chr9:136900000-136950000,down,-0.0214374691614166,cilated,Maternal,1
chr19:400000-450000,down,-0.0214372410901304,eS,Maternal,0.994
chr3:193800000-193850000,down,-0.0214364075366936,Epi,Maternal,0.991
chr9:36100000-36150000,down,-0.0214249140508047,dNK,Maternal,0.666
chr5:57800000-57850000,down,-0.021424798697373,iEVT,Fetal,1
chr1:95250000-95300000,down,-0.0214235164159465,LEC,Maternal,1
chr11:1800000-1850000,down,-0.0214196939556901,CD16_M,Maternal,0.939
chr12:125250000-125300000,down,-0.0214110528687124,fEC,Fetal,0.868
chr22:17550000-17600000,down,-0.0213966689865599,HB,Fetal,0.803
chr18:74200000-74250000,down,-0.0213727694254822,eS,Maternal,0.994
chr21:40000000-40050000,down,-0.0213713640440902,uDSC,Maternal,0.99
chr4:140100000-140150000,down,-0.0213667360213167,HB,Fetal,0.803
chr18:22150000-22200000,down,-0.0213485307245266,DSC_B,Maternal,0.993
chr17:75050000-75100000,down,-0.0213348412485076,CD14_M,Maternal,0.889
chr14:61550000-61600000,down,-0.0213339036064692,eEVT,Fetal,1
chr14:26900000-26950000,down,-0.0213178662385755,T,Maternal,0.689
chr6:45600000-45650000,down,-0.0213130331398014,eS,Maternal,0.994
chr11:73100000-73150000,down,-0.0213075977619879,CD16_M,Maternal,0.939
chr6:161750000-161800000,down,-0.0212820174022703,eEVT,Fetal,1
chr16:1400000-1450000,down,-0.0212817048283554,Ery,Fetal,0.612
chr5:65000000-65050000,down,-0.0212778601198653,HB,Fetal,0.803
chr7:75450000-75500000,down,-0.0212658992024463,CD16_M,Maternal,0.939
chr16:23500000-23550000,down,-0.0212585988811869,B,Maternal,0.659
chr2:118750000-118800000,down,-0.0212503769094911,HB,Fetal,0.803
chr1:92550000-92600000,down,-0.0212440839866769,eEVT,Fetal,1
chr8:70950000-71000000,down,-0.0212242219041186,Ery,Fetal,0.612
chr2:175450000-175500000,down,-0.0212189740016362,T,Maternal,0.689
chr19:16350000-16400000,down,-0.0212149635872504,CD14_M,Maternal,0.889
chr12:52350000-52400000,down,-0.0211980842121829,Epi,Maternal,0.991
chr10:43600000-43650000,down,-0.0211912938278957,CD16_M,Maternal,0.939
chr17:73850000-73900000,down,-0.0211879915848822,vEC,Maternal,0.8
chr3:52150000-52200000,down,-0.0211663198559512,HB,Fetal,0.803
chr10:60050000-60100000,down,-0.0211611065036409,CD14_M,Maternal,0.889
chr4:160250000-160300000,down,-0.0211583080846066,eEVT,Fetal,1
chr19:55950000-56000000,down,-0.0211530289713463,eS,Maternal,0.994
chr12:58050000-58100000,down,-0.0211237429092233,T,Maternal,0.689
chr19:4800000-4850000,down,-0.0211143315561969,CD16_M,Maternal,0.939
chr12:94600000-94650000,down,-0.0211108591494252,B,Maternal,0.659
chr16:67650000-67700000,down,-0.0211082625123112,T,Maternal,0.689
chr10:73600000-73650000,down,-0.0211070712194253,CD16_M,Maternal,0.939
chr17:76200000-76250000,down,-0.0211041041799689,T,Maternal,0.689
chr6:43650000-43700000,down,-0.0211013658598858,Epi,Maternal,0.991
chr14:105450000-105500000,down,-0.0211011101884787,T,Maternal,0.689
chr18:55300000-55350000,down,-0.0210970610638643,Ery,Fetal,0.612
chr4:44850000-44900000,down,-0.0210890677307793,Ery,Fetal,0.612
chr8:134100000-134150000,down,-0.0210822182518371,dNK,Maternal,0.666
chr19:47700000-47750000,down,-0.0210580705486368,T,Maternal,0.689
chr1:15700000-15750000,down,-0.0210567588776354,cilated,Maternal,1
chr4:90200000-90250000,down,-0.0210474796142797,T,Maternal,0.689
chr2:43300000-43350000,down,-0.0210468650615658,CD14_M,Maternal,0.889
chr2:112750000-112800000,down,-0.0210387820593541,CD14_M,Maternal,0.889
chr10:111800000-111850000,down,-0.021037936940209,T,Maternal,0.689
chr14:93100000-93150000,down,-0.0209945392305392,CD16_M,Maternal,0.939
chr6:109550000-109600000,down,-0.0209817535123297,SCT_A,Fetal,1
chr12:125050000-125100000,down,-0.0209680083995394,CD14_M,Maternal,0.889
chr2:169850000-169900000,down,-0.0209627283549188,aEC,Maternal,0.781
chr8:32400000-32450000,down,-0.0209459106817075,eS,Maternal,0.994
chr20:47400000-47450000,down,-0.0209366963068657,T,Maternal,0.689
chr3:52500000-52550000,down,-0.0209334355363724,HB,Fetal,0.803
chr11:71700000-71750000,down,-0.0209272196623598,cDC,Unknown,0.507
chr17:56000000-56050000,down,-0.0209103658529968,cilated,Maternal,1
chr7:44750000-44800000,down,-0.0209045063271163,eEVT,Fetal,1
chr16:17250000-17300000,down,-0.0209032247331051,EVT,Fetal,0.999
chr5:14550000-14600000,down,-0.0209019568401384,CD14_M,Maternal,0.889
chr11:121250000-121300000,down,-0.0208904999685131,CD14_M,Maternal,0.889
chr18:22500000-22550000,down,-0.0208902678838298,Ery,Fetal,0.612
chr16:9200000-9250000,down,-0.0208785141815663,dNK,Maternal,0.666
chr18:72700000-72750000,down,-0.0208784153161502,T,Maternal,0.689
chr1:112000000-112050000,down,-0.0208324322278205,HB,Fetal,0.803
chr20:52150000-52200000,down,-0.0208319002870486,dNK,Maternal,0.666
chr7:102050000-102100000,down,-0.0208198607890176,dNK,Maternal,0.666
chr16:84900000-84950000,down,-0.0208152317070643,DSC_B,Maternal,0.993
chr4:174300000-174350000,down,-0.0208061241353083,CD16_M,Maternal,0.939
chr14:54900000-54950000,down,-0.0208017680984725,uDSC,Maternal,0.99
chr1:28150000-28200000,down,-0.0207869254027169,CD14_M,Maternal,0.889
chr2:198750000-198800000,down,-0.0207866127978122,Ery,Fetal,0.612
chr11:48400000-48450000,down,-0.0207637369434384,Ery,Fetal,0.612
chr1:114400000-114450000,down,-0.0207598861041601,T,Maternal,0.689
chr3:166050000-166100000,down,-0.0207514420144318,eEVT,Fetal,1
chr9:139600000-139650000,down,-0.0207450000285363,vEC,Maternal,0.8
chr1:155950000-156000000,down,-0.0207303733915091,cDC,Unknown,0.507
chr3:8300000-8350000,down,-0.0207194467188102,HB,Fetal,0.803
chr20:3700000-3750000,down,-0.0206997103493186,vEC,Maternal,0.8
chr19:800000-850000,down,-0.0206988901466138,eS,Maternal,0.994
chr19:1900000-1950000,down,-0.0206954536302835,cDC,Unknown,0.507
chr16:17500000-17550000,down,-0.0206853117395172,uDSC,Maternal,0.99
chr10:114600000-114650000,down,-0.0206787605503445,Ery,Fetal,0.612
chr19:17850000-17900000,down,-0.020673204783345,B,Maternal,0.659
chr2:226850000-226900000,down,-0.0206700619481987,SCT_A,Fetal,1
chr4:1300000-1350000,down,-0.0206652094139876,T,Maternal,0.689
chr13:54450000-54500000,down,-0.0206546768614595,Ery,Fetal,0.612
chr22:38500000-38550000,down,-0.0206340040251475,Ery,Fetal,0.612
chr18:59400000-59450000,down,-0.0206292012817674,pvSMC,Maternal,0.456
chr3:148850000-148900000,down,-0.0206193942261953,B,Maternal,0.659
chr17:25500000-25550000,down,-0.0206183603345826,B,Maternal,0.659
chr17:40300000-40350000,down,-0.0206181578462622,CD16_M,Maternal,0.939
chr1:219300000-219350000,down,-0.0206163220681697,Ery,Fetal,0.612
chr8:42100000-42150000,down,-0.0206058433537748,HB,Fetal,0.803
chr17:61500000-61550000,down,-0.0206054117315206,Epi,Maternal,0.991
chr20:61400000-61450000,down,-0.0205928461765246,T,Maternal,0.689
chr7:73000000-73050000,down,-0.0205814200895162,Ery,Fetal,0.612
chr6:161000000-161050000,down,-0.020575978441329,Ery,Fetal,0.612
chr17:65450000-65500000,down,-0.0205737310994715,T,Maternal,0.689
chr6:158450000-158500000,down,-0.0205702922147657,aEC,Maternal,0.781
chr8:131250000-131300000,down,-0.0205657616454234,T,Maternal,0.689
chr2:201550000-201600000,down,-0.0205651175234393,T,Maternal,0.689
chr10:99100000-99150000,down,-0.0205504619812753,HB,Fetal,0.803
chr12:121550000-121600000,down,-0.0205429595235498,SCT_B,Fetal,1
chr11:15800000-15850000,down,-0.0205408937223632,Epi,Maternal,0.991
chr12:77950000-78000000,down,-0.0205352931582208,Ery,Fetal,0.612
chr1:108450000-108500000,down,-0.0205332285340446,dNK,Maternal,0.666
chr10:72100000-72150000,down,-0.0205315693248697,uDSC,Maternal,0.99
chr12:8200000-8250000,down,-0.0205282301143093,CD14_M,Maternal,0.889
chr11:113050000-113100000,down,-0.0205269277233245,dNK,Maternal,0.666
chr2:228200000-228250000,down,-0.0205142775104332,HB,Fetal,0.803
chr1:161950000-162000000,down,-0.0205056182206113,HB,Fetal,0.803
chr14:86050000-86100000,down,-0.0204980935830756,LEC,Maternal,1
chr22:21250000-21300000,down,-0.0204769076915377,SCT_B,Fetal,1
chr10:103550000-103600000,down,-0.0204751569346988,B,Maternal,0.659
chr1:247650000-247700000,down,-0.020432141659045,iEVT,Fetal,1
chr11:65050000-65100000,down,-0.0204264395305326,eS,Maternal,0.994
chr20:42550000-42600000,down,-0.020407980526885,T,Maternal,0.689
chr4:900000-950000,down,-0.0203969805035174,B,Maternal,0.659
chr5:156850000-156900000,down,-0.0203935050421818,eEVT,Fetal,1
chr6:162600000-162650000,down,-0.0203931105402679,Epi,Maternal,0.991
chr13:41500000-41550000,down,-0.0203782898081618,cilated,Maternal,1
chr7:74900000-74950000,down,-0.0203519692443259,SCT_A,Fetal,1
chr9:130800000-130850000,down,-0.020348526409498,DSC_A,Maternal,0.902
chr22:37950000-38000000,down,-0.020328297144992,eEVT,Fetal,1
chr4:140750000-140800000,down,-0.020307315586188,dNK,Maternal,0.666
chr19:450000-500000,down,-0.0203034804095175,LEC,Maternal,1
chr2:75050000-75100000,down,-0.0203033376806565,CD16_M,Maternal,0.939
chr19:46150000-46200000,down,-0.0202987935867497,cilated,Maternal,1
chr12:8650000-8700000,down,-0.0202943984992855,CD16_M,Maternal,0.939
chr6:46700000-46750000,down,-0.0202930816384788,iEVT,Fetal,1
chr19:12750000-12800000,down,-0.020288866207658,cDC,Unknown,0.507
chr2:40700000-40750000,down,-0.0202852602854393,CD14_M,Maternal,0.889
chr10:90000000-90050000,down,-0.0202847864318536,uDSC,Maternal,0.99
chr15:92350000-92400000,down,-0.02027485322663,T,Maternal,0.689
chr3:45050000-45100000,down,-0.0202727687083115,uDSC,Maternal,0.99
chr18:60050000-60100000,down,-0.0202709187416523,iEVT,Fetal,1
chr1:10000000-10050000,down,-0.0202684456775674,HB,Fetal,0.803
chr5:159500000-159550000,down,-0.0202584445256249,T,Maternal,0.689
chr16:21600000-21650000,down,-0.0202558087910463,T,Maternal,0.689
chr4:88750000-88800000,down,-0.0202515797507427,HB,Fetal,0.803
chr17:46050000-46100000,down,-0.0202312800416186,CD14_M,Maternal,0.889
chr17:28000000-28050000,down,-0.0202098652550197,EVT,Fetal,0.999
chr11:70150000-70200000,down,-0.0202086172721638,CD14_M,Maternal,0.889
chr12:106650000-106700000,down,-0.0201803957385905,Epi,Maternal,0.991
chr13:70900000-70950000,down,-0.0201773253384086,proSCT,Fetal,0.997
chr10:135000000-135050000,down,-0.0201735187934048,cilated,Maternal,1
chr6:134700000-134750000,down,-0.0201591680043175,CD16_M,Maternal,0.939
chr14:103200000-103250000,down,-0.0201566009025885,B,Maternal,0.659
chr11:4450000-4500000,down,-0.020152049379772,SCT,Fetal,1
chr11:97650000-97700000,down,-0.0201503133721057,Ery,Fetal,0.612
chr5:40600000-40650000,down,-0.0201483172723805,CD14_M,Maternal,0.889
chr12:34850000-34900000,down,-0.0201269401840753,SCT_B,Fetal,1
chr15:38350000-38400000,down,-0.0201264208257945,CD14_M,Maternal,0.889
chr18:13350000-13400000,down,-0.0201210037729159,CD14_M,Maternal,0.889
chr10:90750000-90800000,down,-0.0201176950448574,T,Maternal,0.689
chr2:29200000-29250000,down,-0.0200794637645075,T,Maternal,0.689
chr3:160750000-160800000,down,-0.0200722680279378,CD16_M,Maternal,0.939
chr9:100650000-100700000,down,-0.020064902370554,T,Maternal,0.689
chr4:103300000-103350000,down,-0.0200584583165337,SCT_B,Fetal,1
chr21:36200000-36250000,down,-0.0200567398744774,Epi,Maternal,0.991
chr7:90200000-90250000,down,-0.0200478014272219,B,Maternal,0.659
chr10:31250000-31300000,down,-0.0200474001532572,SCT,Fetal,1
chr2:91950000-92000000,down,-0.0200411686092661,Ery,Fetal,0.612
chr4:80400000-80450000,down,-0.0200351724665758,uDSC,Maternal,0.99
chr19:1200000-1250000,down,-0.0200302714456982,vEC,Maternal,0.8
chr7:112900000-112950000,down,-0.0200272676919509,proSCT,Fetal,0.997
chr11:93250000-93300000,down,-0.0200230137268602,HB,Fetal,0.803
chr20:8900000-8950000,down,-0.0200104483793745,aEC,Maternal,0.781
chr4:185400000-185450000,down,-0.0200103011994088,B,Maternal,0.659
chr20:61350000-61400000,down,-0.0200076335977368,dNK,Maternal,0.666
chr2:42950000-43000000,down,-0.0199940449623256,HB,Fetal,0.803
chr5:159850000-159900000,down,-0.0199690443923705,T,Maternal,0.689
chr12:6250000-6300000,down,-0.0199608618028756,aEC,Maternal,0.781
chr4:153550000-153600000,down,-0.0199525388088913,B,Maternal,0.659
chr4:145600000-145650000,down,-0.0199314516644826,uDSC,Maternal,0.99
chr22:24600000-24650000,down,-0.0199277239296284,pvSMC,Maternal,0.456
chr13:31350000-31400000,down,-0.0199221958574162,uDSC,Maternal,0.99
chr17:72750000-72800000,down,-0.0199169521301473,HB,Fetal,0.803
chr16:84200000-84250000,down,-0.0199091505573125,vEC,Maternal,0.8
chr22:50450000-50500000,down,-0.0199063218038463,eS,Maternal,0.994
chr13:13550000-13600000,down,-0.0199039265461478,B,Maternal,0.659
chr9:82450000-82500000,down,-0.0199001479346336,HB,Fetal,0.803
chr1:117500000-117550000,down,-0.0198999372935246,CD14_M,Maternal,0.889
chr20:44800000-44850000,down,-0.0198997520325004,cDC,Unknown,0.507
chr7:36800000-36850000,down,-0.0198987961964448,T,Maternal,0.689
chr16:9150000-9200000,down,-0.01989877427662,dNK,Maternal,0.666
chr17:3750000-3800000,down,-0.019894978012363,uDSC,Maternal,0.99
chr14:76650000-76700000,down,-0.0198882442956796,CD14_M,Maternal,0.889
chr1:121250000-121300000,down,-0.0198844876120045,T,Maternal,0.689
chr19:13300000-13350000,down,-0.0198777203055514,B,Maternal,0.659
chr10:120450000-120500000,down,-0.0198743120513207,Epi,Maternal,0.991
chr2:144000000-144050000,down,-0.0198740179916373,T,Maternal,0.689
chr10:119200000-119250000,down,-0.019865834917592,uDSC,Maternal,0.99
chr17:450000-500000,down,-0.0198555963337951,fEC,Fetal,0.868
chr20:13850000-13900000,down,-0.0198430675561719,uDSC,Maternal,0.99
chr16:84700000-84750000,down,-0.0198423379782136,B,Maternal,0.659
chr1:138950000-139000000,down,-0.0198337916891353,B,Maternal,0.659
chr1:114550000-114600000,down,-0.0198316937210386,uDSC,Maternal,0.99
chr12:25050000-25100000,down,-0.0198185134048429,CD14_M,Maternal,0.889
chr2:129450000-129500000,down,-0.0198181266724347,EVT,Fetal,0.999
chr3:184350000-184400000,down,-0.0198043220460197,eEVT,Fetal,1
chr17:48350000-48400000,down,-0.0197928703838586,eS,Maternal,0.994
chr1:186600000-186650000,down,-0.0197818873394564,iEVT,Fetal,1
chr22:28500000-28550000,down,-0.0197811542679992,uDSC,Maternal,0.99
chr6:200000-250000,down,-0.0197619292719325,T,Maternal,0.689
chr22:22400000-22450000,down,-0.0197614283486249,uDSC,Maternal,0.99
chr2:85600000-85650000,down,-0.0197609067165108,dNK,Maternal,0.666
chr2:198000000-198050000,down,-0.0197501376898155,B,Maternal,0.659
chr5:113250000-113300000,down,-0.0197311782703415,dNK,Maternal,0.666
chr1:206850000-206900000,down,-0.0197291821625047,dNK,Maternal,0.666
chr7:144000000-144050000,down,-0.0197269225542221,iEVT,Fetal,1
chr2:145200000-145250000,down,-0.0197266111925079,CD14_M,Maternal,0.889
chr2:112450000-112500000,down,-0.019704073643771,Epi,Maternal,0.991
chr4:12050000-12100000,down,-0.0197004225753291,T,Maternal,0.689
chr11:122400000-122450000,down,-0.019695529939474,cilated,Maternal,1
chr17:4600000-4650000,down,-0.0196854456916564,CD14_M,Maternal,0.889
chr1:20900000-20950000,down,-0.0196768374949941,iEVT,Fetal,1
chr11:78100000-78150000,down,-0.0196682069485069,CD16_M,Maternal,0.939
chr1:161450000-161500000,down,-0.0196500176449539,CD14_M,Maternal,0.889
chr3:72550000-72600000,down,-0.0196430855977203,cDC,Unknown,0.507
chr4:154350000-154400000,down,-0.01961996569823,T,Maternal,0.689
chr8:24100000-24150000,down,-0.0196098687784498,B,Maternal,0.659
chr12:111100000-111150000,down,-0.0196054789763946,dNK,Maternal,0.666
chr13:46850000-46900000,down,-0.0196032109961019,T,Maternal,0.689
chr2:136950000-137000000,down,-0.0195969918222447,B,Maternal,0.659
chr6:137600000-137650000,down,-0.0195842030422781,CD14_M,Maternal,0.889
chr2:94750000-94800000,down,-0.0195781515322068,B,Maternal,0.659
chr8:144350000-144400000,down,-0.0195653490661007,Ery,Fetal,0.612
chr17:62250000-62300000,down,-0.0195355768150014,pEVT,Fetal,0.968
chr17:72450000-72500000,down,-0.0195348871096646,dNK,Maternal,0.666
chr22:25950000-26000000,down,-0.0195347225073662,CD14_M,Maternal,0.889
chr3:147400000-147450000,down,-0.0195216840291303,HB,Fetal,0.803
chr2:179950000-180000000,down,-0.0195214009967821,Epi,Maternal,0.991
chr2:17000000-17050000,down,-0.0195122956999344,iEVT,Fetal,1
chr12:96400000-96450000,down,-0.0195089669660528,CD16_M,Maternal,0.939
chr5:40650000-40700000,down,-0.0195077561523375,T,Maternal,0.689
chr16:2750000-2800000,down,-0.0194925576326338,dNK,Maternal,0.666
chr5:16600000-16650000,down,-0.0194857845543779,T,Maternal,0.689
chr21:37800000-37850000,down,-0.0194698740155867,aEC,Maternal,0.781
chr5:42950000-43000000,down,-0.0194582872686239,T,Maternal,0.689
chr14:91800000-91850000,down,-0.0194529867414811,dNK,Maternal,0.666
chr19:4900000-4950000,down,-0.0194524755239534,T,Maternal,0.689
chr2:202100000-202150000,down,-0.0194481968916001,T,Maternal,0.689
chr10:73350000-73400000,down,-0.0194422491571252,CD16_M,Maternal,0.939
chr14:100800000-100850000,down,-0.0194409959303685,fEC,Fetal,0.868
chr19:42000000-42050000,down,-0.0194402197669133,CD14_M,Maternal,0.889
chr2:148700000-148750000,down,-0.0194339742333672,Ery,Fetal,0.612
chr19:10750000-10800000,down,-0.019414146291095,T,Maternal,0.689
chr19:18800000-18850000,down,-0.0194054117223804,uDSC,Maternal,0.99
chr1:221100000-221150000,down,-0.0193981421031897,Ery,Fetal,0.612
chr6:24700000-24750000,down,-0.0193962735600296,CD14_M,Maternal,0.889
chr14:43400000-43450000,down,-0.0193946728643919,HB,Fetal,0.803
chr16:55750000-55800000,down,-0.019388727982194,pEVT,Fetal,0.968
chr1:159000000-159050000,down,-0.0193773970491543,T,Maternal,0.689
chr16:4700000-4750000,down,-0.0193716998888886,T,Maternal,0.689
chr19:16300000-16350000,down,-0.0193703617287045,T,Maternal,0.689
chr1:42150000-42200000,down,-0.0193576411469528,CD14_M,Maternal,0.889
chr20:61250000-61300000,down,-0.0193573553174157,eEVT,Fetal,1
chr6:144900000-144950000,down,-0.0193526211193384,T,Maternal,0.689
chr4:82300000-82350000,down,-0.0193467087230036,CD16_M,Maternal,0.939
chr4:73900000-73950000,down,-0.0193464390542238,T,Maternal,0.689
chr18:72650000-72700000,down,-0.0193458794696888,Epi,Maternal,0.991
chr9:94150000-94200000,down,-0.0193293143033255,CD16_M,Maternal,0.939
chr3:184200000-184250000,down,-0.0193120973433579,HB,Fetal,0.803
chr4:114550000-114600000,down,-0.0193076448866699,B,Maternal,0.659
chr21:30500000-30550000,down,-0.019304773345834,iEVT,Fetal,1
chr6:31400000-31450000,down,-0.0193037783167687,T,Maternal,0.689
chr9:83000000-83050000,down,-0.0192990501233466,eS,Maternal,0.994
chr8:64100000-64150000,down,-0.0192967088826238,iEVT,Fetal,1
chr8:55050000-55100000,down,-0.019293124612437,SCT_A,Fetal,1
chr12:59950000-60000000,down,-0.0192901234543846,Epi,Maternal,0.991
chr3:196650000-196700000,down,-0.0192803046807723,Ery,Fetal,0.612
chr20:1500000-1550000,down,-0.0192506530221336,HB,Fetal,0.803
chr5:157900000-157950000,down,-0.0192497360570778,uDSC,Maternal,0.99
chr15:42150000-42200000,down,-0.0192430462016711,T,Maternal,0.689
chr18:60100000-60150000,down,-0.0192293148461959,Ery,Fetal,0.612
chr19:47900000-47950000,down,-0.0192195484351844,eS,Maternal,0.994
chr17:36650000-36700000,down,-0.0192096460877341,VCT,Fetal,0.999
chr11:66300000-66350000,down,-0.0191938317373334,eS,Maternal,0.994
chr17:49150000-49200000,down,-0.0191771665005949,Epi,Maternal,0.991
chr12:92800000-92850000,down,-0.0191768412299906,B,Maternal,0.659
chr21:44800000-44850000,down,-0.0191656853999022,iEVT,Fetal,1
chr20:4800000-4850000,down,-0.0191567053547775,eS,Maternal,0.994
chr22:38400000-38450000,down,-0.0191556048176086,dNK,Maternal,0.666
chr12:54800000-54850000,down,-0.019152804097491,SCT_B,Fetal,1
chr16:2950000-3000000,down,-0.0191499013975618,dNK,Maternal,0.666
chr10:64250000-64300000,down,-0.0191493322593465,CD16_M,Maternal,0.939
chr17:76700000-76750000,down,-0.0191248055285757,T,Maternal,0.689
chr11:65650000-65700000,down,-0.0191209520826107,T,Maternal,0.689
chr5:159900000-159950000,down,-0.0191183923220033,EVT,Fetal,0.999
chr5:176400000-176450000,down,-0.0191073093716087,T,Maternal,0.689
chr3:153400000-153450000,down,-0.019107228124616,HB,Fetal,0.803
chr16:89600000-89650000,down,-0.0190961387550275,Epi,Maternal,0.991
chr15:70500000-70550000,down,-0.0190946278867409,HB,Fetal,0.803
chr11:10500000-10550000,down,-0.0190810071530423,dNK,Maternal,0.666
chr13:46950000-47000000,down,-0.0190767152042213,HB,Fetal,0.803
chr2:239100000-239150000,down,-0.0190748085972109,dNK,Maternal,0.666
chr22:31850000-31900000,down,-0.0190711935895988,T,Maternal,0.689
chr11:115550000-115600000,down,-0.0190552096738514,CD16_M,Maternal,0.939
chr18:53900000-53950000,down,-0.0190503851001229,B,Maternal,0.659
chr4:183900000-183950000,down,-0.0190404056085795,iEVT,Fetal,1
chr17:81150000-81195210,down,-0.019022241881368,HB,Fetal,0.803
chr22:45650000-45700000,down,-0.0190204051949449,CD14_M,Maternal,0.889
chr1:22300000-22350000,down,-0.0190195739974787,Epi,Maternal,0.991
chr11:74250000-74300000,down,-0.0190132433280986,Epi,Maternal,0.991
chr2:128150000-128200000,down,-0.0190097265375874,CD16_M,Maternal,0.939
chr22:38000000-38050000,down,-0.0190027452971415,dNK,Maternal,0.666
chr15:40300000-40350000,down,-0.0189933682441852,CD14_M,Maternal,0.889
chr2:8100000-8150000,down,-0.0189864741830004,SCT_B,Fetal,1
chr22:42000000-42050000,down,-0.0189859081909415,Epi,Maternal,0.991
chr11:44850000-44900000,down,-0.0189764614725792,dNK,Maternal,0.666
chr12:3800000-3850000,down,-0.018975651983405,dNK,Maternal,0.666
chr3:4750000-4800000,down,-0.0189583794130136,dNK,Maternal,0.666
chr14:90350000-90400000,down,-0.0189508988184493,iEVT,Fetal,1
chr3:1400000-1450000,down,-0.0189471528741461,HB,Fetal,0.803
chr1:206250000-206300000,down,-0.0189309474627324,cilated,Maternal,1
chr7:1700000-1750000,down,-0.0189178252505362,eS,Maternal,0.994
chr2:68950000-69000000,down,-0.0188937583314537,T,Maternal,0.689
chr22:8750000-8800000,down,-0.018892599729647,B,Maternal,0.659
chr4:14100000-14150000,down,-0.0188916628484516,HB,Fetal,0.803
chr18:56300000-56350000,down,-0.0188915200735677,B,Maternal,0.659
chr11:75900000-75950000,down,-0.0188880685379617,eS,Maternal,0.994
chr10:20250000-20300000,down,-0.0188823137274045,CD14_M,Maternal,0.889
chr9:129150000-129200000,down,-0.0188817362883162,T,Maternal,0.689
chr5:26950000-27000000,down,-0.0188761208229564,Ery,Fetal,0.612
chr7:89950000-90000000,down,-0.0188736816201379,SCT_B,Fetal,1
chr9:92100000-92150000,down,-0.0188712130110076,dNK,Maternal,0.666
chr6:151350000-151400000,down,-0.0188616696759059,Epi,Maternal,0.991
chr21:34400000-34450000,down,-0.0188552045795063,CD16_M,Maternal,0.939
chr12:129250000-129300000,down,-0.018850435863598,dNK,Maternal,0.666
chr10:23000000-23050000,down,-0.0188454590340145,T,Maternal,0.689
chr12:27300000-27350000,down,-0.0188371641163559,uDSC,Maternal,0.99
chr2:225750000-225800000,down,-0.0188338560118918,dNK,Maternal,0.666
chr16:4550000-4600000,down,-0.01882771393591,dNK,Maternal,0.666
chr5:97700000-97750000,down,-0.0188271272031832,pEVT,Fetal,0.968
chr19:3200000-3250000,down,-0.0188249865399623,eS,Maternal,0.994
chr15:81450000-81500000,down,-0.0188212230894603,FB,Fetal,0.553
chr4:107550000-107600000,down,-0.0188135314368744,HB,Fetal,0.803
chr6:12900000-12950000,down,-0.0188123650290293,cDC,Unknown,0.507
chr7:106300000-106350000,down,-0.0188113736572877,T,Maternal,0.689
chr1:212650000-212700000,down,-0.0188107379521557,SCT_B,Fetal,1
chr6:34200000-34250000,down,-0.0188093488957242,T,Maternal,0.689
chr5:90600000-90650000,down,-0.0187878020357269,dNK,Maternal,0.666
chr14:70000000-70050000,down,-0.0187857302132935,Epi,Maternal,0.991
chr7:120100000-120150000,down,-0.0187667548433105,LEC,Maternal,1
chr6:14600000-14650000,down,-0.0187646625152777,B,Maternal,0.659
chr12:125150000-125200000,down,-0.0187565390498671,eEVT,Fetal,1
chr14:7350000-7400000,down,-0.0187476790414865,B,Maternal,0.659
chr4:159050000-159100000,down,-0.0187456212290307,HB,Fetal,0.803
chr13:58400000-58450000,down,-0.0187409842880095,B,Maternal,0.659
chr10:80700000-80750000,down,-0.018740130361918,uDSC,Maternal,0.99
chr22:22450000-22500000,down,-0.0187362572954008,B,Maternal,0.659
chr8:61800000-61850000,down,-0.0187349808397216,B,Maternal,0.659
chr11:105100000-105150000,down,-0.0187189819073714,HB,Fetal,0.803
chr1:76800000-76850000,down,-0.0187161962063923,Ery,Fetal,0.612
chr6:138000000-138050000,down,-0.0187075015863445,iEVT,Fetal,1
chr5:117700000-117750000,down,-0.0186970825602865,pvSMC,Maternal,0.456
chr15:92400000-92450000,down,-0.0186939707884536,CD14_M,Maternal,0.889
chr6:11500000-11550000,down,-0.0186688808159808,CD16_M,Maternal,0.939
chr4:154600000-154650000,down,-0.0186615226464846,CD14_M,Maternal,0.889
chr13:15450000-15500000,down,-0.0186574266570778,B,Maternal,0.659
chr5:139650000-139700000,down,-0.0186541743486574,CD16_M,Maternal,0.939
chr10:101750000-101800000,down,-0.0186467144042531,LEC,Maternal,1
chr11:115800000-115850000,down,-0.0186416872210621,Epi,Maternal,0.991
chr12:11700000-11750000,down,-0.0186387435635138,uDSC,Maternal,0.99
chr10:50350000-50400000,down,-0.0186273057249599,HB,Fetal,0.803
chr19:1750000-1800000,down,-0.0186173736844147,eS,Maternal,0.994
chr7:4800000-4850000,down,-0.0186153645817673,uDSC,Maternal,0.99
chr9:75850000-75900000,down,-0.0186122542183031,SCT_B,Fetal,1
chr1:9650000-9700000,down,-0.0186074136400532,T,Maternal,0.689
chr16:86000000-86050000,down,-0.0186047337393578,cDC,Unknown,0.507
chr12:56000000-56050000,down,-0.0185848078863205,CD16_M,Maternal,0.939
chr3:138600000-138650000,down,-0.0185840281718077,eEVT,Fetal,1
chr4:185700000-185750000,down,-0.0185837503005679,CD14_M,Maternal,0.889
chr11:118000000-118050000,down,-0.0185828339458609,Epi,Maternal,0.991
chr11:1850000-1900000,down,-0.0185794356432531,eEVT,Fetal,1
chr18:58000000-58050000,down,-0.0185745127547552,eS,Maternal,0.994
chr16:62800000-62850000,down,-0.0185727232511545,B,Maternal,0.659
chr5:112800000-112850000,down,-0.0185719094775232,T,Maternal,0.689
chr5:171550000-171600000,down,-0.0185582203729823,iEVT,Fetal,1
chr17:28400000-28450000,down,-0.0185544955425282,CD16_M,Maternal,0.939
chr17:46950000-47000000,down,-0.0185540929566791,T,Maternal,0.689
chr5:55250000-55300000,down,-0.0185304554433368,Epi,Maternal,0.991
chr6:163200000-163250000,down,-0.0185260852036646,cilated,Maternal,1
chr1:203350000-203400000,down,-0.018524746668762,CD14_M,Maternal,0.889
chr11:106700000-106750000,down,-0.0185147002406083,pvSMC,Maternal,0.456
chr2:75000000-75050000,down,-0.0185115380927722,iEVT,Fetal,1
chr2:119650000-119700000,down,-0.018510873398425,HB,Fetal,0.803
chr8:78700000-78750000,down,-0.018494426244682,Ery,Fetal,0.612
chr17:40200000-40250000,down,-0.0184900021141801,HB,Fetal,0.803
chr12:132600000-132650000,down,-0.0184843445463227,dNK,Maternal,0.666
chr1:230600000-230650000,down,-0.0184822049663633,eS,Maternal,0.994
chr15:85000000-85050000,down,-0.0184801042735722,uDSC,Maternal,0.99
chr5:103400000-103450000,down,-0.0184791197840465,HB,Fetal,0.803
chr11:36400000-36450000,down,-0.0184742351907861,CD14_M,Maternal,0.889
chr14:21700000-21750000,down,-0.0184706748190616,T,Maternal,0.689
chr3:183050000-183100000,down,-0.0184587625233056,proSCT,Fetal,0.997
chr2:209150000-209200000,down,-0.0184460305070414,B,Maternal,0.659
chr13:113200000-113250000,down,-0.0184346229632088,Epi,Maternal,0.991
chr17:79350000-79400000,down,-0.0184345131253985,vEC,Maternal,0.8
chr4:2450000-2500000,down,-0.0184342409711576,B,Maternal,0.659
chr1:166450000-166500000,down,-0.0184341403388792,iEVT,Fetal,1
chr1:155600000-155650000,down,-0.0184234623828935,EVT,Fetal,0.999
chr4:166450000-166500000,down,-0.0184232674483474,fEC,Fetal,0.868
chr11:50550000-50600000,down,-0.0184142273156047,T,Maternal,0.689
chr7:77050000-77100000,down,-0.0184120867188635,CD16_M,Maternal,0.939
chr22:37150000-37200000,down,-0.0184021758744393,T,Maternal,0.689
chr1:33450000-33500000,down,-0.0183909261309262,Epi,Maternal,0.991
chr16:82200000-82250000,down,-0.0183891083041655,CD16_M,Maternal,0.939
chr20:1550000-1600000,down,-0.0183858970942061,HB,Fetal,0.803
chr10:106700000-106750000,down,-0.0183823929315357,Ery,Fetal,0.612
chr9:140350000-140400000,down,-0.0183773116629823,LEC,Maternal,1
chr15:101950000-102000000,down,-0.0183629484505043,LEC,Maternal,1
chr6:169650000-169700000,down,-0.0183582019951798,uDSC,Maternal,0.99
chr4:800000-850000,down,-0.018354226610208,eS,Maternal,0.994
chr2:29500000-29550000,down,-0.0183404593048167,Epi,Maternal,0.991
chr5:139100000-139150000,down,-0.0183300644113916,LEC,Maternal,1
chr3:104800000-104850000,down,-0.0183248303378628,Ery,Fetal,0.612
chr9:110650000-110700000,down,-0.0183231711017765,HB,Fetal,0.803
chr15:57100000-57150000,down,-0.0183192277015989,HB,Fetal,0.803
chr11:61450000-61500000,down,-0.0183142834944052,uDSC,Maternal,0.99
chr18:43900000-43950000,down,-0.0183086409945696,dNK,Maternal,0.666
chr19:51050000-51100000,down,-0.0183070245506466,eS,Maternal,0.994
chr22:37800000-37850000,down,-0.0182907728092838,CD14_M,Maternal,0.889
chr8:145050000-145100000,down,-0.0182852350813023,CD16_M,Maternal,0.939
chr1:198600000-198650000,down,-0.018273532364835,T,Maternal,0.689
chr4:84200000-84250000,down,-0.0182708034357242,HB,Fetal,0.803
chr6:118700000-118750000,down,-0.0182642574347107,Ery,Fetal,0.612
chr19:19250000-19300000,down,-0.018263156034386,B,Maternal,0.659
chr3:93450000-93500000,down,-0.0182597486742372,B,Maternal,0.659
chr6:141750000-141800000,down,-0.0182429338139685,iEVT,Fetal,1
chr12:109100000-109150000,down,-0.0182395031347555,SCT_B,Fetal,1
chr16:67750000-67800000,down,-0.0182268180241375,Ery,Fetal,0.612
chr16:87950000-88000000,down,-0.0182195640479122,SCT_B,Fetal,1
chr11:124550000-124600000,down,-0.0182066087220666,vEC,Maternal,0.8
chr4:95900000-95950000,down,-0.0182058680683343,cilated,Maternal,1
chr20:37350000-37400000,down,-0.0181961068996198,Ery,Fetal,0.612
chr20:19700000-19750000,down,-0.0181610367845138,SCT_B,Fetal,1
chr22:38300000-38350000,down,-0.0181575623825135,avVCT,Fetal,0.964
chr12:47750000-47800000,down,-0.0181574526987324,T,Maternal,0.689
chr10:129650000-129700000,down,-0.0181563968973471,HB,Fetal,0.803
chr5:70600000-70650000,down,-0.0181475269524367,SCT,Fetal,1
chr3:128300000-128350000,down,-0.0181418581988216,vEC,Maternal,0.8
chr12:36350000-36400000,down,-0.0181388452594103,B,Maternal,0.659
chr6:58700000-58750000,down,-0.0181208651820251,Ery,Fetal,0.612
chr17:7500000-7550000,down,-0.0181132544468688,B,Maternal,0.659
chr7:48400000-48450000,down,-0.0181024025290713,uDSC,Maternal,0.99
chr14:88500000-88550000,down,-0.0181013280910115,CD14_M,Maternal,0.889
chr17:75800000-75850000,down,-0.0180938922679291,dNK,Maternal,0.666
chr8:122450000-122500000,down,-0.018093780552444,Ery,Fetal,0.612
chr7:106350000-106400000,down,-0.0180932790317719,iEVT,Fetal,1
chr7:106500000-106550000,down,-0.0180883335204562,dNK,Maternal,0.666
chr10:37000000-37050000,down,-0.0180842832848032,pEVT,Fetal,0.968
chr2:228650000-228700000,down,-0.0180796241255365,Epi,Maternal,0.991
chr1:104350000-104400000,down,-0.0180765407530495,Ery,Fetal,0.612
chr8:72750000-72800000,down,-0.0180750019278505,FB,Fetal,0.553
chr12:117200000-117250000,down,-0.0180669513084982,B,Maternal,0.659
chr14:92700000-92750000,down,-0.0180667881368653,cDC,Unknown,0.507
chr17:72650000-72700000,down,-0.018055705792478,HB,Fetal,0.803
chr17:63000000-63050000,down,-0.0180526612896679,CD14_M,Maternal,0.889
chr16:29300000-29350000,down,-0.0180416578072109,cilated,Maternal,1
chr11:750000-800000,down,-0.018036467461709,dNK,Maternal,0.666
chr18:75600000-75650000,down,-0.0180335309802272,T,Maternal,0.689
chr2:57650000-57700000,down,-0.0180327852088886,CD16_M,Maternal,0.939
chr12:55200000-55250000,down,-0.0180233997050722,Ery,Fetal,0.612
chr13:68500000-68550000,down,-0.0180216904346254,T,Maternal,0.689
chr14:71800000-71850000,down,-0.0180199237053945,CD16_M,Maternal,0.939
chr17:7600000-7650000,down,-0.0180124534745437,eS,Maternal,0.994
chr5:95450000-95500000,down,-0.018012306971497,HB,Fetal,0.803
chr13:110800000-110850000,down,-0.0179986363243644,eEVT,Fetal,1
chr11:17300000-17350000,down,-0.0179975193837079,dNK,Maternal,0.666
chr16:85150000-85200000,down,-0.0179973001283473,eS,Maternal,0.994
chr5:14450000-14500000,down,-0.0179949575399943,EVT,Fetal,0.999
chr2:198100000-198150000,down,-0.0179883867029592,T,Maternal,0.689
chr7:38350000-38400000,down,-0.0179822451338412,dNK,Maternal,0.666
chr4:38850000-38900000,down,-0.0179814809502888,pEVT,Fetal,0.968
chr6:20150000-20200000,down,-0.0179750518691066,Epi,Maternal,0.991
chr1:229150000-229200000,down,-0.0179724355735312,HB,Fetal,0.803
chr1:111400000-111450000,down,-0.0179721936748669,T,Maternal,0.689
chr9:69200000-69250000,down,-0.0179664965304256,SCT_B,Fetal,1
chr12:90250000-90300000,down,-0.0179534151310631,T,Maternal,0.689
chr1:92000000-92050000,down,-0.0179457647485944,T,Maternal,0.689
chr9:71750000-71800000,down,-0.0179385472256473,iEVT,Fetal,1
chr9:75200000-75250000,down,-0.0179361171784881,CD16_M,Maternal,0.939
chr3:117600000-117650000,down,-0.0179339801815391,uDSC,Maternal,0.99
chr15:96450000-96500000,down,-0.0179281074415554,uDSC,Maternal,0.99
chr2:47200000-47250000,down,-0.0179196703780614,cDC,Unknown,0.507
chr6:21850000-21900000,down,-0.0179193112728432,pEVT,Fetal,0.968
chr20:8350000-8400000,down,-0.0179006654496824,dNK,Maternal,0.666
chr5:39250000-39300000,down,-0.0178995729100074,CD14_M,Maternal,0.889
chr2:38050000-38100000,down,-0.0178717989901184,uDSC,Maternal,0.99
chr19:10550000-10600000,down,-0.0178687862482746,Ery,Fetal,0.612
chr10:39100000-39150000,down,-0.0178581246965287,eEVT,Fetal,1
chr12:96500000-96550000,down,-0.0178556389236013,fEC,Fetal,0.868
chr15:100850000-100900000,down,-0.0178501771093027,dNK,Maternal,0.666
chr3:173200000-173250000,down,-0.0178419844139216,T,Maternal,0.689
chr13:80600000-80650000,down,-0.0178396008501421,CD14_M,Maternal,0.889
chr5:94400000-94450000,down,-0.01783469663779,CD14_M,Maternal,0.889
chr13:32650000-32700000,down,-0.0178266706023139,fEC,Fetal,0.868
chr12:109050000-109100000,down,-0.0178260194709769,Ery,Fetal,0.612
chr1:164900000-164950000,down,-0.0178254238063364,uDSC,Maternal,0.99
chr2:8150000-8200000,down,-0.0178215957317064,dNK,Maternal,0.666
chr15:69950000-70000000,down,-0.0178204886895112,EVT,Fetal,0.999
chr15:89150000-89200000,down,-0.0178198565943353,T,Maternal,0.689
chr2:20050000-20100000,down,-0.0178195369237436,pvSMC,Maternal,0.456
chr7:75200000-75250000,down,-0.017817425436606,pEVT,Fetal,0.968
chr10:950000-1000000,down,-0.0178152105165532,B,Maternal,0.659
chr4:65850000-65900000,down,-0.0178142123436291,Ery,Fetal,0.612
chr3:59350000-59400000,down,-0.0178125771462968,T,Maternal,0.689
chr9:73000000-73050000,down,-0.0178123820684211,LEC,Maternal,1
chr8:6550000-6600000,down,-0.0178114930231438,Epi,Maternal,0.991
chr4:15200000-15250000,down,-0.0177983968281735,uDSC,Maternal,0.99
chr12:60050000-60100000,down,-0.0177921057142193,cDC,Unknown,0.507
chr15:31700000-31750000,down,-0.017790383443611,T,Maternal,0.689
chr3:16550000-16600000,down,-0.0177903556523374,B,Maternal,0.659
chr10:39550000-39600000,down,-0.017788937801016,B,Maternal,0.659
chr2:242900000-242950000,down,-0.0177885103482414,B,Maternal,0.659
chr2:108250000-108300000,down,-0.0177872457751856,eS,Maternal,0.994
chr22:24750000-24800000,down,-0.0177865135876327,proSCT,Fetal,0.997
chr7:30000000-30050000,down,-0.0177827521020771,cDC,Unknown,0.507
chr14:76600000-76650000,down,-0.0177821416647006,CD14_M,Maternal,0.889
chr6:44200000-44250000,down,-0.0177686451334636,B,Maternal,0.659
chr1:192900000-192950000,down,-0.0177599129808752,SCT,Fetal,1
chr22:50700000-50750000,down,-0.0177577586068249,cilated,Maternal,1
chr19:52200000-52250000,down,-0.0177532275676348,avVCT,Fetal,0.964
chr17:7700000-7750000,down,-0.017749882112156,cilated,Maternal,1
chr21:45600000-45650000,down,-0.0177497740592629,HB,Fetal,0.803
chr14:52250000-52300000,down,-0.0177484216087689,HB,Fetal,0.803
chr22:29650000-29700000,down,-0.017745624040485,Epi,Maternal,0.991
chr4:139500000-139550000,down,-0.0177455119933747,Ery,Fetal,0.612
chr14:85400000-85450000,down,-0.0177408880222704,cilated,Maternal,1
chr18:42600000-42650000,down,-0.0177357969316159,FB,Fetal,0.553
chr12:43750000-43800000,down,-0.0177319924543078,eEVT,Fetal,1
chr4:180400000-180450000,down,-0.0177316427317883,T,Maternal,0.689
chr14:94000000-94050000,down,-0.0177225774299716,iEVT,Fetal,1
chr10:107750000-107800000,down,-0.0177187731394825,cilated,Maternal,1
chr7:73100000-73150000,down,-0.0177154610749366,Epi,Maternal,0.991
chr2:226950000-227000000,down,-0.0177140249356542,uDSC,Maternal,0.99
chr12:107700000-107750000,down,-0.0177077440139234,T,Maternal,0.689
chr17:7200000-7250000,down,-0.0177036412353104,T,Maternal,0.689
chr19:35750000-35800000,down,-0.0177015629372832,CD14_M,Maternal,0.889
chr17:72250000-72300000,down,-0.0177006776085411,cDC,Unknown,0.507
chr15:68600000-68650000,down,-0.0176950626165175,uDSC,Maternal,0.99
chr8:97800000-97850000,down,-0.0176945379425722,CD16_M,Maternal,0.939
chr3:18750000-18800000,down,-0.0176911896904974,T,Maternal,0.689
chr15:56700000-56750000,down,-0.0176878699237238,cilated,Maternal,1
chr2:42600000-42650000,down,-0.0176823192950952,Epi,Maternal,0.991
chr16:31250000-31300000,down,-0.0176818482411769,CD16_M,Maternal,0.939
chr18:4200000-4250000,down,-0.0176785961835307,Ery,Fetal,0.612
chr10:106000000-106050000,down,-0.0176767004413243,CD16_M,Maternal,0.939
chr13:99850000-99900000,down,-0.0176732975175995,dNK,Maternal,0.666
chr14:73600000-73650000,down,-0.0176515377090605,Epi,Maternal,0.991
chr7:95950000-96000000,down,-0.0176511278538459,Ery,Fetal,0.612
chr11:75600000-75650000,down,-0.017646116865219,Ery,Fetal,0.612
chr6:37550000-37600000,down,-0.0176445677884834,Ery,Fetal,0.612
chr8:93500000-93550000,down,-0.0176375105718511,aEC,Maternal,0.781
chr10:80300000-80350000,down,-0.0176286077956805,uDSC,Maternal,0.99
chr13:47500000-47550000,down,-0.017627696310319,uDSC,Maternal,0.99
chr12:4350000-4400000,down,-0.0176260027242454,T,Maternal,0.689
chr20:35200000-35250000,down,-0.0176203833842023,B,Maternal,0.659
chr15:58950000-59000000,down,-0.0176167451520746,Ery,Fetal,0.612
chr11:28750000-28800000,down,-0.017615351149302,iEVT,Fetal,1
chr1:114450000-114500000,down,-0.017600228225311,T,Maternal,0.689
chr5:169050000-169100000,down,-0.0175993153211993,T,Maternal,0.689
chr15:81300000-81350000,down,-0.0175972779030987,HB,Fetal,0.803
chr8:18050000-18100000,down,-0.0175950535083917,B,Maternal,0.659
chr18:12600000-12650000,down,-0.0175921053358075,HB,Fetal,0.803
chr1:12650000-12700000,down,-0.0175896558077203,Epi,Maternal,0.991
chr2:129250000-129300000,down,-0.0175824288601085,B,Maternal,0.659
chr1:89950000-90000000,down,-0.0175818659684029,T,Maternal,0.689
chr7:6450000-6500000,down,-0.0175808682597473,iEVT,Fetal,1
chr12:123200000-123250000,down,-0.0175747030631446,CD16_M,Maternal,0.939
chr4:650000-700000,down,-0.0175661163542528,CD16_M,Maternal,0.939
chr5:158850000-158900000,down,-0.0175570891409038,cDC,Unknown,0.507
chr18:12100000-12150000,down,-0.0175563461342617,CD14_M,Maternal,0.889
chr10:14950000-15000000,down,-0.0175463038238788,Epi,Maternal,0.991
chr6:147200000-147250000,down,-0.0175452449569527,iEVT,Fetal,1
chr3:4500000-4550000,down,-0.0175402541279133,B,Maternal,0.659
chr5:60150000-60200000,down,-0.0175400441420668,SCT_A,Fetal,1
chr1:2450000-2500000,down,-0.0175340329598813,T,Maternal,0.689
chr12:11900000-11950000,down,-0.0175305705413451,CD16_M,Maternal,0.939
chr12:76100000-76150000,down,-0.0175302473275721,LEC,Maternal,1
chr20:5000000-5050000,down,-0.0175205735052389,iEVT,Fetal,1
chr11:72150000-72200000,down,-0.0175162987686671,HB,Fetal,0.803
chr8:117200000-117250000,down,-0.0175114513903513,dNK,Maternal,0.666
chr2:137700000-137750000,down,-0.0175048123115628,Ery,Fetal,0.612
chr17:68200000-68250000,down,-0.0174896694946862,SCT_B,Fetal,1
chr1:59200000-59250000,down,-0.0174878752282133,LEC,Maternal,1
chr4:52750000-52800000,down,-0.0174868784161186,Epi,Maternal,0.991
chr19:19700000-19750000,down,-0.0174830571038006,T,Maternal,0.689
chr22:3850000-3900000,down,-0.0174718463337621,B,Maternal,0.659
chr1:27600000-27650000,down,-0.0174717827756084,B,Maternal,0.659
chr3:99600000-99650000,down,-0.0174706145244338,fEC,Fetal,0.868
chr1:238050000-238100000,down,-0.0174653798401026,iEVT,Fetal,1
chr3:38000000-38050000,down,-0.0174645806867546,Epi,Maternal,0.991
chr1:51600000-51650000,down,-0.0174590443500076,SCT,Fetal,1
chr21:14200000-14250000,down,-0.0174558086459521,B,Maternal,0.659
chr5:73700000-73750000,down,-0.0174538528440439,pEVT,Fetal,0.968
chr8:42050000-42100000,down,-0.0174453155493689,uDSC,Maternal,0.99
chr9:97400000-97450000,down,-0.0174262214635937,CD16_M,Maternal,0.939
chr9:136950000-137000000,down,-0.0174243984768293,cilated,Maternal,1
chr8:132550000-132600000,down,-0.0174201552646808,Epi,Maternal,0.991
chr2:112400000-112450000,down,-0.0174200001376382,Epi,Maternal,0.991
chr14:69350000-69400000,down,-0.0174198470467738,eEVT,Fetal,1
chr2:44300000-44350000,down,-0.0174082370008634,dNK,Maternal,0.666
chr13:44850000-44900000,down,-0.017395593652575,aEC,Maternal,0.781
chr13:61750000-61800000,down,-0.0173940464778742,Ery,Fetal,0.612
chr18:48350000-48400000,down,-0.0173932007605969,HB,Fetal,0.803
chr15:20700000-20750000,down,-0.0173910651270896,SCT_B,Fetal,1
chr12:32850000-32900000,down,-0.0173792167014606,dNK,Maternal,0.666
chr2:138000000-138050000,down,-0.0173739433533121,iEVT,Fetal,1
chr15:58800000-58850000,down,-0.017371195202508,eEVT,Fetal,1
chr21:36150000-36200000,down,-0.0173564203121218,Epi,Maternal,0.991
chr2:39850000-39900000,down,-0.0173539720526039,cilated,Maternal,1
chr10:109100000-109150000,down,-0.0173498760003408,cilated,Maternal,1
chr22:43850000-43900000,down,-0.017346697964118,eS,Maternal,0.994
chr9:133900000-133950000,down,-0.0173428259279386,pvSMC,Maternal,0.456
chr16:66750000-66800000,down,-0.0173378428589135,iEVT,Fetal,1
chr13:30750000-30800000,down,-0.0173355987733793,eS,Maternal,0.994
chr15:59450000-59500000,down,-0.0173342466352003,uDSC,Maternal,0.99
chr3:18100000-18150000,down,-0.0173341161407764,dNK,Maternal,0.666
chr17:79700000-79750000,down,-0.0173317514151424,SCT_A,Fetal,1
chr7:37800000-37850000,down,-0.0173311087355566,HB,Fetal,0.803
chr1:31250000-31300000,down,-0.0173233232588907,CD14_M,Maternal,0.889
chr7:1950000-2000000,down,-0.0173229024204385,T,Maternal,0.689
chr8:59050000-59100000,down,-0.0173213817659283,HB,Fetal,0.803
chr12:36900000-36950000,down,-0.0173171126325363,B,Maternal,0.659
chr11:102550000-102600000,down,-0.0173093785927793,DSC_B,Maternal,0.993
chr2:214400000-214450000,down,-0.017308588693355,cilated,Maternal,1
chr4:93250000-93300000,down,-0.0172975079059123,Ery,Fetal,0.612
chr1:60000000-60050000,down,-0.017295883274387,uDSC,Maternal,0.99
chr19:27300000-27350000,down,-0.0172835933003554,B,Maternal,0.659
chr19:8700000-8750000,down,-0.0172786894255357,uDSC,Maternal,0.99
chr2:99050000-99100000,down,-0.0172770857745611,dNK,Maternal,0.666
chr5:171600000-171650000,down,-0.01726876459839,T,Maternal,0.689
chr1:160700000-160750000,down,-0.017265382493975,T,Maternal,0.689
chr7:133700000-133750000,down,-0.0172647261786861,LEC,Maternal,1
chr5:157850000-157900000,down,-0.0172645132383101,uDSC,Maternal,0.99
chr12:60000000-60050000,down,-0.0172642866155623,cDC,Unknown,0.507
chr2:92700000-92750000,down,-0.0172613145745269,B,Maternal,0.659
chr6:41250000-41300000,down,-0.0172565237273238,CD16_M,Maternal,0.939
chr12:82550000-82600000,down,-0.0172552214156422,cilated,Maternal,1
chr1:184750000-184800000,down,-0.0172537992189329,LEC,Maternal,1
chr22:29600000-29650000,down,-0.017241422821298,LEC,Maternal,1
chr14:87100000-87150000,down,-0.0172355791277184,uDSC,Maternal,0.99
chr7:2650000-2700000,down,-0.0172329272482138,CD14_M,Maternal,0.889
chr2:46050000-46100000,down,-0.0172323735234145,uDSC,Maternal,0.99
chr18:10050000-10100000,down,-0.017227055661074,uDSC,Maternal,0.99
chr12:49400000-49450000,down,-0.017224419059818,cilated,Maternal,1
chr19:7550000-7600000,down,-0.017222075233421,CD14_M,Maternal,0.889
chr2:18100000-18150000,down,-0.0172211854589563,pvSMC,Maternal,0.456
chr9:90200000-90250000,down,-0.0172114961498475,CD16_M,Maternal,0.939
chr8:1250000-1300000,down,-0.0172051534326737,vEC,Maternal,0.8
chr5:90750000-90800000,down,-0.0172048104210728,CD14_M,Maternal,0.889
chr10:27000000-27050000,down,-0.0172041510365451,CD14_M,Maternal,0.889
chr1:105900000-105950000,down,-0.0172030248378938,Ery,Fetal,0.612
chr17:79500000-79550000,down,-0.0172001450760102,vEC,Maternal,0.8
chr22:28100000-28150000,down,-0.0171972220922173,uDSC,Maternal,0.99
chr11:128550000-128600000,down,-0.0171944455839229,fEC,Fetal,0.868
chr14:21550000-21600000,down,-0.017187964663301,T,Maternal,0.689
chr5:119450000-119500000,down,-0.0171833483600427,FB,Fetal,0.553
chr8:18950000-19000000,down,-0.0171803554882265,uDSC,Maternal,0.99
chr1:162400000-162450000,down,-0.0171768366885494,Ery,Fetal,0.612
chr7:140900000-140950000,down,-0.0171746024237489,eEVT,Fetal,1
chr19:6600000-6650000,down,-0.0171716736093389,T,Maternal,0.689
chr12:113850000-113900000,down,-0.0171706233972077,CD16_M,Maternal,0.939
chr2:193600000-193650000,down,-0.0171654797228185,T,Maternal,0.689
chr16:5850000-5900000,down,-0.0171642046252894,B,Maternal,0.659
chr1:89800000-89850000,down,-0.0171624534193752,eEVT,Fetal,1
chr12:900000-950000,down,-0.0171581322075065,Ery,Fetal,0.612
chr21:36400000-36450000,down,-0.0171569541843226,dNK,Maternal,0.666
chr20:19550000-19600000,down,-0.0171533393613477,Ery,Fetal,0.612
chr2:102800000-102850000,down,-0.0171523339605353,Epi,Maternal,0.991
chr10:46150000-46200000,down,-0.0171521150980516,Ery,Fetal,0.612
chr20:56850000-56900000,down,-0.0171419028757091,dNK,Maternal,0.666
chr6:32600000-32650000,down,-0.0171364369345289,B,Maternal,0.659
chr15:19950000-20000000,down,-0.0171323761875716,B,Maternal,0.659
chr22:46500000-46550000,down,-0.0171277095636384,eS,Maternal,0.994
chr19:45750000-45800000,down,-0.0171241067192857,LEC,Maternal,1
chr10:32850000-32900000,down,-0.0171224354745379,Ery,Fetal,0.612
chr9:102400000-102450000,down,-0.0171145444107519,CD16_M,Maternal,0.939
chr2:219650000-219700000,down,-0.0171138448540248,CD16_M,Maternal,0.939
chr10:4850000-4900000,down,-0.0171126529432756,aEC,Maternal,0.781
chr1:29200000-29250000,down,-0.0171063088901546,Ery,Fetal,0.612
chr11:15400000-15450000,down,-0.0170975825452476,Epi,Maternal,0.991
chr1:2200000-2250000,down,-0.0170871654545716,dNK,Maternal,0.666
chr17:42850000-42900000,down,-0.0170853946888221,pvSMC,Maternal,0.456
chr10:6050000-6100000,down,-0.0170850017822078,CD14_M,Maternal,0.889
chr4:3100000-3150000,down,-0.0170689897658495,iEVT,Fetal,1
chr3:143650000-143700000,down,-0.0170590080401048,B,Maternal,0.659
chr3:39250000-39300000,down,-0.0170489380597208,HB,Fetal,0.803
chr2:64900000-64950000,down,-0.0170406752944894,iEVT,Fetal,1
chr12:24850000-24900000,down,-0.0170405986566614,HB,Fetal,0.803
chr12:132450000-132500000,down,-0.0170401523489676,HB,Fetal,0.803
chr15:90350000-90400000,down,-0.017030798196784,CD16_M,Maternal,0.939
chr1:8900000-8950000,down,-0.0170304347899871,dNK,Maternal,0.666
chr8:7550000-7600000,down,-0.0170299374518653,SCT_A,Fetal,1
chr6:127850000-127900000,down,-0.0170133834925522,cilated,Maternal,1
chr12:48250000-48300000,down,-0.0170104000766807,cDC,Unknown,0.507
chr16:8900000-8950000,down,-0.0170095992716137,vEC,Maternal,0.8
chr19:14750000-14800000,down,-0.0170094621743153,CD16_M,Maternal,0.939
chr6:43200000-43250000,down,-0.0170085876134686,cilated,Maternal,1
chr21:15850000-15900000,down,-0.0170020984390331,CD14_M,Maternal,0.889
chr4:7600000-7650000,down,-0.0170009008611615,CD16_M,Maternal,0.939
chr6:131550000-131600000,down,-0.0169989478776205,Epi,Maternal,0.991
chr2:85650000-85700000,down,-0.0169941651953401,CD14_M,Maternal,0.889
chr13:70250000-70300000,down,-0.0169882480445652,Ery,Fetal,0.612
chr17:72900000-72950000,down,-0.0169855454107498,SCT,Fetal,1
chr20:3200000-3250000,down,-0.0169822900896252,Epi,Maternal,0.991
chr1:99250000-99300000,down,-0.0169751078183312,B,Maternal,0.659
chr6:53200000-53250000,down,-0.0169728072225002,T,Maternal,0.689
chr20:57250000-57300000,down,-0.0169715830259306,dNK,Maternal,0.666
chr3:40250000-40300000,down,-0.0169601276715696,iEVT,Fetal,1
chr8:125200000-125250000,down,-0.0169596667792135,T,Maternal,0.689
chr2:46750000-46800000,down,-0.016950056603747,dNK,Maternal,0.666
chr9:93950000-94000000,down,-0.0169464564159055,eEVT,Fetal,1
chr9:24350000-24400000,down,-0.0169404419159653,Ery,Fetal,0.612
chr3:7550000-7600000,down,-0.0169355787724635,aEC,Maternal,0.781
chr2:240900000-240950000,down,-0.016934274555454,uDSC,Maternal,0.99
chr10:11250000-11300000,down,-0.0169288553528702,dNK,Maternal,0.666
chr11:60100000-60150000,down,-0.016928257477226,CD14_M,Maternal,0.889
chr7:85500000-85550000,down,-0.0169264985136297,cilated,Maternal,1
chr18:15400000-15450000,down,-0.0169236569763357,T,Maternal,0.689
chr14:89950000-90000000,down,-0.0169070088446986,iEVT,Fetal,1
chr4:34550000-34600000,down,-0.0169060915748961,Ery,Fetal,0.612
chr1:200300000-200350000,down,-0.0168930800948014,iEVT,Fetal,1
chr10:95100000-95150000,down,-0.0168898925550166,aEC,Maternal,0.781
chr1:54250000-54300000,down,-0.0168890632868365,cDC,Unknown,0.507
chr15:16100000-16150000,down,-0.0168880502181913,B,Maternal,0.659
chr21:43600000-43650000,down,-0.0168869714680971,CD16_M,Maternal,0.939
chr15:24050000-24100000,down,-0.0168839044615052,uDSC,Maternal,0.99
chr11:97250000-97300000,down,-0.0168819838535858,Ery,Fetal,0.612
chr19:3150000-3200000,down,-0.0168806355075134,T,Maternal,0.689
chr21:48000000-48050000,down,-0.0168799169475508,T,Maternal,0.689
chr2:114700000-114750000,down,-0.016873533038203,eEVT,Fetal,1
chr5:139900000-139950000,down,-0.0168718181471085,T,Maternal,0.689
chr5:48950000-49000000,down,-0.0168661230273316,B,Maternal,0.659
chr17:100000-150000,down,-0.0168568907522967,fEC,Fetal,0.868
chr1:221350000-221400000,down,-0.0168561375849802,aEC,Maternal,0.781
chr8:68500000-68550000,down,-0.0168549391060272,HB,Fetal,0.803
chr5:88550000-88600000,down,-0.0168536587238647,B,Maternal,0.659
chr12:69650000-69700000,down,-0.0168450627124213,iEVT,Fetal,1
chr1:179250000-179300000,down,-0.0168370468694472,eEVT,Fetal,1
chr8:42800000-42850000,down,-0.0168346973042239,Ery,Fetal,0.612
chr19:10450000-10500000,down,-0.0168323045660871,dNK,Maternal,0.666
chr8:9900000-9950000,down,-0.0168250510311233,aEC,Maternal,0.781
chr13:30050000-30100000,down,-0.0168207904800934,uDSC,Maternal,0.99
chr12:87950000-88000000,down,-0.0168147511948843,B,Maternal,0.659
chr2:224000000-224050000,down,-0.0168134554896513,uDSC,Maternal,0.99
chr7:26350000-26400000,down,-0.0168113912912372,CD16_M,Maternal,0.939
chr7:93050000-93100000,down,-0.0167974426841955,HB,Fetal,0.803
chr11:109850000-109900000,down,-0.0167926487161748,cDC,Unknown,0.507
chr14:52350000-52400000,down,-0.0167909736685979,T,Maternal,0.689
chr14:75650000-75700000,down,-0.0167874939631481,CD16_M,Maternal,0.939
chr19:2050000-2100000,down,-0.0167870804564612,dNK,Maternal,0.666
chr17:30600000-30650000,down,-0.0167755517448127,Ery,Fetal,0.612
chr18:68050000-68100000,down,-0.0167652633295478,uDSC,Maternal,0.99
chr17:78200000-78250000,down,-0.0167642858518871,T,Maternal,0.689
chr16:1350000-1400000,down,-0.016761478707411,dNK,Maternal,0.666
chr1:2550000-2600000,down,-0.0167503448560067,T,Maternal,0.689
chr16:14800000-14850000,down,-0.0167495620715508,SCT,Fetal,1
chr6:133950000-134000000,down,-0.0167447659958185,eS,Maternal,0.994
chr2:80750000-80800000,down,-0.0167443282030283,eS,Maternal,0.994
chr15:20050000-20100000,down,-0.0167438438871355,Ery,Fetal,0.612
chr4:75050000-75100000,down,-0.0167390146708312,VCT,Fetal,0.999
chr5:146550000-146600000,down,-0.0167355873627359,Epi,Maternal,0.991
chr11:28200000-28250000,down,-0.0167345159966707,aEC,Maternal,0.781
chr2:68900000-68950000,down,-0.0167343011152376,CD14_M,Maternal,0.889
chr5:163300000-163350000,down,-0.0167255015653436,B,Maternal,0.659
chr18:55950000-56000000,down,-0.0167214991774179,proSCT,Fetal,0.997
chr1:165800000-165850000,down,-0.0167204880571865,dNK,Maternal,0.666
chr16:69550000-69600000,down,-0.0167195943766911,SCT_B,Fetal,1
chr8:133800000-133850000,down,-0.0167040371905865,LEC,Maternal,1
chr7:65950000-66000000,down,-0.016700847424127,DSC_B,Maternal,0.993
chr11:122600000-122650000,down,-0.0167005904741039,dNK,Maternal,0.666
chr2:79250000-79300000,down,-0.0166979476051,Ery,Fetal,0.612
chr6:30550000-30600000,down,-0.016677753173714,T,Maternal,0.689
chr16:41200000-41250000,down,-0.0166764513842941,B,Maternal,0.659
chr1:247600000-247650000,down,-0.0166763739272184,CD16_M,Maternal,0.939
chr22:5800000-5850000,down,-0.0166740532724601,B,Maternal,0.659
chr14:100750000-100800000,down,-0.0166693767885318,cilated,Maternal,1
chr19:55300000-55350000,down,-0.0166680317365534,dNK,Maternal,0.666
chr6:111400000-111450000,down,-0.0166629106835498,CD14_M,Maternal,0.889
chr3:171850000-171900000,down,-0.0166606849190494,eEVT,Fetal,1
chr3:186700000-186750000,down,-0.0166594291804333,B,Maternal,0.659
chr1:160300000-160350000,down,-0.016654501847892,CD14_M,Maternal,0.889
chr14:5550000-5600000,down,-0.0166417845196884,B,Maternal,0.659
chr3:157150000-157200000,down,-0.0166407419153693,LEC,Maternal,1
chr2:8400000-8450000,down,-0.0166405529581974,dNK,Maternal,0.666
chr17:75950000-76000000,down,-0.0166405390720366,T,Maternal,0.689
chr18:19150000-19200000,down,-0.01663959401289,B,Maternal,0.659
chr12:96600000-96650000,down,-0.016635402128898,LEC,Maternal,1
chr9:83050000-83100000,down,-0.0166279015095235,Ery,Fetal,0.612
chr4:31450000-31500000,down,-0.0166275932687561,Ery,Fetal,0.612
chr3:50950000-51000000,down,-0.01661945324754,SCT_B,Fetal,1
chr10:3750000-3800000,down,-0.0166190910683006,EVT,Fetal,0.999
chr8:122950000-123000000,down,-0.0166170818332606,uDSC,Maternal,0.99
chr17:19950000-20000000,down,-0.0166143262979111,Ery,Fetal,0.612
chr16:44800000-44850000,down,-0.0166110878942245,B,Maternal,0.659
chr19:54550000-54600000,down,-0.0166087772284978,CD16_M,Maternal,0.939
chr11:119400000-119450000,down,-0.0166078976643873,uDSC,Maternal,0.99
chr10:90550000-90600000,down,-0.0165963330835913,T,Maternal,0.689
chr8:131300000-131350000,down,-0.0165919162058783,dNK,Maternal,0.666
chr2:234200000-234250000,down,-0.0165852095605058,dNK,Maternal,0.666
chr12:56700000-56750000,down,-0.0165835979711134,B,Maternal,0.659
chr18:1650000-1700000,down,-0.016580742529544,CD14_M,Maternal,0.889
chr1:209000000-209050000,down,-0.016575767254529,aEC,Maternal,0.781
chr14:61900000-61950000,down,-0.0165725311624724,dNK,Maternal,0.666
chr10:73450000-73500000,down,-0.0165642419971062,T,Maternal,0.689
chr6:18500000-18550000,down,-0.0165626124990439,eEVT,Fetal,1
chr10:58600000-58650000,down,-0.0165540254885493,B,Maternal,0.659
chr8:65400000-65450000,down,-0.0165516359532182,cilated,Maternal,1
chr17:53750000-53800000,down,-0.0165355088364204,LEC,Maternal,1
chr17:77750000-77800000,down,-0.0165299799816044,eS,Maternal,0.994
chr17:57800000-57850000,down,-0.0165289125459587,CD14_M,Maternal,0.889
chr2:28100000-28150000,down,-0.0165270552682886,dNK,Maternal,0.666
chr21:26850000-26900000,down,-0.0165230145319322,Ery,Fetal,0.612
chr1:28050000-28100000,down,-0.0165172050843652,T,Maternal,0.689
chr14:58500000-58550000,down,-0.0165137769040508,cilated,Maternal,1
chr2:242650000-242700000,down,-0.0164975558435867,T,Maternal,0.689
chr5:180300000-180350000,down,-0.0164948655901157,SCT,Fetal,1
chr6:47300000-47350000,down,-0.016490070839449,HB,Fetal,0.803
chr4:147750000-147800000,down,-0.0164885534103023,Ery,Fetal,0.612
chr21:6000000-6050000,down,-0.0164834236690153,B,Maternal,0.659
chr6:112450000-112500000,down,-0.0164757476331604,uDSC,Maternal,0.99
chr2:183550000-183600000,down,-0.0164727359575045,Epi,Maternal,0.991
chr7:116500000-116550000,down,-0.0164724859077266,Ery,Fetal,0.612
chr20:17100000-17150000,down,-0.0164689675654779,FB,Fetal,0.553
chr3:57900000-57950000,down,-0.0164687348485296,pEVT,Fetal,0.968
chr15:34600000-34650000,down,-0.0164628823334007,T,Maternal,0.689
chr6:13250000-13300000,down,-0.0164554917936757,B,Maternal,0.659
chr1:177750000-177800000,down,-0.0164537788659589,Epi,Maternal,0.991
chr2:149400000-149450000,down,-0.0164520408190117,T,Maternal,0.689
chr9:76950000-77000000,down,-0.0164508717383243,cilated,Maternal,1
chr7:113650000-113700000,down,-0.0164501531729392,B,Maternal,0.659
chr6:138250000-138300000,down,-0.0164442160607368,T,Maternal,0.689
chr16:21650000-21700000,down,-0.0164385659802656,T,Maternal,0.689
chr1:4200000-4250000,down,-0.0164345132105269,Ery,Fetal,0.612
chr1:184100000-184150000,down,-0.0164305753473024,Epi,Maternal,0.991
chr20:13450000-13500000,down,-0.0164188893520651,pvSMC,Maternal,0.456
chr5:159750000-159800000,down,-0.0164168632283551,Epi,Maternal,0.991
chr18:46200000-46250000,down,-0.0164165371252205,fEC,Fetal,0.868
chr2:148400000-148450000,down,-0.0164065888733354,HB,Fetal,0.803
chr20:62100000-62150000,down,-0.016406309736266,eS,Maternal,0.994
chr18:53650000-53700000,down,-0.0164047818786911,fEC,Fetal,0.868
chr1:85800000-85850000,down,-0.0163965644507752,aEC,Maternal,0.781
chr18:12950000-13000000,down,-0.0163816155691338,Ery,Fetal,0.612
chr15:100450000-100500000,down,-0.0163803186783321,uDSC,Maternal,0.99
chr21:16050000-16100000,down,-0.0163795181453101,CD14_M,Maternal,0.889
chr2:145250000-145300000,down,-0.0163789245060323,CD14_M,Maternal,0.889
chr3:37550000-37600000,down,-0.0163708418574077,LEC,Maternal,1
chr6:143200000-143250000,down,-0.0163682981894582,T,Maternal,0.689
chr12:99150000-99200000,down,-0.0163546454353066,B,Maternal,0.659
chr13:95850000-95900000,down,-0.0163513839920306,Ery,Fetal,0.612
chr12:92300000-92350000,down,-0.0163479455960336,aEC,Maternal,0.781
chr17:27500000-27550000,down,-0.0163478570754578,pEVT,Fetal,0.968
chr18:13100000-13150000,down,-0.0163370493773191,dNK,Maternal,0.666
chr10:125850000-125900000,down,-0.0163346441399516,Epi,Maternal,0.991
chr2:231750000-231800000,down,-0.0163312827245797,cDC,Unknown,0.507
chr4:127600000-127650000,down,-0.0163305419129998,Ery,Fetal,0.612
chr7:34300000-34350000,down,-0.0163264512660999,eEVT,Fetal,1
chr4:189700000-189750000,down,-0.0163189820547354,Ery,Fetal,0.612
chr15:87700000-87750000,down,-0.0163066600266325,uDSC,Maternal,0.99
chr6:40300000-40350000,down,-0.0163054591408602,uDSC,Maternal,0.99
chr10:3800000-3850000,down,-0.0163003281681285,T,Maternal,0.689
chr17:37250000-37300000,down,-0.0162985155852474,CD14_M,Maternal,0.889
chr17:44700000-44750000,down,-0.0162877783042986,SCT,Fetal,1
chr11:125800000-125850000,down,-0.0162797093780494,uDSC,Maternal,0.99
chr22:15000000-15050000,down,-0.016279200631734,B,Maternal,0.659
chr12:12150000-12200000,down,-0.0162728616459041,CD14_M,Maternal,0.889
chr13:53450000-53500000,down,-0.0162721003596429,HB,Fetal,0.803
chr18:77150000-77200000,down,-0.0162597170962692,LEC,Maternal,1
chr12:116550000-116600000,down,-0.016257777242193,EVT,Fetal,0.999
chr2:7950000-8000000,down,-0.0162517856279412,uDSC,Maternal,0.99
chr5:66450000-66500000,down,-0.0162493261555127,T,Maternal,0.689
chr22:22150000-22200000,down,-0.0162460679939965,dNK,Maternal,0.666
chr4:99850000-99900000,down,-0.0162437996505192,pEVT,Fetal,0.968
chr19:5800000-5850000,down,-0.0162408884657149,eS,Maternal,0.994
chr1:171550000-171600000,down,-0.0162345562251934,Epi,Maternal,0.991
chr8:133750000-133800000,down,-0.0162319099924545,T,Maternal,0.689
chr8:129250000-129300000,down,-0.0162316626879783,B,Maternal,0.659
chr11:60150000-60200000,down,-0.0162237561913769,CD14_M,Maternal,0.889
chr22:50050000-50100000,down,-0.0162222724291831,LEC,Maternal,1
chr20:60750000-60800000,down,-0.0162181060806078,VCT,Fetal,0.999
chr10:114850000-114900000,down,-0.0162156536649742,eEVT,Fetal,1
chr12:74000000-74050000,down,-0.0162155324746784,iEVT,Fetal,1
chr2:228950000-229000000,down,-0.0162147299915788,eEVT,Fetal,1
chr5:167250000-167300000,down,-0.0162135891439069,Ery,Fetal,0.612
chr11:52550000-52600000,down,-0.0162102813642201,B,Maternal,0.659
chr9:51300000-51350000,down,-0.0162086801519737,B,Maternal,0.659
chr17:23750000-23800000,down,-0.0162079569182556,B,Maternal,0.659
chr15:20750000-20800000,down,-0.0162075571589789,SCT,Fetal,1
chr3:129200000-129250000,down,-0.0162026167075686,HB,Fetal,0.803
chr15:101100000-101150000,down,-0.0162013472402575,T,Maternal,0.689
chr9:107950000-108000000,down,-0.0161997514164885,FB,Fetal,0.553
chr11:65000000-65050000,down,-0.0161971510124481,cDC,Unknown,0.507
chr10:82400000-82450000,down,-0.016195896749444,uDSC,Maternal,0.99
chr3:89000000-89050000,down,-0.0161925909928727,cDC,Unknown,0.507
chr17:13750000-13800000,down,-0.0161914402784328,HB,Fetal,0.803
chr7:100650000-100700000,down,-0.016191014393234,uDSC,Maternal,0.99
chr9:42150000-42200000,down,-0.0161868475986202,SCT_B,Fetal,1
chr12:75850000-75900000,down,-0.0161821684539077,eEVT,Fetal,1
chr17:27250000-27300000,down,-0.0161747121693234,T,Maternal,0.689
chr4:154050000-154100000,down,-0.016173676924308,Epi,Maternal,0.991
chr10:26700000-26750000,down,-0.0161725025742366,iEVT,Fetal,1
chr19:40950000-41000000,down,-0.0161588068241163,Ery,Fetal,0.612
chr10:49850000-49900000,down,-0.0161469753068252,B,Maternal,0.659
chr3:127000000-127050000,down,-0.0161446211520781,HB,Fetal,0.803
chr4:181100000-181150000,down,-0.0161176873915741,eEVT,Fetal,1
chr5:108100000-108150000,down,-0.016114078600021,iEVT,Fetal,1
chr11:96550000-96600000,down,-0.0161118707524295,B,Maternal,0.659
chr1:153200000-153250000,down,-0.0161074917957523,CD14_M,Maternal,0.889
chr13:19500000-19550000,down,-0.01610436843138,cilated,Maternal,1
chr10:36050000-36100000,down,-0.0160982175684065,iEVT,Fetal,1
chr20:4600000-4650000,down,-0.0160938381287155,Ery,Fetal,0.612
chr15:74850000-74900000,down,-0.0160886396914579,Ery,Fetal,0.612
chr5:8900000-8950000,down,-0.0160885856202688,Ery,Fetal,0.612
chr19:5200000-5250000,down,-0.0160877091054797,eEVT,Fetal,1
chr5:108950000-109000000,down,-0.0160861775726281,Ery,Fetal,0.612
chr18:46550000-46600000,down,-0.016082516557304,dNK,Maternal,0.666
chr13:400000-450000,down,-0.0160821467881219,B,Maternal,0.659
chr2:37800000-37850000,down,-0.0160697562395133,T,Maternal,0.689
chr19:13550000-13600000,down,-0.0160652193833516,Ery,Fetal,0.612
chr12:17700000-17750000,down,-0.0160490795880164,VCT,Fetal,0.999
chr1:241600000-241650000,down,-0.0160440425408989,Ery,Fetal,0.612
chr3:188500000-188550000,down,-0.0160415787812485,CD14_M,Maternal,0.889
chr12:63750000-63800000,down,-0.0160403837575995,LEC,Maternal,1
chr11:65400000-65450000,down,-0.0160272571837726,dNK,Maternal,0.666
chr13:41200000-41250000,down,-0.0160265127191779,DSC_B,Maternal,0.993
chr7:130850000-130900000,down,-0.0160236722812677,iEVT,Fetal,1
chr4:82150000-82200000,down,-0.0160204100422642,B,Maternal,0.659
chr14:62100000-62150000,down,-0.016019816819891,T,Maternal,0.689
chr11:17850000-17900000,down,-0.0160175436391435,iEVT,Fetal,1
chr16:48750000-48800000,down,-0.0160157557113421,iEVT,Fetal,1
chr3:64050000-64100000,down,-0.0160155374387794,eS,Maternal,0.994
chr2:45350000-45400000,down,-0.0160150159049271,uDSC,Maternal,0.99
chr10:74250000-74300000,down,-0.016013513902411,Epi,Maternal,0.991
chr13:64900000-64950000,down,-0.0160131874989374,B,Maternal,0.659
chr19:2100000-2150000,down,-0.0160088705468339,dNK,Maternal,0.666
chr14:15450000-15500000,down,-0.0160073269695106,B,Maternal,0.659
