pc,beta,var_frac,best_tissue,best_corr,corr_Peyer's patch,corr_adrenal gland,corr_brain,corr_cerebellum,corr_chorion,corr_coronary artery,corr_esophagus muscularis mucosa,corr_esophagus squamous epithelium,corr_eye,corr_femur,corr_forelimb muscle,corr_frontal cortex,corr_germinal center,corr_heart,corr_heart left ventricle,corr_heart right ventricle,corr_hindlimb muscle,corr_kidney,corr_large intestine,corr_left cardiac atrium,corr_left forelimb,corr_left hindlimb,corr_left kidney,corr_left lung,corr_left renal cortex interstitium,corr_left renal pelvis,corr_liver,corr_lung,corr_muscle of arm,corr_muscle of back,corr_muscle of leg,corr_muscle of trunk,corr_occipital lobe,corr_omental fat pad,corr_ovary,corr_pancreas,corr_placenta,corr_psoas muscle,corr_renal cortex interstitium,corr_renal pelvis,corr_retina,corr_right atrium auricular region,corr_right forelimb,corr_right hindlimb,corr_right kidney,corr_right lung,corr_right renal cortex interstitium,corr_right renal pelvis,corr_sigmoid colon,corr_skin of body,corr_small intestine,corr_spinal cord,corr_spleen,corr_stomach,corr_testis,corr_thymus,corr_tibial artery,corr_tibial nerve,corr_tongue,corr_transverse colon,corr_upper lobe of left lung,corr_urinary bladder,corr_vagina,corr_CD14-positive monocyte,corr_B cell,"corr_CD4-positive, alpha-beta T cell","corr_CD8-positive, alpha-beta T cell",corr_natural killer cell,"corr_common myeloid progenitor, CD34-positive",corr_trophoblast cell,corr_endothelial cell of umbilical vein,corr_dermis blood vessel endothelial cell,corr_neutrophil
PC1,0.0459317120605387,0.0284960493448702,right renal cortex interstitium,-0.00827554574710993,-0.00238070138636534,-0.00475094697686146,-0.00256443930223606,-0.00455967731177683,0.00274215846145505,-0.00385388309911377,-0.00148024932463264,0.00184107523518235,-0.00489929756219826,-0.00370439194247241,-0.00519423295774798,-0.000259887376386949,-0.00335339763743155,-0.00256485661787324,-0.00238194565668341,-0.0017045322618355,-0.00375671120447336,-0.00654372349669444,-0.00329130059849117,-0.00249401312904995,-0.00425248203408728,-0.00488005546849841,-0.00682939574874307,-0.00626013694238736,-0.00738398389417467,-0.00610039650693946,-0.00406388504500489,-0.00499442419258426,-0.00550310634648896,-0.00511510757632041,-0.00388075632256696,-0.00456442408699676,-0.00187702138904897,-0.000500327989815629,-0.005027427995213,-0.00338235322000642,-0.00408284730401806,-0.00161082886474608,-0.00774518272246214,-0.00677096380426286,-0.00380599845583034,-0.00416445800198469,-0.00461031244282902,-0.00419393800520983,-0.00474502561026216,-0.0037085444442404,-0.00827554574710993,-0.0070608542186926,-0.00422405186820726,-0.00621083487502703,-0.00353360183674968,-0.00436507416708411,-0.00711512258005864,-0.00525292025666637,-0.00503525859179472,-0.00392752865741234,-0.00495636747457666,-0.00322224175083979,-0.00546270011747084,-0.00172029690980045,-0.00176761704687351,-0.00573528935849907,-0.000873173313784719,-0.000955532309415001,-0.00432964061832674,-0.00318078445961638,-0.00334647058466472,-0.00340213209430233,-0.00271191075668224,-0.00208251356855888,-0.000755802753928299,-0.00400939844608558,-0.000445906025863554
PC2,0.0934843866625015,0.0282733609794613,upper lobe of left lung,-0.00612231895920225,-0.00368016857114669,-3.66021100313416e-05,0.00149588794288346,-0.00116754531124192,0.00196561055866379,-0.00122302563840835,-0.00317956037017254,0.00168608044004412,-0.00106662360896214,0.00102134563574115,0.00321501429061954,0.00164985594759136,-0.000227370252340618,0.000866105079934483,-0.000241748965385746,-0.000605475882693632,0.000581529125243435,0.0002137172752767,-0.00107641106843926,0.00216065426845605,-0.00436307823514917,0.00141039223511471,0.000291709765241931,0.000154498876221731,0.00148353923024324,0.000246586463070389,-0.0019473128163588,0.000902427540618067,0.00161664800229289,0.00197219590512798,0.00257694215452112,0.0016523448739881,-0.0047219174737673,0.0010141803052648,0.000871579693910433,-0.00110676169884518,-0.00460669903889618,0.0005938349119738,-0.000261659124900799,9.49927922238682e-05,6.04138957384003e-05,-0.00177976933203211,-0.00114988074913133,0.000482849019277802,-0.00109696360920522,0.0025523062303459,0.00106276178355309,0.00058692899672509,0.0020360762332951,-0.00103482104308622,-0.0025255880344972,0.0014401281026816,0.00101186209388731,-0.00147234324332957,0.0016712788885108,2.42072008864787e-05,-0.0036783923564156,-0.0047331581099625,-0.000356797586499487,-0.00306714610020255,-0.00612231895920225,0.00303156171489625,0.000216349019853874,-0.000956693350913159,0.0019831343309296,-0.000994535392998409,-0.00119229013992707,-0.00203981169776608,-0.000416744948855893,-0.00335213783029483,0.00213940927054889,0.00516370800517672,-0.00419398270797343
PC3,0.6,0.0280776754495258,placenta,0.988833230890492,0.708499194406347,0.717152159313814,0.531079660724989,0.641368693827493,0.518121925254911,0.618585268790208,0.404431272524272,0.315993623650916,0.654806551731984,0.723990044490383,0.586523723960667,0.621956122194382,0.683955999217464,0.719577883418648,0.692740192511681,0.628677738907462,0.698385977400693,0.710628327511723,0.747412812579331,0.675165391211031,0.653210788233629,0.703012490161355,0.715502566124981,0.65776876828426,0.676611791717919,0.696917922663152,0.685753961882684,0.631365742084176,0.664415368666141,0.655358155444406,0.651511873010901,0.686895283452067,0.577167309374756,0.36385141342855,0.725020908755296,0.691790412455332,0.988833230890492,0.715650203320833,0.709161044536669,0.724319256234295,0.662485544330373,0.40202538201699,0.698928344575245,0.706379398335865,0.708854169679911,0.648752244696976,0.686568010241041,0.712417046861821,0.630477913443268,0.623709770654273,0.754193234448724,0.672182563625943,0.664233229947521,0.735618876338128,0.664983348223883,0.678075882336789,0.476113475909259,0.361967578933861,0.707014349406429,0.705399565126947,0.256612464211507,0.701781192172054,0.387619727279567,0.653213971396372,0.670424415092695,0.656458439733027,0.667175278485426,0.667958991620946,0.687731074614423,0.875255749758198,0.663742950165879,0.670178948449681,0.699662871970542
PC4,0.0939788568023798,0.0280106815371498,retina,0.00670456294597561,0.00181652322716837,0.00445856505140644,0.00489348949222476,0.00318302136210701,0.00296081354766669,0.00156831895272062,0.000578367700633141,0.00160515162442865,0.00640983733713479,0.00147192468476387,0.00168844437674574,0.00379640244088385,0.00516647969704521,0.00174108088170402,0.000735389494357691,9.37047021411032e-05,0.00185272009238952,0.00472824764519438,0.00375877525295721,0.00256903376144719,0.00143233845855068,0.000416647152954769,0.00429482875107101,0.00322966962940934,0.00319638542368727,0.00441773305505777,0.00464299720510824,0.00362310182730377,0.0026817546097465,0.00090162378015846,0.00263542602014387,0.000833521442418079,0.00433851784877625,0.00271653773789088,0.00389986444574428,0.00328414321030233,-0.000146001259429856,7.64386415797902e-05,0.00485237195833164,0.00485185986447818,0.00670456294597561,0.00110507647794187,-0.000705053126604562,0.000322452693847323,0.0044050733524517,0.00396646289708421,0.00519728314465805,0.00458992426195639,0.00145896801701768,0.00600969970051932,0.00234743526597695,0.00663540795309091,0.00503776206257227,0.00668176676975834,0.0058613768751103,0.0060338363977039,0.000402062611772717,0.00247679858211418,-0.000438001591304463,0.00192774673297959,-0.00448911279466336,0.00105252898858509,0.0023650123489555,-0.00242202510175553,0.00379199639946837,0.00383677283890501,0.00348762782749761,0.0048739641295484,0.00266715474826369,-0.00114774168196578,0.00458199361413694,0.00414192000264934,0.00294248652586615
PC5,0.0727000667863933,0.0279944103730564,heart right ventricle,-0.00630751790985609,0.000163465713102877,-0.000429062321870504,-0.0021998639985555,0.00147173386980434,-0.00035603915862474,-0.000249570556766881,0.00212903928567586,0.00250461533180108,-0.00041185431350334,-0.000535001257606399,0.00376940045467564,0.00146776171019267,0.00196761154775919,-0.0019777197603056,-0.00345301902045322,-0.00630751790985609,-0.000367354944688942,-0.000608235452699524,-0.0016953887582572,-0.00213363323447684,-0.000250563434081039,0.000176371556149328,-0.00175262731944678,-0.00159210790384381,-0.000446989979344058,3.76605077494461e-05,0.00116511499271202,-0.00171582976788779,0.00130754741097996,0.000682135145903013,0.000547302203769606,0.00148726600831375,-0.00302153934438692,0.00521353710901733,-0.00134147431391038,-0.00132534533885191,-0.00234947546267859,-0.002514923647097,6.33913856201423e-05,7.9465699850985e-05,0.000565851615146695,0.00599457111501414,0.00103685338082773,0.000380427909017776,-0.000329407195022938,-0.00267702722505362,-0.000926643960532383,-2.81634666803589e-05,0.00229609944558054,-0.000518742745457789,-0.000979142613790396,0.00139503845382947,0.0023637273790791,-0.000216324293012234,0.00343725731861156,0.00074391285150421,-0.000716158594025313,0.00274678081355278,-0.0022185554528548,-0.000692373922302874,0.00236064171101837,-0.00232714529393228,0.00617464864404446,-0.00112420711000094,0.00105289045852098,0.000198812557848958,0.00147549325984824,0.00109637271740142,0.000160048286123271,0.000250674105256298,0.00224080164212605,-0.000637138877154709,0.000893782764785416
PC6,0.040027605592251,0.0276735657751847,right kidney,-0.00551537273477568,0.00188924190417689,0.00104960600947802,-0.00397864660784148,0.00158126935074925,0.00158541151330931,0.00401470292805726,0.00126547672738848,0.00541628474450521,-1.67527284835088e-05,-0.000142441694487218,-0.00405726852120718,0.00113492718189351,0.000816321167068868,-0.0012501021632487,-0.000859920004750036,-0.00276066012919869,-0.0027828997157372,-0.00295428343116852,0.000843487827709691,-0.00145387540086717,0.000684167753262017,-0.000518464855047436,-0.00380664849449879,0.000438173114155291,-0.00534679716133101,-0.00378032115189168,-0.0011337874429648,0.000913516172022099,-0.00374537754898851,-0.00543100967597835,-0.00381679986543474,-0.00233858753213339,0.00321977730284149,0.00440814100251478,-0.00258010847529905,0.00236057073800352,0.000350318785495825,3.39101375610172e-05,-0.00483352789195284,-0.00257439025775147,-0.00170655953429792,0.00426642653123973,-0.00166262905079395,-0.000477822922442337,-0.00551537273477568,0.000293093284970503,-0.00394512973254294,-0.00332831072509119,0.00230984551695501,-0.0019840019528797,0.00147014734070274,-0.00217690281993309,-0.00221993665336997,-0.000438730963575092,0.000436247728141267,-0.00308999802849538,0.00513884525558529,0.0040743961689775,0.000570197618706786,0.00256207254571518,0.00549927354622826,-0.00467639842792444,0.00141878522587791,0.00143903864742206,-0.00212307742357165,-0.00317503580201582,-0.00302495242084,-0.00312990709764025,-0.000116195365527324,1.42496806884095e-05,-0.000263992216811939,0.000126361494912028,-0.00204738823305193
PC7,-0.5,0.0261647373542378,CD14-positive monocyte,-0.988927312084403,-0.701844967782738,-0.680382887745787,-0.508540771791925,-0.655189169218373,-0.545855655989559,-0.596728399765871,-0.362519285945115,-0.254894297828644,-0.61440869661677,-0.72322649767912,-0.563258195262286,-0.668354890268136,-0.757672425127825,-0.701356401833829,-0.647872770570816,-0.560120342741394,-0.683407360086096,-0.671457447051162,-0.717787320411194,-0.622580927984079,-0.621612870361008,-0.6926529570046,-0.680228356921799,-0.609155786421401,-0.629696066955673,-0.658361015168543,-0.68318909886749,-0.589255222929945,-0.632299669611209,-0.618641814981711,-0.617600660211232,-0.662591645994826,-0.544915570703309,-0.309496136737339,-0.693596754460705,-0.653754825703878,-0.653747420986814,-0.750986234255634,-0.669189926278819,-0.682315960580533,-0.640026717425126,-0.363132634264026,-0.675833947441872,-0.691384190560399,-0.663777251170887,-0.600879434010204,-0.643356348878692,-0.667634005585479,-0.610388213177713,-0.570778951615814,-0.712809534664189,-0.638974694451854,-0.686194145352419,-0.684058873403308,-0.610765080453367,-0.708996095498847,-0.438321536848287,-0.301685552120465,-0.658374593186803,-0.67384537023639,-0.228018677548382,-0.634273458055966,-0.336021867552531,-0.988927312084403,-0.757120019833676,-0.744284504322043,-0.748699747745707,-0.741763702258673,-0.762293225356203,-0.639010438806613,-0.668785454763026,-0.674374794906112,-0.860773017910075
PC8,0.000512628317936553,0.0261614087203993,liver,-0.00965660832915685,-0.00708749755134679,-0.00797137739430254,-0.00812759097301902,-0.00620444164562546,-0.00367489696569707,-0.0057562851980257,-0.00248264065011353,-0.00415667886294404,-0.00411720445361954,-0.00756477988720158,-0.00699899278600647,-0.00656263591416754,-0.00326045414064148,-0.0059102726755158,-0.00461202084947651,-0.00405461858680363,-0.0064227601997114,-0.00818651430085652,-0.00895465462446268,-0.00632053824153616,-0.00523797807788668,-0.00743264263666682,-0.00722355450036315,-0.00573554743572413,-0.00710285752868179,-0.00806751401718332,-0.00965660832915685,-0.00485988936169785,-0.00698177333335932,-0.00622290023045363,-0.00657476518667194,-0.00714054327652512,-0.00792465833225042,0.00036587439538812,-0.00803748910215725,-0.00721600866065515,-0.00505325446610569,-0.0057627627950298,-0.00790512887497831,-0.00844510052498229,-0.00478865159588893,-0.00194480253984963,-0.00663759870528845,-0.00745586667034457,-0.00790882792465907,-0.00565780576446506,-0.00778144516907599,-0.0096327189601056,-0.0060005142854349,-0.00836324689132936,-0.00865364416042368,-0.00854841754445989,-0.00694244544675093,-0.00563253934283938,-0.00439609614398454,-0.00614419598889107,-0.00237049944834943,-0.000787127115881242,-0.0088107946929543,-0.00733964133793929,0.00219458180435244,-0.00803825361079624,-0.00122391410051253,-0.00836246628197883,-0.00659309121328224,-0.00596802308793588,-0.00594898840064334,-0.0067132773775244,-0.00799799782891417,-0.0041811279215616,-0.007959229599755,-0.00696927060573457,-0.00871862089279337
PC9,0.000991174760780634,0.026062321182078,chorion,-0.0116404305493688,-0.00745796572501471,-0.00848292912179958,-0.00712457264004535,-0.00878740762429609,-0.0116404305493688,-0.00816242198804203,-0.00529895460987992,-0.00890591819778666,-0.00769565925045295,-0.00569715427929646,-0.00634827910042141,-0.00722745301561499,-0.005955829182034,-0.00579391957905909,-0.00662098648248891,-0.00514626057561746,-0.00636427149056794,-0.00685224866806149,-0.00828486008623246,-0.00473069034769008,-0.00590740053886946,-0.00519744396118468,-0.00713549497907604,-0.00700698075404312,-0.00701054376764324,-0.00654270785803491,-0.00739459546711865,-0.00682978612855174,-0.00683783382794266,-0.0078830294433121,-0.0077855615123222,-0.00764668868382598,-0.00859201093184495,-0.00494761392520831,-0.00630861653871773,-0.0092887404420839,-0.0113927869730741,-0.0060112125875866,-0.00750337144401634,-0.00701829069765583,-0.00666471268337795,-0.00857218847895616,-0.00795030508158628,-0.00586233063454421,-0.00792454295109019,-0.00756075633086697,-0.0058287440611321,-0.00657917681381792,-0.00874316261689219,-0.0076268399147342,-0.00912329564250935,-0.00829865353487607,-0.00809982857728601,-0.00889557440796433,-0.00899105436230743,-0.00804314706758616,-0.00842428589466241,-0.00981462839495928,-0.00545790867664309,-0.00753757394923432,-0.00693100509660785,-0.00843405014941323,-0.008020758133696,-0.00206121252668407,-0.00524319694013381,-0.00652597831572717,-0.00696084572417381,-0.00524110566594978,-0.00697821677382669,-0.0108835167795655,-0.0114983100411785,-0.00962944048493889,-0.00385351873129594
PC10,-0.011449867205446,0.025858668829547,natural killer cell,-0.00636878554547849,-0.00322739853241734,-0.00093609037457275,-0.00506452563460775,-0.00319956433367611,-0.000454126177337807,-0.00204920005523081,0.000106884382325681,0.00103537445320276,0.00111481228365872,-0.00171125705929279,-0.00142349284094126,-0.00173474874377509,-0.0031443411349558,0.00134264861431065,0.00273136233458199,0.00159047632661049,-0.000558309274702675,-0.000565170378707648,-0.00223836253686825,0.00304710334346541,-0.00172313963740551,-0.00198365323686187,0.000137416604327798,0.00359676832695397,0.000206644457789148,-0.000476544992966121,-0.00376825261498305,0.00337583807110387,-0.00105918487438311,0.000354173132682839,0.00093406165640307,-9.8593146654546e-05,-0.00149743641814847,0.000750176611908118,-0.00195240260572962,-0.00402880279571767,0.000662555509354189,0.000719423985964083,-0.000547924366084746,-0.000622391392099978,0.00138823196810934,0.00162654479415433,-0.000767670464301547,-0.00174247355633721,0.00261127135312947,0.00339393599819249,-0.000647111241759993,-0.0011846565467114,-0.0015258028561428,-0.00137285708728173,-0.00162800057563693,-0.00105477726904934,-0.0031044749056637,-0.00213399380617899,-0.0012176227083163,-0.00518849544891875,0.00221181764375905,0.00091804097892697,0.00211693322137809,-0.000945718273562652,-0.00396343269168891,0.00123804640531558,0.00320512695661314,0.000312977484073016,-0.00498895989415557,-0.00618207217013744,-0.00634896863806028,-0.00636878554547849,-0.00419664299262174,0.000450208164125877,-0.000194300766833753,-0.001150535552642,-0.000636286675339578
PC11,0.0205430261105691,0.0250487309009281,skin of body,-0.00943360236391296,-0.0026895279879824,-0.00584014899079272,-0.00275397652432593,-0.00417280549133208,-0.00511269601847246,-0.00495386083519843,0.000192314701293372,-0.00153698599376951,-0.00725428325208955,-0.00806672366202989,-0.00589578673159499,-0.00560061975472363,-0.00491164988373527,-0.00687953613330445,-0.0068858608420285,-0.00738808774940286,-0.00517148139017838,-0.0065269935573193,-0.00722006214005713,-0.00788382140519012,-0.00217220867703322,-0.00590145347622509,-0.00491084663544577,-0.00650807327511022,-0.00736227044722124,-0.00646789324496375,-0.00437611185038954,-0.00649417442084357,-0.00682960426612574,-0.00546348281142691,-0.00606368061376123,-0.00618660541902925,-0.00664802384058695,0.00253204275259144,-0.00693291913762266,-0.00335349061072402,-0.00608656153632312,-0.00450344775192321,-0.00557504679143581,-0.0069159330036053,-0.00597136491787327,-0.00198916660173329,-0.00478469123795452,-0.00716450775860394,-0.00611764112425853,-0.00731692702217381,-0.0071117736062675,-0.00670249106686052,-0.00540459586351198,-0.00943360236391296,-0.00572596797311614,-0.0044118087753706,-0.00343105290829643,-0.00476263531266797,-0.00576961461624598,-0.00666948693122617,-0.000685049112477803,-0.00223612343581055,-0.00647448037971748,-0.00404772083412912,0.00292884880024722,-0.00617375834398155,-0.0042085965866489,-0.00310976403199467,-0.00589352817924152,-0.00601764152608053,-0.00669582761906021,-0.0054313180367622,-0.0046243691667396,-0.00794037727663484,-0.00442202681818338,-0.00380967551393944,-0.00530583661207055
PC12,-0.0673571796760603,0.0235985043558569,upper lobe of left lung,-0.00830230810063259,0.000849479744208903,0.000459148235947493,0.00150033240249401,0.000676906298375767,0.00538417713943889,-0.00076719001874744,-0.00619331644216198,-0.00334605041270705,0.00495554965775425,0.00206242500117433,0.00220935865692515,0.00340903994593366,0.00179587299567738,0.00462818756537164,0.00417878275739757,0.00554786953426883,0.00242484974647524,0.00169826558612645,0.00193439899245772,0.00449980931368561,0.00358171104151108,0.00290406200062824,0.00269159666435829,0.00692276115797682,0.00119822350257853,0.00275132001527646,0.000319463768771834,0.00808897190927517,0.00416519431915058,0.00430854645426851,0.00441243464286856,0.0032777953069792,-0.000415399853612012,-0.00057868241472739,0.00184387032268825,0.00196813366060522,0.00231029857493202,0.00625117657899534,0.0032936320399924,0.00207087994656708,0.00336576855655082,-0.00136869699459734,0.00303378016045893,0.00248627382001149,0.00379292841564662,0.0065280861527506,0.00346876252928778,0.00272110524212713,-0.00316199851380459,0.00194089315271597,0.000766314781995615,0.00148591696765002,0.00286959387047538,0.00312046194309774,-0.000948229317529991,0.00220690666979741,-0.00112477272681001,-0.000976430882925421,0.0045712507189681,0.00361219568694526,-0.00830230810063259,0.00561233339354474,-0.00535436759358842,-0.000272326374156594,0.000910342780775168,0.00183829906660972,0.000489777385047245,0.00189164196679242,0.00131971767900438,0.00159847350838235,1.90273507137596e-05,-0.000920607842508465,-7.35311215578132e-05
PC13,0.0198269432435747,0.0223151561348187,esophagus squamous epithelium,0.00835212598711352,-0.000190828647184226,-0.000264959169335206,-0.00376690434155961,-0.00346793201536084,0.00443318061365973,0.00515034057136368,0.00778354570594454,0.00835212598711352,-0.000890039933589607,-0.00168517654840423,-0.00462232050435127,0.000960039775906796,0.00147262058216339,-0.000416132129498674,-0.000291400686581114,-0.00287140935342091,-0.00144826603074693,-0.00224484045856091,-0.00232588794633597,-0.00122112726241009,0.00211440026068788,-0.00145605018571112,-0.00205253495365909,0.000721190488318218,-0.00136226957020635,-0.00174118040602645,-0.00131384496826215,0.000250391363638952,-0.00336161597206769,-0.00289888976361055,-0.00200387269727966,-0.00286366190138586,-0.00361370246900248,0.00645589599374117,-0.00152684717049809,-0.000381341303638326,0.00482515855080429,-9.55638803743605e-06,-0.00285110397968382,-0.00176754485622218,-0.00159040631123191,0.00588229378206208,-0.000561544701419446,-0.00159594741911905,-0.0029001394869283,-0.00029639022529101,-0.000978890409730451,-0.00091263732953433,0.00412413009775074,-0.00360172103141336,-0.002131359246103,-0.00391636323143259,-0.0031203174418926,0.00040452989090359,0.00195098071991769,-0.00342687408940841,0.00312488274149796,0.00770317136502586,0.00100667684481526,0.00270634388965336,0.00140339725380976,-0.000771286149388444,0.00521044222357126,0.0015803480259652,-0.00400950781225227,-0.00279471733658792,-0.00314785040906486,-0.00334146720522364,-0.00259277258019865,0.00146504089014107,0.00187273512671281,-0.00149906944758201,-0.00201266030883765
PC14,0.0128081301611874,0.0221566163873242,placenta,0.0048951326356048,-0.000492599475464438,1.18025821758492e-05,0.00365791006847506,0.000960049563271514,-0.00255651010989351,-0.000824314485516374,-0.00248451690484287,-0.00206364253971888,0.000760052393818017,-0.00212081916038223,0.00329197721540719,-0.00140932959660493,-0.000375803140289201,-0.000234786179832991,0.00125196719118166,0.00390200459913093,0.000243215666899223,0.00173016035296114,0.000515174939376052,0.000458645846151126,-0.00133301598180402,-0.00308531011765896,0.0028119153600249,0.00117627180762664,0.00223848206982787,0.00282133517268511,-0.0012227233323323,-0.000762944790964799,0.00134737830233142,0.00115450946512954,0.00097401742106681,8.23551087230335e-05,0.00283398762864355,0.00123156803000276,0.000750349075017028,0.00329563130381609,0.0048951326356048,-0.00358644095574333,0.00246112101322531,0.00291905914708706,0.00191273536869768,-0.00130349004224785,-0.0014988809157083,-0.00237832174918987,0.0016690190139885,-0.000606713224761281,0.00397933329232971,0.00263985810233232,-0.00120182802348102,0.00403388776754873,-0.000197382865418,-0.000161444909604489,0.00322864877135378,-0.000718729536428047,0.00184936857828134,0.00150248790023293,0.00127771827706965,-0.00246589869240345,-0.0010501381813429,-1.57269274038041e-05,-0.000885817679133277,-0.000132773720632496,-0.00299960855614214,-0.00090606378277064,-0.000327311032937307,0.000943418524260697,0.000112023749725688,0.00160907759591539,0.000781683207016669,0.00263625438258532,-0.000171011072855482,-0.00181576095615483,-0.00106745418554749
PC15,-0.104282692206462,0.0221498675018225,spleen,0.00775384953039168,0.00233750543581554,0.00477261175232555,0.00326220248111182,0.00445809638064227,0.00622565335720431,0.00223214275715091,0.00363689259332099,0.00346904752096146,0.00381252024982142,0.00286856706518224,0.00346185946508878,0.00419044028624784,0.00339035121523446,0.00481017692199776,0.003185318659642,0.0039722009460755,0.00210534984712419,0.00362314818189442,0.00314867798041256,0.00684375624393794,0.000793491200756481,0.00349481542935359,0.00444341758134765,0.00152191598392223,0.00274449549451716,0.00446737568597493,0.0050106760979421,-0.000439205023100121,0.00407258727941337,0.00249982609476901,0.00204721707346536,0.00393989706507415,0.00461901678980413,0.000102586199355221,0.00486885283453423,0.00424665471141187,0.00525889305304188,0.00438564100797179,0.00490957087132712,0.00411235555247141,0.00457289738437217,0.00289943270729168,0.00161785072422113,0.00316572088375206,0.00350036866148203,0.00114487121467238,0.00367563651888904,0.00531622859108988,0.00125850434767794,0.00267518557706771,0.00181186260427648,0.00458742104129947,0.00775384953039168,0.00511433329101724,0.00446997925332713,0.00534099995144169,0.000610247947391588,-0.000180699669478758,0.00250391439936356,0.00245329152364536,0.00684448609399826,0.00410332387886694,0.00147180487653593,0.00415787890676648,0.0018500697913881,0.00341211069278549,0.00452335893423168,0.00347328704303036,0.00274183083424136,0.0013268654875639,0.00201144676807911,-4.44370386644121e-05,0.00243752291637763
PC16,-0.065416062861588,0.0200919266080327,trophoblast cell,-0.0120007108800668,-0.00215758102705967,-0.00500629321839399,-0.00961899107724668,-0.00137696473120734,0.00270398609622921,-0.00388519122944913,-0.00375900901689812,-0.000655457571306424,-0.00729922054905972,-0.006140062381126,-0.00836188013310035,-0.00107819395377775,-0.00221216750045141,-0.00482203359703676,-0.00645555797127225,-0.00792328990916688,-0.00613093566874972,-0.0065998828840663,-0.00753938153290612,-0.00848702632174324,-0.00488844414608024,-0.00495060440944169,-0.00685237994371058,-0.00554996122767275,-0.00591377466103145,-0.00755074972207459,-0.00177605062667897,-0.00558084380830319,-0.00755676173619526,-0.00593917698219313,-0.006743901679077,-0.00730005648918858,-0.00601704819792608,-0.00093958774481029,-0.00511786395471532,-0.00361601273795661,-0.0092304996556578,-0.00378312343225315,-0.00611638387327476,-0.00736845327515497,-0.00587870029646212,0.00124725729266331,-0.00449790781011552,-0.005903483176804,-0.00545038145534373,-0.00699458350334998,-0.00694390350134063,-0.00654666349555454,-0.00538906408184182,-0.00961542461806183,-0.00566584675414454,-0.00815274868235455,-0.0055193509064746,-0.00532908912651817,-0.00475937885048752,-0.00603560357457572,-0.0067337101089523,-0.00154631808603887,-0.00922021869407348,-0.00245609985698464,-0.00298339990812506,-0.00672113898887184,-0.00155596379769098,-0.00869612273510048,-0.00247492932930516,-0.00540246916196051,-0.00416207374774052,-0.00591746032641521,-0.00503522037508217,-0.0120007108800668,-0.00905330689576346,-0.0119427657639052,-0.00573488544027228
PC17,-0.00814509645356067,0.0180838925403095,left cardiac atrium,-0.00729696669588229,-0.00366243770427635,-0.00178999926644599,-0.00146048428070622,0.000832078635159549,-0.0048776518590515,0.00027938100674935,-0.00148393242920902,0.000595957649844412,-0.00160015292912685,-0.00338278030862854,-0.00328100377550188,-0.0034474298193283,-0.002052243545891,-0.00575996450906308,-0.00536871675795812,-0.0049797246268047,-0.00396504581418325,-0.0043077820753004,-0.00153773833212823,-0.00729696669588229,-0.00154016476725881,-0.00487099613265337,-0.00289874359666747,-0.00483603366018592,-0.00321498168742422,-0.00384790132062384,-0.00516358541456665,-0.00517157665261544,-0.0048923438675948,-0.00521192119264287,-0.00503924550303667,-0.00373549406883246,-0.00126267307665705,-0.00117038050811528,-0.00447889174053319,-0.00463754483346914,0.00439560216598264,-0.00465375804597046,-0.00318751467984784,-0.00455765196241208,-0.000517886801621197,0.00251947120482015,-0.00357736052040274,-0.00424674198407076,-0.00347837472382028,-0.00565951745940381,-0.00365144555260457,-0.00339883504167842,0.000948152128107977,-0.00410432777371262,-0.0027388246872119,-0.00205970948564416,-0.00143985466047175,-0.00142659941478882,-0.000836852463261033,0.000313156105039515,0.00387149313321244,0.00513099173842602,-0.00250127875962238,-0.00440442050608821,0.00403583143235126,-0.00180740828233651,-0.000510643988764946,-0.00311276642443939,0.000249470352841268,0.000117593327521691,0.00108003147138218,0.00155228771631264,6.97208549818904e-05,0.00207434217493092,-0.000437937307054646,0.000750321229045847,-0.0015296891644997
PC18,0.0499291560014881,0.0174902146626102,spleen,-0.0114231238112583,-0.00498800990897842,-0.00609312578598927,-0.00966413522202457,-0.00765990113500958,0.00176890634206216,-0.00618229087644618,-0.00266120992970103,0.000378098874475344,-0.00594421732819208,-0.00914674112260438,-0.00789640461723822,-0.00318322621839851,-0.00447786778469323,-0.00561203750749822,-0.00502574743621631,-0.00509400145234791,-0.00750300895350122,-0.00758449429418573,-0.00765843056920171,-0.00682800321656924,-0.00586002097014012,-0.00930634592061643,-0.00736023889864174,-0.00798157970042587,-0.00672768005949125,-0.00790823990676979,-0.00673133453908436,-0.00925839726569828,-0.00858063885318988,-0.00827210875324282,-0.00865852326177947,-0.00897568140895236,-0.00791545535660698,-0.00137134359466311,-0.00598925745702295,-0.00556657185991792,-0.00954637301818674,-0.00721126505311637,-0.0071601079241693,-0.00743967039847387,-0.00678880492782847,-0.00304305985688906,-0.0068737357355429,-0.00892787488525486,-0.00798512204900615,-0.0089639215620976,-0.00722960074645594,-0.0072666023104059,-0.00509891871003306,-0.00939483997635772,-0.007338298373973,-0.0083398342105409,-0.0114231238112583,-0.00701312862741842,-0.00658810378603915,-0.00991512689283257,0.000611957189083034,0.000684027942371192,-0.0108103296641551,-0.00659900501002151,0.00292730039228877,-0.00998271123997675,-0.000562351853218182,-0.00447047184192197,-0.00885336992671948,-0.0103813879440863,-0.00896390714607542,-0.00953960162133296,-0.00666100182549099,-0.0097453696808494,-0.00427749684466366,-0.0086076525001207,-0.00642070773243487
PC19,-0.0462694766172863,0.0173853421102862,placenta,-0.00765888412580001,-0.00149216558154239,0.00111209561653672,-0.0014112320281206,-0.000314315165122421,0.00517437953925827,0.00139083256059832,0.00692816914425695,0.0020653429074061,0.000645089677173329,-0.00297406087418396,-0.00349289980246253,0.00175010119222252,0.000976986963680477,-0.000235392786518323,0.000227099392819953,-0.00032995717224652,-0.00305266194399223,-0.00283866151791294,0.00152778838597992,-0.000828373932005359,-0.000615018878673697,-0.00239750478195181,-0.00205188240861324,-0.00182256180948985,-0.000628222249681867,-0.00173957731218467,0.00234420403322095,-0.00217193858501402,-0.00365767873592604,-0.00281063181096404,-0.00455072650389881,-0.00262754684211155,-0.000533151023501857,0.00631667482549428,-0.00123811412398517,-6.27928005429587e-05,-0.00765888412580001,-0.00141836887533597,-0.00168597353936776,-0.00273109557361734,0.00173893137655258,0.00125971544063023,-0.00282411266069677,-0.00283315315061249,-0.00247292453343428,-0.0018332942433228,-0.00263729705917921,-0.00146262585338904,0.00130472697571625,-0.00315723190997461,0.000962968458135459,-0.000320312059543825,-0.0013495736646964,-0.000322481822952368,0.000136508824519805,0.00229536492254831,0.000376225941053094,-0.00108445459824471,-0.00304541317981955,-0.00232115853248146,0.00429286932713532,-0.0034364813327028,0.000982435373472119,-0.00169304174317276,-2.63721378303777e-05,-0.00138920612864677,-0.000729674389386562,-0.00193110814464148,-0.00123558863520034,-0.00583147339455015,-0.00222301953472791,-0.00606092310616965,-0.000898139021020947
PC20,-0.0147368613615262,0.016644424078432,coronary artery,-0.00637544179009094,-0.00422663983150166,-0.00226478333956991,-0.00133035566714198,-0.00174269705887985,-0.00424344630136367,-0.00637544179009094,-0.0055535620283646,6.11479220084943e-05,-0.00155525100867526,-0.00322965815907273,-0.000234064979493081,-0.00355733430545089,-0.000660242597467802,-0.00347933302963595,-0.0014725954041823,-0.000306536482571955,-0.00311929292675556,-0.00210931182752046,-0.00234620792189734,-0.00202864752984283,-0.00523357197071028,-0.00345183309678938,-0.00168754190851191,-0.00315136130103604,-0.00181900659389507,-0.000773878878691895,-0.00268109523387409,-0.00333786071185327,-0.000669023870304712,-0.000574366061358737,-0.00201535895027512,-0.00249468092464376,0.000670173616808914,-0.00636374655544124,-0.00166527252451838,-0.00438959957397094,0.0027726076897091,-0.00460562671335074,-0.000397579116128875,-0.00174530963431963,-0.00210756966379194,-0.00123163379204576,-0.00331327436080279,-0.00299896645360014,-0.00131959944770067,-0.0026469716166516,9.14229688699362e-05,-0.0011246023039106,-0.00413443235955989,0.00116408510361331,-0.00185522387196335,-0.00072209040278062,0.00011923049796799,-0.00415870080332411,0.000224352443795514,0.00111490358892305,0.000985374438336256,0.00254179064478794,-0.00486413261594674,-0.00348470701170841,-0.0042738885078216,-0.00535210667628193,-0.00147822263214819,-0.00196168075056167,0.000772309895709252,0.00139487147937623,0.00111357521727701,0.00132739721859526,-0.00170604036019305,-0.00111553419679899,-0.00344145037061074,-0.0028052299993941,-0.00225924902985579
PC21,0.0410592816782227,0.0165217142831668,left renal cortex interstitium,0.0112607249367424,0.0052731442720321,0.00651886169749026,0.00683746508992313,0.00405331764524191,0.00497235044881054,0.0061291695448612,0.00839582952978463,0.00210969976558511,0.00582534072833002,0.00743518073353119,0.0093750433011377,0.00419461812045514,0.00586586223478837,0.00723320279675703,0.00835604443845806,0.00801388403811811,0.00790563836093818,0.00988729331072119,0.00556614067892005,0.00882561575384071,0.0053731436503187,0.00673782530617924,0.0104731302683954,0.00900039039123419,0.0112607249367424,0.0107618396065857,0.00370286652877094,0.00732268513842672,0.00850728324059207,0.00781099005891752,0.00850359340775613,0.00788713813102924,0.0080669311905248,0.00285458173227014,0.00808390353537368,0.00597972725408547,0.00251660694959902,0.00688338472907386,0.00977816192634094,0.00953901768444057,0.00711483055966143,0.00725789539632043,0.0075978522716435,0.00783699331329048,0.0101887410836407,0.00794116837312048,0.0105666600774271,0.0111999633107806,0.00777515799422045,0.00912336557663215,0.00569638316993375,0.00682356061542751,0.0109221033865931,0.00656569072038892,0.00933674587377775,0.0070223810836141,0.000993441164178064,-0.000954109827892877,0.00852918623341741,0.00760531788981994,0.00282152519349208,0.00469434189312717,0.00645088483346232,0.00552361781794456,0.00520079286589234,0.00453888764858724,0.00485675102015857,0.00442088451645545,0.00478532364506981,0.00437035977613959,0.00791303907739516,0.00851316170517291,0.00351639703434707
PC22,-0.014867057741127,0.0161573906697126,left hindlimb,0.0119300605050866,0.00585027468544855,0.00457813185478938,0.00502282318404092,0.0053451818109374,0.00899110952179884,0.00858445624957047,0.00207152363998173,0.00349919761569229,0.00695643074595897,0.00939508544728106,0.00892083594935982,0.00646835080416527,0.00582169584441519,0.00721538334419963,0.00604801199031668,0.00572474473106445,0.0087299398377667,0.0108870354887792,0.00988212785840088,0.00748870062544989,0.0088854687538094,0.0119300605050866,0.00875659619877417,0.00727935117610138,0.00859069858672828,0.009662234681395,0.0050068939883042,0.00783628296248715,0.00825886925837385,0.00850468606323389,0.0104798669111503,0.0100707178446701,0.00277381763635529,0.00497083248522327,0.0108359702302788,0.00981060735823207,0.00593194623625187,0.0112448648861151,0.00788121978911474,0.0104230416509755,0.00627901868510529,0.00405051068660134,0.00899867271029141,0.0110137934981178,0.00952083890260421,0.00865941230773584,0.00920226304196174,0.0103037959141692,0.00693899169298456,0.0113881398460552,0.0092570659434639,0.00881622316616097,0.00782034121750498,0.00645392739095243,0.00617317156508065,0.0055672664512487,0.00670959643568055,0.00167054149154728,0.00836273991469443,0.00945355015989075,0.00341170539243461,0.00811089490945406,0.00558756114268321,0.00909662757574048,0.00665194887929868,0.00743283902904989,0.00606095840773785,0.00482099204706538,0.00544686445433632,0.00692501782171553,0.00913770308872687,0.00869765767139706,0.00632053546979884
PC23,0.0646372642235611,0.0158486469892634,lung,0.00530350825983931,0.000465655360482148,-1.53441779816222e-05,-0.00176565593970292,-0.00331674787910032,0.000179295903362854,-0.00130900011268364,-0.00306779369060585,0.000971453886398861,-0.000421569223541046,0.000409681455758188,0.00204538998950822,0.00206707315123129,0.00120298894492466,0.0026117423860422,1.38991202292117e-05,0.000552606697649722,0.00101502336838384,0.00166277626682483,-0.000159929329796349,2.09856819173498e-05,-0.000317085899505757,0.000650731239412145,0.000793116531470349,0.00520965870048776,0.00171273016078866,0.00377912609065879,-0.00057280977656086,0.00530350825983931,0.000966414621247762,0.00134812354986904,0.000688674221635169,0.00103166916672295,-0.00338947498340463,0.0010990960578814,0.00124684003525543,0.000146675496624022,-0.00039948325741227,0.00165105894078372,0.000852410891273596,0.00188421084475193,0.00122013118833461,0.00287864623349821,-0.000671293812996877,0.000524815423399649,0.00111789601328556,0.00473735069291231,0.000587907350788846,0.000614008573445256,0.00128527935227149,0.00302954371449077,-0.00201289422930693,0.00149164966451392,0.00298134129991056,0.00215403853516567,0.00239773958547843,-0.000729893639349681,-0.00113055151554212,0.000640365516178764,0.00160552646785426,-0.000199630973765747,-0.000385934025699116,2.15229224721737e-05,-0.000352353970349364,-0.002553155062216,-0.00243350886473909,-0.00347531715699206,-0.00281055010112562,-0.00393951683054794,5.03060780399057e-05,0.000838484077086854,0.00216320062271352,0.00263285058636113,-0.00212284562476964
PC24,0.0788951049757881,0.015839630666021,upper lobe of left lung,-0.00690633269181043,-0.000330099952266647,0.00159090457277234,-0.00322257519943657,0.00054662613301963,-0.00173914369231387,-0.00100197052165884,0.000886789472347537,0.000676424827324017,-0.00208055750506713,-0.000762647702886492,-0.000623482012251837,-0.000249958445515959,-0.000696927356316819,0.00106578157055864,0.00332980691100755,0.00525567984196389,0.000668437363133698,0.0003951915446541,0.000483916018854064,0.00499660371525567,-0.00325653735185881,-0.00217528550969393,4.74621236914046e-05,-0.001349612456206,-0.00148205342273515,0.000597146258683294,0.0025694649139417,-0.00203893937248608,0.000544164231518183,0.00089234792896654,0.0014136483767597,0.00208013883198331,0.00347311298691629,-0.000270415549233215,0.00095492420096668,0.00174720371507495,0.00224076100287856,0.00221875839216492,0.000587734124978421,-0.000188165998003048,-0.00346737050794192,-0.00549516846329615,-0.00152626959312383,-0.00102682256769507,-0.000357064963956581,-0.00343763747328892,0.00175271539660707,0.000173491268038209,-0.00105643860952005,-0.00185690417902849,0.0017859042192343,-0.0003365613911556,-0.00125294200662519,7.6852643793863e-05,-0.00090082149456318,-0.00258931749996949,-0.00576084317975602,-0.00432921099927225,-0.000919863030470747,-0.00030529606489692,-0.00690633269181043,-0.000675773896618019,-0.00253587020786222,-0.000920166994990645,-0.00208200796551853,-0.00255518575348712,-0.00155946761822157,-0.00172151031957928,-0.00115345586984693,0.00211692810430864,0.0003477914317122,-0.00129187674004297,-0.00123768268487609
PC25,0.0367046356289161,0.0155540613485999,muscle of back,0.0114158684175043,0.00886640163438848,0.00796660650231051,0.00727947750855589,0.00355529871998727,0.00683887074513661,0.0106485811653981,0.00726150477704231,0.00838383298396213,0.0023585855691495,0.00805205643607252,0.0102705171611915,0.00586758561309464,0.00764307127065255,0.00684025357621484,0.00855356877776256,0.00958757230828129,0.00927701827600974,0.00621536993969142,0.00799299274471548,0.00849467161126492,0.0100814908853631,0.00733596849961908,0.00403708962849715,0.00922814080911684,0.00509737792917533,0.00436260716382177,0.00752384668465604,0.00893232333069521,0.0110927508457911,0.0114158684175043,0.00982746937281162,0.0099727696263134,0.00861799602117676,0.0073217869251476,0.00714783848233441,0.00496483915349872,0.00640976782849888,0.00798523085093095,0.00515954148931777,0.00629064082623617,0.00281039890149079,0.00459490726362938,0.00803940560220578,0.00713054009025285,0.00629658935677859,0.00775517017908307,0.00494210428169945,0.0052759538049687,0.00879684247763679,0.00453561811651345,0.00775168232674209,0.00883838637294916,0.00435770801858555,0.00834627866886314,0.00633635687256492,0.00760950188857269,0.00534693658740031,0.00640006020341646,0.00623580431230488,0.010918939286341,0.00831030213562472,0.00862847238492066,0.0054637805065758,0.0088113849036342,0.00734386149686963,0.00669661558749526,0.0080228713138226,0.00936588181783974,0.0100165899206162,0.00545420180189373,0.00713931606538194,0.00579162706651167,0.00764513763162151
PC26,0.0122163799129798,0.0151708149146099,stomach,-0.00819037202813866,-0.00500267926169998,-0.00701560158269207,-0.00535384868823555,-0.00166114594749892,-0.00294676499532897,-0.00495981597949864,0.00216997927451866,-0.00513290325269572,-0.00615823695972523,-0.00329578759458548,-0.00429591136737665,-0.00363265070949394,-0.00534413983906379,-0.00376540736190121,-0.00338249004999223,-0.000366609907967287,-0.00401074204372776,-0.0056999222442316,-0.00640076128909241,-0.00383199628768189,-0.00389934625759256,-0.00331331927070631,-0.00601230615900952,-0.00435748184421063,-0.00663603966288473,-0.00612081581026305,-0.00391349130361337,-0.00343309191843932,-0.00417109871937987,-0.00546300937260274,-0.00549780262341265,-0.00386107290551576,-0.00388841062903637,-0.00685710587506023,-0.00441892422345795,-0.00695259613579843,-0.00402108036668674,-0.00740769762901421,-0.0059209948997058,-0.00587924527311794,-0.0059316867853763,-0.00591006292460399,-0.00396169059231749,-0.0023708616845915,-0.00691553636908353,-0.0047719281851172,-0.00704471723404784,-0.00646425484515825,-0.00325690187040792,-0.00560555489857941,-0.00651404850219861,-0.0062007822765446,-0.00727008599311255,-0.00819037202813866,-0.0056895295094761,-0.00596500583479492,-0.000783200647262622,-0.00671135218012184,-0.00457154247134487,-0.00639718992515613,-0.00218367284176183,-0.00664978402404266,-0.00471124521798996,-0.00646616810908508,-0.00408843330246895,-0.00503178085249992,-0.00327406745711683,-0.00425221387922688,-0.0051439609885937,-0.0045164164324037,-0.00675522332203597,-0.00743372762911295,-0.00349522475574593
PC27,0.00582675622765914,0.0150916492962166,"common myeloid progenitor, CD34-positive",0.00592472430181356,0.0022195350201229,0.00184204526797392,-0.00551419203488521,0.000495956216572515,0.00530084002707113,0.0013597480255645,0.0015812550931702,0.00111198611682287,-0.00209696027966915,-0.000200700700799083,-0.00104654354248339,0.00273285662188946,0.000559575498843484,-0.000797132394475732,-0.00203469180955912,-0.00260458405531766,0.00158959297774016,0.000768584091404806,0.001113117245643,-0.00192364941551665,-0.000200421218083241,-0.000568826164617171,0.000677302153087884,-0.000804120346740604,-0.000913073266525264,8.54560150388528e-05,-0.00232251594253592,-0.00185549870340872,-0.00016311457879323,-0.000266060078412668,-0.000695101905256347,0.00109764151752311,0.000611283868780078,-0.000208542686796454,0.00190013312451549,0.00241162688502802,0.000163301072215663,0.00371987681784762,0.000120888251431819,0.000276628794596286,-0.000778671606609039,0.00291827077483801,-3.96413845545635e-06,-0.000247527206111091,0.000873255558742456,-0.00167014954038451,7.35691881286835e-06,5.32710287837746e-05,0.000659221030167426,-0.00309777316945852,-6.23143336406384e-05,-0.0015473604243618,-0.000885604881895637,0.000706238304737941,0.00148816739724745,0.00140497332373743,-0.000800575948077923,-0.00265504373494072,0.00109995483229793,0.00138165163143819,-0.00210186925901324,-0.00120320432120388,0.000148905273809233,0.00347046614363079,0.000645128221078424,0.00337295536707824,0.00284830392627927,0.00215209147855642,0.00592472430181356,0.00152337946676741,0.000195076643310765,0.000253791845176604,0.00304199406122524
PC28,0.0942575080774181,0.0150018965889528,hindlimb muscle,0.00803398781450799,0.00639421778181869,0.00757783261141043,0.00114737751025217,0.00498466155196002,0.00432689455209196,0.00287682552878027,0.00367909233456909,-0.000471773685471514,0.0059012164041464,0.00591071518331024,0.00357849887105566,0.003470349056544,0.00520003574452998,0.00611822366427068,0.00664192256409291,0.00752528900888302,0.00803398781450799,0.00370320662035074,0.00442973037443966,0.00609711727023855,0.00339093355208351,0.00470042525312831,0.00460999785518703,0.00499172375039168,0.00303513362845329,0.00334173046321094,0.00608990202263976,0.00560585231545796,0.00398528506645909,0.00468165335748709,0.00489775452686094,0.00636759044879123,0.0047625136776782,9.66845526344346e-05,0.00704481576671763,0.00399920701949777,0.000823560503677588,0.00669018368740253,0.00459237791983177,0.00507122103785688,0.00541878031074437,0.00175852039422264,0.00300508063931805,0.005471900136076,0.00376241510881557,0.00459954637217281,0.00505177196585178,0.00427893796413598,0.00427485874982364,0.00484333485351781,0.00501486312221698,0.00706167722887927,0.0047342871448649,0.00400069552943944,0.00487885280811271,0.00605272469375857,3.87320856418181e-05,0.00284695764014927,0.00663092995911737,0.00605220569707942,0.00163346639787762,0.00660361288369017,0.00273872605430639,0.00370153867555932,0.00556743678943027,0.00566430671895295,0.00599156708993485,0.00539859636457502,0.00721811609386476,0.00264125308587651,0.00144501499998941,0.00154491892115243,0.00717320743084902
PC29,-0.0617856653119238,0.0146845581309277,small intestine,0.00535890697128423,0.00420624665335026,0.00301999177470042,0.00233885048696162,0.00208410137380774,0.00246215307831033,-0.000212302149755895,-0.00188058401867004,-0.00149917151875339,0.00356946252826589,0.00259636798662081,0.00239988221715873,0.000840627017860202,0.00220596362971794,0.00284978333500015,0.00364516836434452,0.00378808175247913,0.00242953734234461,0.00301452017798447,0.00310088228215585,0.00308198784265797,0.003313774611466,0.00181536710995894,0.00341983732062342,0.00356067503381294,0.00339862435172622,0.00223504198106899,0.00132520499405107,0.00225523015725618,0.00214497529619474,0.00183822201816862,0.0019904446090102,0.00159018341226647,0.00305131136769899,-0.000873178566622404,0.00289228629360313,0.000200090386901154,0.00282615901697128,0.00236087642903983,0.00342926968953339,0.00132001176670954,0.002939579414568,-0.0037523276556938,0.00216451325232489,0.00263238367962361,0.00334448738848856,0.00175751244657299,0.00202492085303012,0.00262041093686776,-0.000633345148270316,0.00302645540092376,0.00535890697128423,0.0019548792835971,0.00358280001939377,0.00133615633040267,0.000732348376592802,0.000542204162471164,-0.00084728751870821,-0.0031584896987692,0.00380503451119802,0.00192677030650745,-1.39741346972997e-05,0.000950301662545193,-0.00268842749773374,0.00206674041027639,0.00186242253193364,-0.000898442121017837,-0.000375966244240535,-0.000209128329439653,-0.00108896065074467,0.00159745686707196,0.00354935827356326,0.00304488295386276,0.000170218143393855
PC30,-0.0296592430845941,0.0146400926668341,tibial artery,0.00769188982543184,0.00312419720456876,0.00524233037810749,0.00597602729568563,0.00313999865143644,0.0015955070053135,0.00442800277788864,0.00755178793929745,0.00521442592806371,0.00170751141036159,0.00237822160199829,0.0031225260423866,0.00101573479034607,0.000547877609961686,0.00313870864065957,0.00645005165376976,0.00412488614883544,0.00268245955103447,0.00530474535661957,0.00274757393585727,0.0033316305848403,0.00479686906455885,0.00296195764365406,0.00473339504368359,0.00320024401966783,0.00408087632872129,0.00414098251007459,0.00107491430832094,0.00316971896386111,0.00228170185908671,0.00338634972223406,0.00431347299316759,0.00303516178340343,0.00718423557593882,0.00440845955927873,0.00538331594366335,0.00210506748783471,0.00188514806655949,0.00347805088237944,0.0054678318425649,0.00461907225054392,0.00328130315534417,0.00767727035384556,0.0052204544356864,0.00288761316864346,0.00525838757122242,0.00322073426321592,0.00395162438962311,0.00525039068661656,0.00418026888272224,0.0065558336489047,0.00371433766308665,0.00651850314279428,0.00172858839929535,0.00524618553549689,0.00462997436258223,0.00108423300071091,0.00769188982543184,0.00602727833680541,0.00300624595271092,0.0056626795588535,0.00442578502556182,0.00320141000004956,0.00511982252911429,-0.000530130067155167,-0.00122189040575117,8.5745874759212e-05,-0.00037132308702178,0.000579397111481462,0.00163153142855617,0.00391012923097377,0.00351287026298174,-0.00104341172961713,0.000211790287061477
PC31,-0.0294950315343401,0.0139149370094028,occipital lobe,-0.00796791719611262,-0.0034482653958203,-0.00316637142181086,-0.0022209041587742,0.00127411766744406,-0.000728829320384886,-0.00259225623843989,-0.00487382517669337,-0.00296737834253049,-0.00333631402188164,-0.0031408818255566,-0.00637489374647684,0.000670139559907352,0.000933703498975497,-0.000744990019892691,-0.00349928708697772,-0.00365028876968529,-0.00578964030392872,-0.00311562191730944,-0.00218754363055578,-0.0014133642445938,-0.00376109250239645,-0.00308879366210437,-0.00202840423132994,-0.00384158105349424,-0.00244529312456647,-0.00239953223461527,-0.00126781332338094,-0.00440298807269193,-0.0058964625223575,-0.00700658442503927,-0.00687987176075503,-0.00516996244989888,-0.00796791719611262,0.000890240336463058,-0.00229461561687848,-0.00224524801547418,-0.00207890094212225,-0.00263335918384558,-0.00204117383025343,-0.00425106567371997,-0.0018725749796865,-0.00378557722523083,-0.00184218034649373,-0.0039975067578281,-0.00371462697850998,-0.00395448827354747,-0.00405883400528334,-0.00344453429978625,-0.00187588378542403,-0.00573915374124679,-0.00321365111804044,-0.00266782636451185,-0.0024176303900834,-0.00483467681376237,-0.00169632787360454,-0.00215900005225726,-0.0033248728451321,-0.00190758528770298,-0.00455692411310198,-0.00731645292919064,-0.0049510097728983,-0.00520326030350781,-0.00359063387760522,-0.001305390518891,0.00147990237684636,0.000371816268775882,0.000607705757230383,-0.000659393908312323,-0.000339893103768885,-0.00428719655365442,-0.00288356326132423,-0.00263506335142727,0.000616710397782551
PC32,0.0525992238532929,0.0135967118618724,right atrium auricular region,-0.0183744299142815,-0.00877536023230687,-0.0107718996677367,-0.00354393054362346,-0.00683347272931712,-0.00632123695337545,-0.0138233472933985,-0.015380090391986,-0.0159645026203649,-0.00695623115695522,-0.00770077690730646,-0.00580231454097146,-0.00633928057132928,-0.007184594992407,-0.00399726012488132,-0.0064518386183576,-0.00223278008145819,-0.00806209293896349,-0.00767380137775628,-0.00954584769617079,-0.00257297096742245,-0.0108351923860011,-0.00818462952942584,-0.00803826809398112,-0.00823209274298248,-0.00821280382644886,-0.0079146704253434,-0.0067256537740675,-0.00734553510635103,-0.00670571781371691,-0.00822925803466666,-0.00749516935881693,-0.00716783686021199,-0.00212784629785421,-0.0178451219934712,-0.00899607124977831,-0.00530321089655104,-0.00626419496740218,-0.00438138389938769,-0.00882372561709475,-0.00860166810373411,-0.00547773515790547,-0.0183744299142815,-0.0087889910329082,-0.00698472466368917,-0.0086724021531802,-0.00697001713236596,-0.00855609859843885,-0.00845310905732966,-0.0147793956621694,-0.00545295469709325,-0.00897428956120001,-0.00675063349882378,-0.00539321690037604,-0.0114618266379573,-0.0126251440386922,-0.00837279752195479,-0.0147868909787366,-0.0109200339763417,-0.00884123923045415,-0.0107265156170095,-0.00732941023399437,-0.00719077860848058,-0.0156385263076101,-0.00757944954650572,-0.00665170920123503,-0.00521552065095485,-0.0061235229785909,-0.00529520873973931,-0.00861870124214827,-0.0105861258857972,-0.00699761450763502,-0.00363467763852045,-0.00473640790318308
PC33,0.064141044096048,0.0134593386116946,urinary bladder,0.0042567457262344,0.000605680628846191,0.00195507680954534,-0.00322881677305946,0.00213106186739716,-0.00191207634474552,6.72232672277835e-05,-0.00280766419529382,-0.00250242256362197,-0.000517240201828763,0.00115391989325016,-0.0033781135994648,-0.000409568068149497,0.0040983028801831,0.00120099710723508,0.00225038353639488,0.00171441438545263,-0.000798143481616633,0.00152226063274454,-0.000857682290633797,0.00214749670234334,-0.000742629418970778,0.00115440433663234,0.00160408041049239,0.00184667764298778,0.00148066701937519,0.00197350563934385,0.00209763099889615,0.00216962118074592,-0.00159770603601517,-0.000775554077426553,-0.00263653501900188,-0.00207932095235661,-0.000312200873680266,-0.000615384636175554,0.000595316599105157,-0.00219637133014802,0.00124178975806264,0.00273372175634969,0.0018195104130716,0.00132610839185304,0.00059630692931215,-0.000784274803743307,-7.3287706186437e-05,-0.000250009489240243,0.000456899806376763,0.00129975735668174,0.00197246753367201,0.00137824477706176,-0.000833072320231555,0.00107730965144154,-0.00148853568603395,-0.00125966418911325,-0.000365343637702944,0.00227122502189861,-0.00111399464929894,0.0010511923962739,0.0036594270969744,0.000228486740488467,-0.00140231831344403,-0.000907938983950558,-0.00200615347031084,0.0042567457262344,-0.000720963460798254,0.00138857020572511,0.00029112617770258,0.00175188633431851,0.00228749773751493,0.00201271718564141,0.00306160721419957,-0.000195529601410542,-0.000749358670850523,0.000122666010435095,0.0029932179659244
PC34,-0.00502012180604603,0.0130802780633596,lung,-0.0124741794601791,-0.00248328121120667,-0.00588786913738509,-0.00456379622609645,-0.00165657060426451,0.000366914698444653,-0.00407457113300725,-0.00425867881353323,-0.00234883748455945,-0.00404199282700933,-0.0051206385908779,-0.0121663883662442,-0.00146557248865108,-0.000799008070276431,-0.00597574134179369,-0.00590037563420322,-0.00595921980360616,-0.00837297219727879,-0.00696244426806585,-0.00638694724607499,-0.00660134456192399,-0.00193677823547329,-0.0046331606277636,-0.00599789462369093,-0.0110616809022864,-0.0085528663023123,-0.00732896420279533,-0.00541395713212844,-0.0124741794601791,-0.00951334605010997,-0.0100686218930692,-0.0124528476114244,-0.00991135556104785,-0.00287686402380767,0.000654435945017446,-0.00560028487609819,-0.00674863683673039,-0.00355658446157785,-0.00423535948467299,-0.00600249141379358,-0.00750328909030672,-0.00312768290525283,-0.00525323001035629,-0.00438778267534491,-0.00567065205056622,-0.00548920539412006,-0.012291631000699,-0.00694968246108678,-0.00670995665484799,-0.00457903568950642,-0.00793526930642557,-0.00570903626767238,-0.00458592262353022,-0.00908291528670213,-0.00573894297525884,-0.00776514326758194,-0.00241863415976794,-0.00482291418906882,-0.00115897217378263,-0.00848586404789252,-0.00633220110394897,0.000103929675627752,-0.010816801174822,-0.000881398727282514,-0.00358422880031965,-0.00269136138607819,-0.00369469513527897,-0.00244848035404664,-0.00228353855536827,-0.00441466768209084,-0.00561700030381049,-0.000626102352171344,-0.0044437333185697,-0.00270253530021813
PC35,-0.00623265633498748,0.0126919601421586,urinary bladder,-0.00928731365034356,-0.000975743825361634,-0.00561171367550169,-0.00543525456966065,-0.0025925858893316,-0.000167414294779707,-0.00532296232134649,-0.00170988685063222,-0.00144455678968007,-0.00439755780589366,-0.00320338155911177,-0.00572137075762404,0.000417376736375718,-0.00271933451127586,-0.00303363929504662,-0.00236392447013463,-0.00274120767994153,-0.00475915010298954,-0.00787408722372132,-0.00513319696145896,-0.00454718284984788,-0.00509074256803825,-0.00458892304086289,-0.00699458655836866,-0.00553951838201151,-0.00770137088387836,-0.00725983010683944,-0.00450252273012933,-0.00345566254857471,-0.00534969218786403,-0.00706813814980017,-0.00586176666901706,-0.00486788481980634,-0.00381111733675611,-0.00433197661345875,-0.00703942084026627,-0.00426103410371629,0.000585076193629844,-0.000307995614779451,-0.00718570969762287,-0.00665689193246032,-0.00372081137595743,-0.00389799679267361,-0.00348715585094562,-0.00448338380955959,-0.00630563710396164,-0.00546237743108632,-0.00792964258787622,-0.00667275807677448,-0.00423124392860242,-0.00621332138579501,-0.00361319864355273,-0.00402781496926395,-0.00700593419812636,-0.00757368570050385,-0.00788236100194291,-0.00665998432624381,0.00108575718236755,-0.00214294450230552,-0.00313547291343342,-0.00689247311594721,0.000348075755798667,-0.00928731365034356,-0.00498250017639269,-0.00312122936989979,-0.00266072171447669,-0.00343341302586516,-0.00310768743771395,-0.0049465042362395,-0.00558361006102247,0.000561621198851786,-0.00269970939648022,-0.00113781163078606,-0.00374228785564775
PC36,0.0575811131891179,0.0123019714210421,upper lobe of left lung,0.00917967525828895,0.00285985854997419,0.00336630070033226,0.00370287260921384,-8.25857543496071e-05,0.00606693214566786,0.00671445661365013,0.00356788005905663,0.00590234834347615,0.0039088231870286,0.00353738951170807,0.0062786056528831,0.00330177075581046,0.00167953402786778,0.00367209723361011,0.00220558272184792,0.00231837210871236,0.0046044553579278,0.00437959613822381,0.00560323140438479,0.00394836926290149,0.00558409623408468,0.00316934879543797,0.00364126126910728,0.00596102524591779,0.00471840587701777,0.00591739102245949,0.00332923475398825,0.00572042461115386,0.00663404923929249,0.00632053508047321,0.00520944672267244,0.00556632658429544,-0.00123706423325574,0.00379991120004101,0.00343064561240237,0.00282483177841708,0.00151035109044924,0.00418842575020524,0.00429416686600939,0.00485312203890185,0.00172694323282445,-0.000307790950089088,0.00347403225039765,0.00407475327166536,0.00298109739606688,0.00437384971176689,0.00609471062396009,0.00547219900094366,0.00605956139774158,0.0066726984770512,0.00426285565164431,0.00448018557623291,0.0046493529201167,0.0042347914604829,0.00486929057239899,0.00282042076335091,0.00638396997245942,0.00222970567650501,0.005037508748059,0.00174217852542093,0.00917967525828895,0.00187241307152607,0.00459627809951296,-0.00162899680542375,0.003414427316106,0.00439791761126072,0.00528586484417759,0.00451762545063556,0.00165539868332376,-0.00103994004425932,0.00246264461358768,0.00276079151546673,-0.00045200073227043
PC37,-0.0537657785780641,0.0115425980154277,right forelimb,-0.00813468017010595,-0.00300412552662481,-0.00238235644621645,-0.000984825063726953,-0.00497274409422707,-0.00306162443366548,-0.00520805776242703,-0.00214005550603978,-0.00421119815453874,-0.00525024277641367,-0.00628583302035526,-0.00638432723517329,-0.0039909127544096,-0.00294055798537607,-0.000299178817450424,-0.0015145177282096,-0.0009826858843619,-0.00628355511959474,-0.00407719103089638,-0.00360169182244498,-0.00116134607751068,-0.00704473655996338,-0.00666101603057422,-0.00422516514447509,-0.00430716701625876,-0.00377567672430954,-0.00550852585575032,-0.0056742878626614,-0.00275797227200954,-0.0061005013901543,-0.00782814798529008,-0.00675493053883767,-0.00545106390410141,-0.000612841847256055,-0.00266582366316035,-0.00473555084677924,-0.00200682620737536,0.00131251997767325,-0.00361131672265602,-0.00360096109037968,-0.00306675484217984,-0.00634868648121741,-0.00755831779016812,-0.00813468017010595,-0.00655667148268463,-0.00338685345344073,-0.00251868239070482,-0.00538898075833128,-0.00481072891184392,-0.00514799143965085,-0.00114779305471706,-0.000739919848938729,-0.00458827009874472,-0.000843587251143467,-0.00459344227850873,-0.00596907086698774,-0.00440772844048345,-0.0058709517257446,-0.00693405018345762,-0.00450501516735503,-0.00267312069943753,-0.00464273707906428,-0.0040709649047539,-0.0069531734075294,7.09442921418463e-05,-0.00285674838063088,-0.00301081925577909,-0.00310624382866754,-0.00191834490117667,-0.00412067782361133,0.00207521070196751,0.000945072946612305,0.00349094279235203,-0.00388032372146719
PC38,-0.0778512378949026,0.0115054228311805,omental fat pad,0.00586225172495156,-0.00443258085919767,-0.00334836271535749,-0.00547367861576887,-0.00250213425008184,-0.00172922102263228,-0.000100035041030115,0.00385108375189701,0.00130500600504723,-0.00393551457451691,-0.00420613797837925,-0.00329687809729315,-0.00130430829517735,-0.00289799067332709,-0.00175163029346125,0.000625775194646157,-0.000562824543199862,-0.00290147459294499,-0.00358052194720181,-0.00532975208661276,-0.00113186141271354,-0.00132435924156469,-0.00385121997254967,-0.00527164279352116,-0.00318874312140326,-0.0039344685929311,-0.00528260585166366,-0.00421914380863538,-0.00181401777055965,-0.00367351987877355,-0.00527647295300597,-0.00374395570150771,-0.00360235591303198,-0.000223848432146027,0.00586225172495156,-0.00435142830551857,-0.00336957529453948,-0.000261745144223975,-0.000620069902429352,-0.0042074410341723,-0.00431129890022591,-0.00553734588329617,0.00484537662850866,-0.00435559019921909,-0.00339987869074576,-0.00526427984694454,-0.00376150594421842,-0.0048049197173706,-0.0037185850807871,-0.000221052084878963,-0.00422201393270039,-0.00347693414814096,-0.00562359251998063,-0.00247824277892683,-0.00246598654002379,-0.00192063677538876,-0.00490145771802667,0.00548152457264131,0.00554557418010798,-0.00262728345981054,-0.00277686516141282,0.00169394608203315,-0.00490728000028774,-0.000332653774701989,0.00345320094675558,-0.0027227614814596,-0.00108452585816018,-0.00113602799885834,-0.000794615541468743,-0.00451109336211565,0.00160369208776843,-0.00193485112782126,-0.00222523723652788,-0.000954582457878308
PC39,0.0688084819830608,0.0112300544610487,psoas muscle,0.00980828670290751,0.00909737027600933,0.00745407840428967,0.00230698575540981,0.00890393360443524,0.00962770327544865,0.00725954308411397,0.00519183302876342,0.00388710481746194,0.00566270917879864,0.00693973789703865,0.00621172057119472,0.00773437814787574,0.0039638648041875,0.00807328663069845,0.0065451878835798,0.00655701396818133,0.00636233650191007,0.00515925499234143,0.00571763747686189,0.00591116920451108,0.00639545981252033,0.00637554589838821,0.00508074574078301,0.00649199411706504,0.00531674570390683,0.00421956572834154,0.00495462884471022,0.00606369431565599,0.00573125456205705,0.00727781427820607,0.0063396307956896,0.00658731970889502,0.00419352211973922,0.00737910045383329,0.00503830509849818,0.00345739923457367,0.0072336560689902,0.00980828670290751,0.00528695086368196,0.00551987476976833,0.00598473809648074,0.00122440916457397,0.00874813571789716,0.00749161430012773,0.00508867390398588,0.00582535509662701,0.00340377977074211,0.00494636121968989,0.00720302754657176,-0.00192591400234981,0.00675005558129147,0.00544421609706311,0.00114797272324552,0.00633086395363223,0.00585050209082814,0.00512265772813823,0.00734532999678474,0.00474999503811132,0.00715713738640502,0.00705289383435489,0.00344969104481357,0.00666335850261017,0.00314579339588086,0.00702374250354817,0.00615344455467,0.00488094835907175,0.00569593390422909,0.00540445090418059,0.00464308277370865,0.00474659156124213,0.00659068698127206,0.000987115453907786,0.00587023376259643
PC40,-0.0140969578868914,0.0112233477998239,tibial nerve,-0.00938981114283714,-0.00445527064971998,-0.00341875324008611,-0.000337933982413474,-0.00163674840709358,-0.00268716307719781,-0.00587914884125326,-0.00591820561142359,-0.00703571575748751,-0.00257780421576309,-0.0030114679652864,-0.00306411784591501,-0.00111131385507905,-0.00157972486739972,-0.00256056352410265,-0.00505784907144515,-0.00400467458337776,-0.00231034607558011,-0.00230786006743894,-0.00457842052943875,-0.00220089079325513,-0.00413178554944697,-0.00284004309791219,-0.00309771346873292,-0.00190973658337749,-0.00156393054994774,-0.00110508356772109,-0.00186484119188565,-0.00208469894528533,-0.00294347070690798,-0.00294749662645635,-0.00315210872341621,-0.00263187682223414,-0.00263695118814616,-0.00761952386662462,-0.00317767763593415,-0.00280713032502374,-0.00510015605963506,-0.000171964070619573,-0.00245540223416518,-0.00323201433559592,-0.000744885974872697,-0.00851808221013166,-0.00397307187956039,-0.00378988353780895,-0.00313969674280009,-0.00184690477525522,-0.00245786843764159,-0.00248105655576919,-0.00526055225053609,-0.00559005359413727,-0.00624331175566873,-0.00325938302268985,-0.00351230539919006,-0.00463058019310999,-0.00485149481641627,-0.00376749632502023,-0.00328775035419802,-0.00938981114283714,-0.00564876679686958,-0.00443347706136114,-0.00684574063040652,-0.00644587650693248,-0.00677557924106173,-0.000607534682272155,-0.00217462248133757,-0.0050961698863145,-0.00508533682194584,-0.00527598076025261,-0.00214236467032262,-0.0011883258182251,0.00287830689470316,0.00197192714177882,-0.00148634260954036
PC41,-0.028430770447613,0.0109946439999783,occipital lobe,-0.00545154389912888,0.00344120481022157,0.00151723343783825,0.00316958294142771,0.00136163097428436,0.00339966001027397,0.00318022476490232,0.00321879069693582,-0.00135246976861205,0.00184237681219755,0.00159206766969005,0.000515679093501752,0.000416760708872539,0.000260379057446373,0.00215872556910869,0.00285499018480987,0.00341067243664938,0.00379309309030448,0.00235044795931982,-0.000264014102553685,0.00126107460374167,-0.00074193202953768,0.00131016948617018,0.00047800020046363,0.00388386357039075,0.000348533242110686,0.00136665112209054,0.00344140293295434,0.00358287241696551,-0.000593416376076846,0.00215609535009555,0.00257199217302169,0.00179832980880825,-0.00545154389912888,-0.000583882187538444,0.00114156361028931,0.00527475286355167,0.00412733935387767,-0.000100153517590509,0.00189027559371185,0.0021013440233362,0.00147040129592053,-0.00091098363154504,0.000997469658121769,0.00314879995950079,0.00332433698767139,0.00284865638309066,0.000548907781304496,0.00135203559498121,0.00223100261238057,0.00115563949391132,0.00206081808578256,0.00119498335221312,-0.00247826816081322,-0.000902399402621145,-0.0012334050342571,-0.000670038143098894,-0.00343256384495077,-0.00468230475864149,0.000986680002134358,0.00289007241213436,6.52134773540674e-05,0.000685112504682553,-0.00114285297376133,-0.000731970403650835,-0.00062799252831643,-0.000596701537929175,-0.000588482349832688,-0.00201670524450159,-0.000315807970083722,0.00274845760646427,0.00350795672328461,0.00277646128519866,0.00219654459537621
PC42,0.00595738250893981,0.0108784572894143,trophoblast cell,0.00589361239673027,0.000375195953149529,7.92304599391707e-05,-0.00192169012848938,-0.00356017428139064,-0.00399735083866622,-0.00269559841696896,-0.000187806006802091,0.00426568448282516,-0.00313405989400334,-0.0019718160644744,0.00214524191357955,-0.00493563924153488,-0.000570493707450915,-0.00304108681159391,-0.000631292022116722,-0.00131700772153454,-0.0015164776971535,-0.00129470589624812,0.000334519590664397,-0.00164713266212032,-0.000455244885673361,-0.00278765911226566,-0.000952998270977132,0.000568619507527338,0.00187957371686547,0.00053920043525686,0.00103829739988518,-0.00125733759185314,0.000836419483669307,-0.00106650014940665,-0.000159756121629892,-0.00152844398634693,-0.00256140332639703,0.00140893642341271,0.000495508040688485,-0.00127466578278859,0.00550557801644953,-0.00302576971714506,-3.17299526868364e-06,-0.000487846258844036,-0.0037650463315911,-0.000715923748710692,-0.0034247953572462,-0.00276424099281471,0.000608461503509388,0.000692312170161247,-0.000325133833554582,-0.000467338007918001,0.000113814416222042,0.00104958340007183,0.00186141643385752,-0.00333183164871564,0.000354285535990593,0.000256173104204527,0.000834680360706883,-0.00213097476475841,-0.00409633595554435,0.00133043445185576,-0.0017164808787559,0.00240394829013958,-0.000866721648621481,-0.00261493662302094,0.0037181353175827,0.00109774854363667,0.00161863814584061,-0.000111738686281105,-0.00079987575452234,0.000158585457603634,0.000816472527608028,0.00589361239673027,-0.00327176452552443,-0.00462625035689735,-0.00110790618339453
PC43,-0.0237199274583846,0.0105880100903888,transverse colon,-0.00556189223483777,-0.00140984638642696,-0.0035342944688199,-0.00152310176172404,-0.00164580217429606,0.000219195050171759,-0.00174528376462815,5.76641278229973e-05,0.00121467709168076,-0.00209304788223121,-0.0014317536608808,0.000754444446371045,-0.00115205537586338,-0.00154908031415247,-0.00176716379632181,-0.00183393811435394,-0.00216170901797769,-0.00113077411893057,-0.00106776004591053,-0.00187714998410049,-0.00170776832758524,0.000263008173506174,-0.00164002238805267,-0.00116485421109992,-0.000902104412064583,0.000229911552493267,8.056089137086e-06,-0.00385814791553621,-0.00150130386048689,-0.000199857371990193,0.000108206799434102,-0.000155999321605151,-0.00108691383477561,-0.00335256991371684,-0.000454955169816294,-0.000324080394549156,-0.000109643933117911,-0.00204791230851241,-0.00312778104263759,-0.000422457896332022,-0.0011661691993591,-0.00091120467655403,0.00109119213801419,-0.000813200073058334,-0.000293029362702047,-0.00104152081764992,-0.000609718131820404,0.00114791043715109,-0.000786333180511492,-0.00119106720566467,0.00035262946793069,-0.0032018245145276,-0.00214276678188657,0.000319807658126273,-0.00185966490679524,-0.000667139806371096,0.000219120164341665,0.000305536989982462,0.00117240944081911,-0.000284923574034852,-0.00556189223483777,0.00225204892794938,0.00233758233792194,0.000452561618487054,-0.00527909377201395,-0.000612826501997843,-0.000680562353230309,0.000311008817648596,-0.000456811538351728,0.000612339757534252,-0.00290950503046928,-0.00331434775632435,-0.00301491361298861,-0.00249127460515896
PC44,-0.0328245400148931,0.0105041946998697,trophoblast cell,-0.0089726954529601,-0.00664884265392329,-0.00510865678338801,-0.000303630873693927,-0.00408189399502953,-0.00757584314892887,-0.0042035902701254,-0.00328047500029495,-0.000694869200844291,-0.00307598634898236,-0.00220891731374045,-0.00282828589561325,-0.00433371390670698,-0.00677712067870574,-0.00500352911959959,-0.00486291346732043,-0.00360308194063813,-0.00288661172476072,-0.00476772358371286,-0.00673256020727039,-0.00485924347814685,-0.000802645613477526,-0.0024830437605344,-0.00287978284574417,-0.00283216787554284,-0.00457653731405652,-0.00475917361926517,-0.00479134585564698,-0.00225978450282016,-0.00312843051948614,-0.00472756207208037,-0.00350214576625476,-0.00303369269471327,-0.00220399582682411,0.000722031237823356,-0.00444282802343782,-0.0063191821322621,-0.00750422168047958,-0.00604900879649026,-0.00431996131123897,-0.00495840828673084,-0.00264717389217931,-0.00236025365082528,-0.00248409792989054,-0.00181765565181912,-0.00404881690429545,-0.00193504453030954,-0.00561421837698836,-0.00478020652105314,-0.00466968609554847,-0.00401772665935274,-0.00682819775450169,-0.00243850495741596,-0.00411315820054457,-0.00493783675467689,-0.00168892425130553,-0.00423572667316333,0.00172830589288642,0.00162297325927822,-0.00108618539607731,-0.00720853357370395,0.00113856000617244,-0.00502794145949678,-0.000602831681342049,-0.00549083129547517,-0.00460290610529253,-0.00313138528841387,-0.002899430965448,-0.00288706123873454,-0.00432207172768556,-0.0089726954529601,-0.00744364778992718,-0.00632892797071998,-0.00674112168157038
PC45,-0.0103747265794258,0.00998394209129959,eye,-0.00744698851573721,0.00205772716318891,-0.00307901413098316,-0.00232751172285003,-0.00138021755077972,-0.000317354946332292,-0.00220145501839914,-0.00527744102416494,-0.00335085897220408,-0.00744698851573721,-0.000408478768946449,0.000223218383902385,0.000846891043664271,6.36643932257795e-05,-0.000274854497092995,-0.00170273112803487,-0.00041542203270997,-0.000308673622079513,-0.00173677056298079,-0.000540371113759419,-0.00116491306327829,0.00157529182134399,-0.00158238649889849,-0.00208151717319663,-0.00344529697797278,-0.00155482503739122,-0.00221335216981746,-0.000700584000480935,-0.00310026698250344,-0.000351832406038678,-0.00160526462060184,-0.00166855658914118,0.000228488924915463,-0.00271143510329315,-0.00349382588250437,0.00106488582919604,-0.00270396197217954,-0.00134966969406831,0.00105180783357417,-0.00336276209217816,-0.00142522005173492,-0.00589844825347518,-0.00540874963252383,-0.000517820165830726,-0.000710849827284642,-0.00261573570062224,-0.00341024704460883,-0.00230246484149189,-0.00230272454563042,-0.00351113938868903,-3.10265302014181e-05,-5.76274355029516e-05,-0.0045686879057252,-0.00297282526807942,-0.00260248933032615,-0.00282628045221936,-0.00239721360143086,0.00189504627475406,0.00072940460960464,0.0002093795458725,-0.00151026128585475,0.00207612787842858,-0.00431257768196277,-0.00576668571943098,0.00123007499937645,-1.2189936814737e-05,-0.00174177987401345,-0.00105944484113937,-0.00306081637501358,-0.0018744950624379,-0.0057802166635136,-0.000711383530024225,-0.00188885053278506,0.00236698486031467
PC46,-0.0371584257446577,0.00919768415265021,heart left ventricle,0.00801244538352734,0.00138028205306274,0.00553266803854141,0.00422442986374676,0.00393318719196151,0.00253199410463046,0.00310264143480086,-9.38372471687951e-05,0.000234419170582884,0.004218028924353,0.00489550581539632,0.00454638360083951,0.00377399854797482,0.00708038574155482,0.00683568665266673,0.00801244538352734,0.00763689985550552,0.00531712906575818,0.00406722518052899,0.00489019668147657,0.00668799806650913,0.00398872020587693,0.00363814260392448,0.00430629547565577,0.00716625788425948,0.00523056449392645,0.00521212672140376,0.00287002210200294,0.00595994032321925,0.00562129427914053,0.00619295305328533,0.00503364533102152,0.0053217038766441,0.00405310479402173,0.000992685138894948,0.00524400114620192,0.00242623398639145,0.000358844568167709,0.00633737021430759,0.00559655296309994,0.00515004265533899,0.00363507596261898,0.00400976077414923,0.00474370312936501,0.00315373820233989,0.0041184229542772,0.00629699032794253,0.00607648015892101,0.00608232858587481,0.00255764012874258,0.00637669209744233,0.00467448891130498,0.00295437407484544,0.00652479284353641,0.00508604625269744,0.00473698378771089,0.00726952267404585,0.000803347959492114,0.00258849245923897,0.00509650934488102,-0.000472536751284102,-0.00196960767316222,0.00461646885499602,0.00208066482510871,0.00226304531942163,0.00617972936065849,0.00467236058506761,0.00574112608872566,0.00609183007260829,0.00669058330427716,-0.000907816844537697,0.00209367157860119,0.00232342500181298,0.0067452620517322
PC47,-0.00507578459253876,0.00881725503072873,tibial artery,0.0085559479685134,0.004408784226218,0.00162020071128185,0.00227249632813442,0.00176186862087883,0.00426930514253019,0.00343633195005408,0.00372019408876565,0.0043832990884036,0.00590061194262591,0.00337402689727998,-0.000541137619917276,0.00330580315243969,-1.0580000307027e-05,0.00437626487466226,0.00482007903381798,0.00346690080545644,0.00266877310066926,0.00573315025358474,0.00450885357793574,0.00478441979813386,0.0043125951297814,0.0037243900838867,0.00595022506208654,0.00315025330697727,0.00348451713543758,0.00485555304105553,0.00169930204089666,0.00231487708934906,0.00095377721208612,0.00271105786121682,0.001788025806117,0.00115836229227439,-0.00272274263233393,0.00165228010396841,0.00464793593487247,-0.000237190446578012,0.00254362673193045,0.00260065480368446,0.00566734154703726,0.0035777406841771,0.00634882775587523,0.00115893741873102,0.00389610423011988,0.00357870676251732,0.00588386328667739,0.00340589733375334,0.00420527299518047,0.00453843722555945,0.00467933663629347,0.0024234319492947,0.00465916769967115,0.00332500322681846,0.000175405747469141,0.00336316141858459,0.00494332522170155,0.00124823350863159,0.0085559479685134,0.00623696080685221,0.00199848004598076,0.00330030192898027,0.00439086909251492,0.00293525629882711,0.00260250711917074,0.00359650589169421,0.000864900690402623,0.00331134046643801,0.00276422011355455,0.0010597810703401,0.00113912154524454,0.0024177266804093,0.00214172124813184,0.00284853640833101,0.0026866327773455
PC48,-0.0250255559134821,0.00858850603655021,tibial artery,-0.0053440880364802,0.00317763606321465,0.00171615429584072,0.000921854127245597,0.00364256955850518,0.00389970877367276,-0.00078745362398552,-0.000554286698163092,-0.00045954346574417,0.00250533164203228,0.000352470860043047,0.000677627358703996,0.00435324313322632,0.00437308385547674,0.00405066941952587,0.00199060499287872,0.00284720654994956,0.00160310730177466,0.00289911631745657,0.00217853756651342,0.00224547486008373,0.00128677537515443,0.00116597714812904,0.00323523074069441,0.00108936477538558,0.00298543738485066,0.00381041367396066,0.00196377517679069,0.000298332798481335,0.00175855120763384,0.00266461847508341,0.000767103186480175,0.000767015253377335,0.000118887829735335,-0.00214501207676959,0.00307027242785241,0.000489405190488832,0.00519735290693876,0.00341404472275537,0.00248350836345138,0.00219270410846792,0.00422215223969302,0.000254303626679825,0.00108151033798137,0.000954820820755548,0.00180220281228348,-0.000130003284804539,0.00190143162278535,0.0039443817999291,0.000903433586330667,-5.95542462659167e-05,0.00144933868604885,0.00196492605936861,0.00192754500842618,0.00292755657182758,0.00246565559042589,0.00479067345702592,-0.0053440880364802,-0.0014775405979226,-0.00158199990427409,0.00307030127604094,0.00289823669466501,-0.00124557501712394,0.00022931411944062,0.00219667084390074,0.00409094777409336,0.00239072657541846,0.0016933191656938,0.00211492888934552,-0.000747910101240233,0.00483242260434813,0.00164166413914315,0.00271272162615979,0.000924640851071436
PC49,0.0509934242925198,0.00812577853358922,skin of body,0.00807704221656756,0.0026686077603881,0.00417679607670426,0.00389146513932099,-0.000935939431011211,-0.00119782055361593,0.00432716269176734,0.00542086453476654,0.00487171623855433,-0.00222555700229473,0.0034063293274865,0.00654540033997408,0.000487130947681539,0.00348937615580987,-0.00110004769009692,-0.000392444562826304,-0.00277580127159192,0.00526518420711858,0.00393253046750926,0.00471492233184854,-0.00116117543355051,0.00202709859796281,0.00388636702427236,0.00304053346187381,0.00562012287388289,0.00312950936110041,0.00316816305812416,0.00265270364230383,0.006179581381487,0.00593900630408132,0.0052939248998892,0.00589264714869683,0.00596675959935964,0.00301595453493591,0.00421257658494391,0.00585072187826094,0.00726417898372077,0.000961065110837959,0.00247313923467093,0.00331225514540822,0.0050846527431167,-0.00127204254026311,7.43052564070955e-05,0.00352271526998321,0.00437789948933563,0.00197939478213814,0.00785608187823146,0.00419223369550686,0.00445996485627314,0.00610358552209951,0.00807704221656756,0.00265487839143432,0.000953300142021668,0.00723181026853763,0.00346453416392947,0.00664577941048173,0.0046162797788796,0.00101507286334816,0.000596006055999726,0.00384940303920158,0.00220969768656503,0.0073370860263489,0.0042210828540171,0.00390828251475077,0.000733051818658769,0.00651776978602702,0.00508617597526406,0.00403873284130763,0.00486238611084175,0.00312321036364499,0.00173811281717409,0.0046142087206922,0.00534174163596798,0.00185391437338545
PC50,-0.0672024219950928,0.00788996860179142,"common myeloid progenitor, CD34-positive",-0.007930377233419,-0.00321256584711695,-0.00396947524691788,-0.00223512518126163,-0.00267910973875828,-0.0030941579240395,-0.00649251382055213,-0.00456791539695912,-0.00359974516280697,-0.00453261903076917,-0.00305254345223621,-0.00383929776519379,-0.00252455380062317,-0.0029543771398009,-0.00379844294058669,-0.0066018508850519,-0.00473856018947945,-0.00451286040456018,-0.00382583632802544,-0.00309501473960466,-0.0059974181587283,-0.0050261738948111,-0.00278397204611305,-0.00476114160849191,-0.00290109046850888,-0.00431961417894744,-0.00326863571979803,-0.00520873036540521,-0.00265236225862665,-0.00420865855603998,-0.00407525112851528,-0.00467522069787685,-0.0046194222819938,-0.00266218559709504,-0.00385636467060266,-0.00313903281169027,-0.000908968205134233,-0.00620023248466757,-0.00407154044172213,-0.00344899356528925,-0.00398949384288285,-0.00406883053365725,0.000664343827084611,-0.00472888852627884,-0.00296520086164476,-0.00520790144586113,-0.00306925011037617,-0.00401667367027737,-0.0035721012458544,-0.00425743741527739,-0.0023982682267561,-0.00247733896216563,-0.00311570782873698,-0.0045441164037205,-0.00390105776013343,-0.00384393216236532,-0.0056606791432034,-0.00503428776858936,-0.00190023250329598,-0.00590992209858685,-0.0021897645945469,-0.0064571003567847,-0.00580362912890934,-0.00521667668085695,-0.0048374039843492,-0.00478564351912531,-0.00415947980844557,-0.0041121879141443,-0.0044977735359408,-0.007930377233419,-0.00312770947497288,-0.00424987724282677,-0.00402953695048635,-0.00715179151811864
PC51,0.0163400861544381,0.00784566417197351,upper lobe of left lung,-0.0108938875608429,-0.00585750390012628,-0.00497001482476603,0.00261755797434785,-0.0020672362454371,-0.00457783996241835,-0.00609316177199738,0.00143135326490472,-0.00623210059281966,-0.00300477537330314,-0.00388871507061419,1.15632335926181e-05,-0.00460924701794448,-0.00594455384716328,-0.0030686209021132,-0.00425188927868163,-0.00309368459977459,-0.00253324357911944,-0.000653846176664153,-0.00162429472678805,-0.0017606742543914,-0.00639827311659451,-0.00322729454427681,-0.00146107385474357,-0.0016306312124035,0.00084506640253503,0.000625316891087501,-0.00656214233804418,-0.0036568168330663,-0.000506651148974827,-0.00180719543400619,-0.00180965518131591,-0.00214209152882544,0.00110117108008122,-0.00490476091587803,-0.00292842017671187,-0.00184426478387802,-0.00548012963848315,-0.00359183961582185,-0.00146554060731466,-0.00190374236174567,-0.00262164220947708,-0.00597027335696163,-0.00396448387932576,-0.00336949238459089,-0.00131017358503189,-0.002578030751317,-4.37794487851905e-05,-0.000721094724834319,-0.00351447382688041,0.0010112406420266,-0.00283254020836531,0.000318278954440995,0.00062026181889449,-0.00458419222050063,-0.003479401040989,-0.00522902070476277,-0.00535945687816684,-0.00844496233355359,-0.00388941184880575,-0.00475542358093189,-0.0108938875608429,0.000551114276982905,-0.00354207179994142,-0.00364616695122066,-0.00344740481584381,-0.00317778223424296,-0.00451429057079006,-0.00422206502342302,-0.00482168271707672,-0.00763738864608123,-0.00299416987305024,-0.00137676324413534,-0.00234568771677103
PC52,-0.0247407725611706,0.00780717249627435,left forelimb,0.00731063907225056,0.00271149195886476,0.00399034941346544,0.00165624555272134,-0.000348215080627722,-0.00106670648957402,0.00528769981907311,0.00454970031334101,0.00236478735260436,0.00407243858989177,0.00537895755758343,0.00129877925293455,0.00279628539262063,0.00248554327122959,0.00287717827114668,0.00565486266647594,0.00383371566364663,0.00447513788274423,0.0038752641645171,0.00260976628092753,0.00311802921824211,0.00731063907225056,0.00522295466989125,0.00397886118940854,0.00331009197235035,0.00356033526107001,0.00388248490612681,0.00273578107163877,0.00298019486679269,0.00299516387905811,0.00292652725686791,0.00442665959135401,0.00344102919563274,0.000965442870092451,0.00348179365339707,0.00342342554300483,-0.00208491088708566,0.00344724671954114,0.00164938089711673,0.00381796550306083,0.00444558477548544,0.00473510942239038,0.00544705072918491,0.00551798276235867,0.00551112060643214,0.00237741410554844,0.00329702551935338,0.00261589179909552,0.0029270764122914,0.00277632357965763,0.00250899106411379,0.00219274422735429,0.00470319334556379,0.00134447875478821,0.00283117663045686,0.00381938404966009,0.00181608581740404,0.00294428847792196,0.00667957975068011,0.00353466047590229,0.00372329877993632,0.00211413756798591,0.00469249855896478,0.00565438905293279,0.00463080231773343,0.00216592542942104,8.91677002136849e-05,0.000637418605802098,0.00020042612099344,0.00184483216857677,0.00312371304176994,0.00074383929836531,0.00222138842362349,0.00415412794373844
PC53,0.0420468344002342,0.00772813115212697,B cell,0.0102279907188432,0.00457289268110181,0.0068108347711521,0.0030839203876307,0.00620227389243915,0.00405538607501167,-0.000349420943030813,0.000130345593862229,-0.00428011479522145,0.00529109451869903,0.00339526022773607,0.00378655065506431,0.00577771302277153,0.00999947246629313,0.00369833227443016,0.000700065333883435,0.000178909822832825,0.00332423081335805,0.00718453368217092,0.00547491696613274,0.0016250964530202,0.00177197348945132,0.00334879533246417,0.00817084714196444,0.00195409573958065,0.00927849634973237,0.00718604980505289,0.00518765563929858,0.00100753911139203,0.00383091124743843,0.00347970983031109,0.00312144209857618,0.00353172448799029,0.00490022015781337,-0.000483834860043001,0.0068224791249949,0.00367599476373283,0.00905877585921774,0.00401692402756654,0.00832877540013515,0.00588568110229612,0.00703577219113247,-0.00265714697888345,0.00400350063473299,0.00277731361710626,0.00848277780513126,0.000853791975180422,0.0055810604777295,0.00744693169006093,0.00225528668715574,0.00310899516067518,0.0055904119666179,0.0079451627842047,0.00481886045009194,0.00590123429354704,0.00470030393180559,0.00900574599161138,-0.00364538822374959,-0.000385763478761353,0.0012653513350929,0.00776303217739639,-0.00479915643920563,0.00557567163591301,-0.00431600072802858,0.00604400546116993,0.0102279907188432,0.00850429219640286,0.0090946042992842,0.00912342983591432,0.00832095159769532,0.00650846767798604,0.0062815828427485,0.00377607166630506,0.00662646977839077
PC54,0.00766671779300223,0.00725190803754782,"CD4-positive, alpha-beta T cell",0.00837006200274463,0.00569472247687876,0.00501355699919517,0.00179725437713608,0.00348941919218497,0.0025790820299959,0.0044190361133196,0.00173973550022006,0.00383757908598729,0.00368522264646427,0.00349406766325553,0.006268140758371,0.00625043736307269,0.0061508286066387,0.00314176778428626,0.00176559832589929,0.00118785804892202,0.0049845086445651,0.00753795335925667,0.00658189522203404,0.00115474763765172,0.00232435112365266,0.00356201696214693,0.00613454037971002,0.00658215416834799,0.00683912370605551,0.00710103496293426,0.00418056196963611,0.00585595317696083,0.00355525306078033,0.00448538190851569,0.00393478313258619,0.0038664880203933,0.00124775154562547,0.00309398112303973,0.00641466101217241,0.00536771405422115,0.0036964922442775,0.0059287827533779,0.00696076116699172,0.00676854101480028,0.00469947669441586,0.00322789417246383,0.00365091130776132,0.00441509961361514,0.00619194480169444,0.00672557261065247,0.00817276409769371,0.00660974657062146,0.00582482661396174,0.00602730072654515,0.00610884253668767,0.00492084526534789,0.00824543148843175,0.00582420574735928,0.00613463295151494,0.00371028018579006,0.00312255319324145,0.00444145549497543,0.0028678697612395,0.00579525612513519,0.00383545604193429,0.00765694452507352,0.00285699616753059,0.0054404469487461,0.00697561217093438,0.00837006200274463,0.00769769397124065,0.00645149591428166,0.00560070494400798,0.00403860695641914,0.00678275479124476,0.00543373198541371,0.00684075159666716
PC55,-0.0198098779986229,0.00715699926198469,esophagus squamous epithelium,-0.00955863417690031,0.00219711496245905,0.000237144383948331,0.0044457899521436,0.00510816073069579,-0.00278177227876856,-0.0042187548120701,-0.0045112542099935,-0.00955863417690031,3.37635375455238e-05,0.00121988218249944,0.000419930720237531,-0.00143088429701043,0.00105370965803034,0.0018907206412993,0.00116682647203505,0.00212702100776294,3.32565658008459e-05,-0.000834863219637794,0.000397008843222599,0.00320289573670926,-0.00355067513838549,0.000181127040540095,-7.98627606739919e-05,8.03275252930329e-05,0.00103116272480005,0.000337977204336579,0.00183334039139505,0.000980568849724976,-0.00191991648198494,-0.00285700920291457,-0.00133070900163151,-0.0013569788658684,0.00157894694893022,-0.00784993493689701,-0.00108314192478285,-0.00421657757119465,-0.000980898297498477,-0.00212926945633915,0.000692725434526294,-0.000392232362253911,0.00137457753112785,-0.00457817959333824,-0.00100943645799352,0.000775212243407664,-7.3387386859148e-06,0.00162167679718704,0.000632401084183234,0.000545038210869188,-0.00329790086879153,-7.95371496239622e-05,0.000332605391989254,0.00259699291637525,-0.000252833522809291,-0.00150542624234249,-0.0029441359150341,0.000343809682032923,-0.00275254030293727,-0.00367492926457435,-0.00198458804401934,0.000946337173918148,-0.00491939869868372,-0.0063916275161144,-0.00858050521597421,-0.00603517941539654,-0.00345898366829515,-0.00259970388112998,-0.00209181410460687,-0.00310181020640874,-0.00232194057300334,-0.00251397417713211,-0.00474355831411738,-0.0024912633603236,-0.00287881857774173
PC56,0.0398887007659262,0.00704331795854148,pancreas,0.00793842111098887,0.00359558572814396,0.00470745748959979,0.003605397100971,0.00330604543017489,0.0029651688165404,0.00466211194968569,0.0023336781450094,0.0003987139031637,0.00294261481006603,0.00500940467799516,0.00400942315697705,0.00408182827286391,0.000626791640869168,0.00306151579461495,0.00245043283909996,0.00196194024983388,0.00348936478658607,0.00499929311427045,0.00602793924016586,0.00184547489593275,0.00271822636229691,0.00648750841720503,0.00548884299155328,0.00698216059642255,0.00478088886056565,0.00478937093621917,0.00628878306059413,0.00596035614443861,0.00412723918108082,0.00367829935282071,0.0045996004267294,0.00396435840945965,0.00362683575813603,1.36921959465358e-05,0.00406465882031001,0.00793842111098887,0.00449547984382375,0.00562523792415883,0.00471012512724024,0.00532403110887931,0.00398184862099637,0.00073623610054555,0.0052372792698536,0.00551879913114143,0.00553553295286953,0.0067795592144218,0.0054067518680726,0.00520589104399435,0.00548069818234493,0.00512405281845342,0.00331448677864209,0.00528139326759841,0.00334019608018714,0.006726242524368,0.00230736745614499,0.00410002236970716,-0.00150027092454831,0.00215352604912804,0.0041584042075045,0.00560228773823774,-0.00179573187131331,0.00426728881724164,-0.000264786653425689,0.000899475849577793,0.00343313908139444,0.00473513762867267,0.00391791739901971,0.00289444376941561,0.004209683750903,0.00702730541630719,0.00491433978793778,0.00734568895531955,0.000248128627524941
PC57,0.00517460926842079,0.00692637918744599,cerebellum,0.005937394819607,0.000803424422862642,-0.00213733030409472,-0.000651960449796831,0.005937394819607,0.00408126743137178,-0.00033188231583742,0.00409952406865059,-0.00234834115171645,-0.00195568294849341,-0.000626088259221636,-0.000349988887114794,0.00402479921284831,0.00182223537253837,0.00087457148712629,-0.000818284503585704,-0.000106347285807206,-0.000592746966565898,0.00195651240247763,9.1044967017492e-05,0.000655557174757269,-0.000156657095511765,-0.00155754015708063,0.00117494783701401,-0.000193641493697911,0.00206690205887375,0.00241203858011521,0.00126177927837337,-0.00101241536712346,-0.00116846141154052,-0.000701998557138625,-0.000435097573977754,-0.00123642806337763,-0.00242566356453091,-0.00267049382086242,0.00237378045150684,-0.000920609204980429,0.00279712842802631,0.000576650689167069,0.00219065442340507,0.00204458470285232,-0.0012145448492377,-0.00249112066795435,-0.00201232559069361,-0.00207842741194704,0.00111417497660342,-0.00085359479549964,0.00214112427867612,0.00213682554515068,-8.47946619437821e-05,0.000982344532291592,-0.00053617127180424,-0.000764092877135015,0.00206564822222623,-0.000622956799341945,0.00284874183558325,-0.000127876590218974,0.00506973906687495,0.00255774027792649,-0.00272708080615109,-0.00111259509163291,0.00489169022638741,0.00206018515754112,0.002184843873908,0.00264476253936546,0.00321397334460435,0.00040358802267283,0.00121623091564571,0.00156765844157263,-0.000115924393862352,0.000501759417442697,0.00186707813313114,0.00147321499190401,0.00158163974167577
PC58,0.0161298244520206,0.00681477511176682,occipital lobe,0.00875861348378383,0.000939682643530331,0.00100108647766315,0.00307543480162824,0.00211850424355557,0.00156086987970959,-5.60326703856392e-05,-0.00117343304098752,-0.00532142742402358,0.00418455167889766,-0.000920933792676539,-0.00343054196528081,0.00321399712564513,0.0032349052846217,0.00145302953218396,0.00241570944959574,0.00316407871910188,-0.00142664946404362,0.00170080801646099,-0.000412645677103976,0.00321484826553232,0.0018657771009263,-0.00118296544142679,0.00196721789981983,0.00179852038066351,0.00225520445786532,0.000335245389669035,0.000771891114843119,0.00236594524511026,-0.00239506824720684,-0.00323659065283659,-0.0039354102973701,-0.00178325403273748,0.00875861348378383,-0.00293086872861592,0.00112503617766161,0.00291666036331316,-0.000726923225141702,0.0027076347495922,0.00210041591331993,0.00153392209478774,0.00321355641280218,-0.00334484906278482,-0.000637490728564632,-0.00110288921605984,0.00150332696168427,0.00288388272111677,0.00175330967185932,0.00218629898143849,-0.0022376088562539,0.00209478513903932,-0.00213351311364955,0.00394283369738055,0.00233743662209814,-0.000999659033492923,0.000502030165307742,0.00369796138170343,0.00103716388379455,-0.00481486175986896,-0.000413726861432113,0.000664399938468566,0.00259636481094767,0.000137014652299598,-0.00204601161214763,0.00253349554602728,0.00366547146200603,0.0046032047545318,0.00466060240300971,0.00533404489520508,0.0033614527208744,-0.00101889414106729,0.000974106012418467,0.0012833884244501,0.00248317884608658
PC59,-0.00809558180594632,0.00616615018824971,placenta,-0.00927530626701944,-0.00218582807021314,-0.00282208947016752,0.000607477730041637,-0.00187914249664098,-0.000989220757973078,-0.00155836407263043,-0.00318816192875389,-0.00265107937151755,-0.00463467796263832,-0.00238124006714232,-0.00135735498579778,-0.00123954800355146,-0.00409136361027604,-0.00309638115225823,-0.00449184809355356,-0.00665820497496476,-0.0023629958664333,-0.00120198777081836,-0.00329844083996794,-0.00354404974956409,-0.00313659681905069,-0.00312353756837496,-0.00147809619158734,-0.00241152181884201,-0.00147116884584544,-0.000509483557077016,-0.00336044172439526,-0.00243788715328287,-0.00262196069695103,-0.00295207051457779,-0.00259142769208703,-0.00303503195359413,-0.00598860223115131,-0.00277186686070403,-0.00320906428767214,-0.0043593574069499,-0.00927530626701944,-0.00300913859502265,-0.00109446545874179,-0.00194821186326966,-0.00440107101356692,-0.0014749277495877,-0.00309574318905764,-0.00295867251731418,-0.00294514224610845,-0.00238518208871717,-0.00161429712535198,-0.00230250709297346,-0.00315676237831299,-0.00241467299618666,-0.00570927771747247,-0.00217553726033415,-0.00145626963373803,-0.00124389469743972,-0.00175125282782699,-0.00112068391963391,-0.00377555596682433,-0.000734740692731985,-0.00288277987018729,-0.00520850350330328,-0.00312628973966721,-0.000831836430997357,-0.00125239219221359,-0.0025546674182638,-0.00152522748959971,-0.000872535945704045,-7.73001861882938e-05,-0.0015614502933627,0.000602270631924847,-0.007894470350889,0.000161384865316382,-0.000278996306387665,3.97038215051253e-05
PC60,0.0303645640607783,0.00541008558960568,germinal center,0.00721834757507512,-5.58773764645296e-05,0.00437483849673592,-0.00145849419573741,0.00354075172683269,0.002557717577542,-0.000108182860747602,-0.00132690719570551,0.00173531288088165,0.00392600840640062,0.00508273050050336,0.00197367522842586,0.00426348868160966,0.00721834757507512,0.00509319315119465,0.00427113870751517,0.00432489118150799,0.00452113987097637,0.00387064003772011,0.000114629769241041,0.00446907651332789,0.00357298832469307,0.0043604115252681,0.00404906217824927,-0.000508813510399224,0.00420461358399304,0.00287665219210294,0.00355784018634222,0.000806497109116551,0.00274433630485211,0.00237259573549923,0.00375026754746471,0.0030650261999654,0.00143748712413228,-0.00384801481078502,0.00212555638306846,0.00178929910503064,0.00335894958454754,0.00550112537551274,0.00313589023180218,0.00331826505488616,0.00267177258707817,-0.00142772964509928,0.00406607745083022,0.00556571193531026,0.00485208392687716,-0.00147622859243938,0.00369280809081241,0.00282427862102781,0.000587630048809922,0.00182506576727474,0.0007991114328954,0.000952349639949716,0.00233707660762391,0.000456885631485697,0.00185569863058061,0.00165071334187248,0.00419456486059868,0.00237075105979117,0.00307380582120507,0.00225221766346965,0.00372583717646564,0.00125495863592496,-0.00066487358156501,0.00558124839259703,0.0024261497242795,8.25733590059078e-05,-4.55780090669583e-05,0.000792097716661199,0.000561044649848546,0.00372060479660029,0.00582798354792489,0.00544607742523755,0.00409944850481628
PC61,-0.13235934283864,0.00485098674295997,thymus,-0.00769064510628204,-0.00534697997841905,-0.0046062620016155,-0.00375811565679349,-0.00528277392424031,-0.00226353121641322,-0.00369969052233051,-0.00681774364466473,-0.00561880221604984,-0.00411141530097151,-0.00371566792951776,-0.00506818473191698,-0.00411082845400826,-0.00659144228577137,-0.00539013829564857,-0.00445890622181474,-0.0036969575927329,-0.00461664945138315,-0.00469211109922312,-0.00611559480229894,-0.00466772267793455,-0.00297817836909468,-0.0046863074116055,-0.00423251260783812,-0.00229499132450723,-0.0044437184784383,-0.00490227635704177,-0.00763598572052965,-0.00178811284460892,-0.00462253637667427,-0.00450319203423419,-0.00350453857531163,-0.00489682598530511,-0.00248090668439657,-0.00312754916148901,-0.00480407360137172,-0.00397290245196707,0.000940702687591348,-0.00555456727612148,-0.00438597840239636,-0.00351076167031678,-0.00638903289675416,-0.0030916936957139,-0.00265980441375427,-0.00370254091280261,-0.0036593052796479,-0.00192361139869516,-0.00287544400459416,-0.00377644006589879,-0.00455802915639692,-0.00160954014655601,-0.00620879843657697,-0.00435679778276515,-0.00366045295113804,-0.0057453457336463,-0.00546738333916286,-0.00769064510628204,4.7800590913388e-05,-0.00392446487651528,-0.00125838712389547,-0.00485436626517241,-0.000798877175821678,-0.00295423727816913,-0.00366391795136846,-0.000223745956092042,-0.00658869609835454,-0.00635799574212066,-0.00576852338077462,-0.00431800276584239,-0.00464018685287129,-0.00117304990121999,0.00250017444171782,0.00276501732473059,-0.0021010515245211
PC62,-0.0586481264913871,0.00451782197305621,CD14-positive monocyte,0.00516585775444092,-0.00172893744915749,-0.00257013174446392,-0.00156200989961747,-0.00287255571719844,-0.000743161289618406,-0.000606254157223519,-0.00240545728699284,-0.00159869137712676,-0.00129380669120838,-0.000950034852138665,0.0029442462356714,-0.00138599348078957,0.00309603235960889,-0.00304519193467826,-0.00349314427579528,-0.00490878934432945,0.000101547405163026,-0.00234645096107453,-0.00115978936382075,-0.0045057955683523,-0.0020895636050235,-0.00192807895197822,-0.00270784072522083,-0.00425633849707489,-0.00153204620509585,-0.00205939276796482,-0.000442200433563388,-0.00449930444874068,0.00155641470341291,0.000287455871383105,0.000984144062050993,0.00185298956484874,-0.00413310849976598,0.00179793650850325,-0.002452189515368,-0.00402898516046339,-0.00150718137052985,0.00132015038672774,-0.00252906224390503,-0.00302806074298016,-0.00225398572392207,-6.97853443060923e-05,-0.00267670184809895,-0.000515658421371174,-0.00222321480811058,-0.00426740919628212,-0.00121648942804518,-0.00320868115746637,0.000313579730845093,-0.00198269828774524,-0.00197116001484848,-0.002506753888723,-0.00070912897090279,-0.00226167938247546,-0.00275778691861235,0.000721429132968842,0.00219843644558061,-0.000587353347312891,-0.00103254880774442,-0.00297965716364735,0.00389204272589029,-0.00279501721590063,0.000420096204658902,0.00516585775444092,0.00215085796326784,0.00110289476998554,0.000926109927569883,0.000802821888611629,-0.000995764668509624,0.00161489152371169,0.00267718288413524,-0.000853166896484512,0.00119571323707259
PC63,-0.0610615783139132,0.00437965632567615,cerebellum,0.0092260116108513,-0.00232258627957053,9.68445664873292e-05,0.000934444358788852,0.0092260116108513,0.00164396400211666,-0.000963168378991105,-0.00294497904878993,-0.00685573558507833,0.00246919853821372,0.00162790930792649,1.26575316516461e-05,0.00201446024229723,0.00466560750155827,0.00169904184427277,-3.56260008119357e-05,4.86977019585301e-06,0.00241141545982506,-0.000464913090040105,-0.000877161219508652,4.22943536783478e-05,0.00194082984029553,0.00137044932936332,0.00102904247500909,0.00134772485524298,-0.00221781140738364,0.000709317683857607,0.000990517799071603,0.00278471331364699,0.000817768909099023,0.00104751151614819,0.00197568279202825,0.00211343858160103,0.00126237938589397,-0.00320077598478164,0.000759652528673257,-0.00249396063962384,0.000780258752179478,0.000852184448999973,0.00139460292929635,0.000207583128225048,0.00437695825438221,-0.00123454756780542,0.00361953531016271,0.00266143696379881,0.00149192161308802,0.00120496452317706,0.000905578865721192,0.000633378704912181,-0.00154608842398311,0.000798097502711516,-0.00265924065957587,0.00210626892921627,0.0017312227173654,-0.00141179709603765,-0.00137367243072702,0.00220038810833912,0.000982079962782322,-0.00177711500009421,0.00356974952644,-0.00216418245791926,0.00247181822354907,0.000285821446825342,-0.00598794024949618,0.00548820234578721,0.00343421466848763,0.000575515395034134,0.00040150555706961,0.000530768761843417,-0.000219145496676367,0.000634502354594677,-0.000942396628473993,-0.000159802660358596,0.00659345044931148
PC64,0.0788205576732274,0.00433812050720555,trophoblast cell,0.00589338924146811,0.00292285781933891,0.00194611599460275,0.00553891777802628,0.00389384088918739,-0.00228696452887348,0.00036414058449603,-0.00320762084125497,0.000760097413129854,0.00416209142531162,0.00236079662694355,0.00356810006719123,-0.00107331859852756,-3.67981725103224e-05,0.000358504193435358,-0.000489946629467104,-0.000605635746226954,0.00375606845768,0.000883392979630125,0.00208732781248852,0.000277562387453968,0.00236212423328915,0.00247787896443236,0.00106288898430113,0.00326659243082074,0.000156420864278919,0.000416394190963497,0.00300981013957626,0.00374306305174969,0.00366321606474941,0.00392608656601926,0.00296815822953284,0.00245751115348298,0.00478494715932448,0.000115989916302784,0.00195434886235858,5.69350112045765e-05,0.00511858072278026,-0.00155507907706236,0.000638628831386765,0.000355662684200974,0.00396993997340937,0.000625488928314069,0.00371529513415374,0.00257842732768631,0.000752538562529164,0.003039163280564,0.0016951054208653,0.000680922640150738,5.4134699268252e-06,0.000722308590605655,0.0024265766041266,0.00356493937448276,0.000313823178789282,3.98926100634603e-05,0.00171339264021777,0.00193850064139588,0.00162119403456678,0.0035473140907913,0.0013039179723017,0.000956490762773874,0.00241548280192706,0.0027058398945292,-2.46983352078842e-05,0.00224782624328252,0.00211538463635905,-0.000418349564294974,0.00129856148915902,0.000659874609848311,0.00178931833509246,0.00589338924146811,-0.00258369541483655,0.000314004613374194,-0.000111115715009325
PC65,0.0566945039718922,0.00425613446960734,placenta,0.00680166402497415,0.00103277101461021,-0.00174642728687165,-0.00250789034343935,-0.00566771113330247,-0.0031598027708292,0.00387060575876962,0.00134282545663321,0.00131234799292813,-0.0060786550066382,-0.00348707155217687,-0.00273165499818319,-0.00565486825500478,-0.00127314283449761,0.000432667126712408,0.00167273219334811,0.00368423854088053,-0.00245524804832422,-0.00311817991962135,0.000945618725883313,0.00133584396447328,-0.00296727898196676,-0.00341727049003416,-0.00356613874566564,-0.000345333136649083,-0.00305987357125861,-0.00320120764692523,-0.000100111337807926,-0.00254196667729772,-0.00164047926839036,-0.000984701326233827,-0.00105100177728343,-0.00195491890791758,-0.00154656947325647,0.00355198056435683,-0.000645793369789594,0.00187190744914901,0.00680166402497415,-0.000275051197537339,-0.00298710740432179,-0.00293259858254861,-0.00542171934697444,0.00155582688501872,-0.00238061230099845,-0.00294617978500419,-0.00340110330821595,-0.000375495080349882,-0.00303947388383,-0.00335990720846182,-1.78790527085967e-05,-0.0051830600779487,0.00239334615940074,-0.00521550311353132,-0.000451139918911401,0.000906687379879139,0.00200487492248496,-0.000307227016147443,-0.000509412354134696,-1.39144109851047e-05,-0.00104386747585905,0.00387256634416963,-0.000989513407415528,-0.00286168685480011,0.0024103043987192,0.00183763406932213,0.00202685566209848,0.00112604305424716,-0.00010040527217724,0.000737473371780345,0.00196781459172925,0.00610735882158716,0.00142574060592898,0.00200290429200904,0.00236440782456799
PC66,0.0141255413437174,0.00412380305687999,spleen,-0.00885255297206829,-0.000894873349735981,-0.00211871930042224,-0.00557378028034842,-0.00129957688854236,0.00284746409190491,-0.00284386015733822,-0.00316000809131295,0.00160685511461039,0.000691459378660333,-0.00201981423636432,-0.00578012181246114,-7.30741318855824e-05,0.00101447068746763,5.1747044612917e-05,-0.000551447319746392,0.00081759371491762,-0.00125877382158694,-0.00440413248429867,-0.00337318971228539,-0.000476687129711575,-0.00196537066653599,-0.00170438205462896,-0.00199143974452698,-0.00258325938319338,-0.00462429434954313,-0.00407361357731476,-0.000669563050402874,-0.00261992063128559,-0.00402357487295039,-0.00394270939986022,-0.00321094698130138,-0.00378777486449306,0.00254459196421595,0.00198244284727711,-0.00306887328327548,-0.000403263422860861,0.000336321923747629,-0.00299035542180723,-0.00403351834627982,-0.00325532007825896,0.000863587308758342,-0.00218450458723015,-6.1470348800046e-05,-0.00203384270065037,-0.00104598633687479,-0.00238970619369899,-0.00548765273159392,-0.00355972837320462,-0.00168472249967249,-0.00697639158742769,-0.00151955055795741,-0.00538326592172244,-0.00885255297206829,-0.00227570874649181,-0.00203811301516537,-0.0046088491155741,-0.00295412902751359,0.00125924456893645,-0.00175031274953865,-0.00245401701009911,6.48988004658862e-05,-0.00500458521448396,-0.00302217180485686,0.00115217058419769,-0.000464789939758316,-0.00366943196560491,-0.00301325769434394,-0.00445475443570316,-0.00224106396054745,-2.38631956890643e-05,-0.00457015460384419,-0.00500701951844284,0.00227713023730857
PC67,0.0780698143929909,0.00346885562969685,muscle of leg,-0.00555075447828182,0.00289846438351516,1.79547676045511e-05,0.00246245266318135,0.000367138402451419,-0.000414558352006692,5.20332964280768e-05,0.00227477655234497,0.00516845835181512,-0.00203823391862624,-0.00159177574338288,-0.00426440923488608,-0.00158419710310777,-0.00165789004897471,-0.00229927664644064,-0.00121023352602598,-0.00219918400406907,-0.00304290977868542,-0.0027733872479823,0.000750948239984491,-0.0021611877465438,-0.00188157995053191,-0.00238427389650185,-0.0014296300676718,-0.0032651714267094,-0.00478949254256493,-0.00339860438819813,0.000806031103320775,-0.001392645459826,-0.0024036589386189,-0.00390606568556976,-0.00555075447828182,-0.00365925915717626,0.00110918007588759,0.00261474210990171,-0.00167280123229771,0.0028227514190227,-0.000628062765933544,-0.00326522318093282,-0.0029707537429212,-0.00120699680030623,-0.00316112461966165,0.00329195925399052,-0.00145555632930559,-0.00214691002345256,-0.00448914737898027,-0.00209542442952371,-0.00416198282331674,-0.00284526878310274,0.00153499749202771,-0.00356931982997895,0.000601341539520915,-0.000204741991596418,-0.000748765794609252,0.00143962562647683,0.00236092524781864,-0.00184296063655984,0.0037058629940774,0.00101852096035035,0.000657553221862528,0.00377764416129046,0.00177626957286954,-0.000618385360997764,0.0037269320359654,-0.000687811245179243,-0.00152654606151843,-0.000202530478652876,-0.000480207639617349,-0.000863804025757389,-0.00314182287639774,-0.00150734239926627,0.00249991093102729,0.00322571432369747,-0.00151191034643644
PC68,-0.035333640205267,0.00321908295072965,heart left ventricle,0.00814412809178667,0.00116368425394176,0.003859982538348,0.00265181692323938,0.00465862623671654,-0.00358738384470684,0.00176648442658118,-0.00208199000035711,0.00126884589774721,0.00447042778439908,0.00287567780491924,0.00333135493952614,0.000912211511028886,0.0020643635747063,0.00392943482793732,0.00814412809178667,0.00787638587899658,0.00467019340369284,0.00265926388674739,-0.000503018919917449,0.00467989039935638,0.00159687116817945,0.00304921703249944,0.00363243721674478,0.00464648745350187,0.00133672114070785,0.00172179955646923,0.00141104119507039,0.00378974260759464,0.00381482800738697,0.00430295980652644,0.00323963027546533,0.00396830815551167,0.00244136720844189,0.000460620357284646,0.00321914078624269,0.00362600494782456,0.00135626359939334,0.00449195599049974,0.00393783498462752,0.00219933792293067,0.00230963673758098,0.00320780621280011,0.00452114659148439,0.00205269449945883,0.00308511002333845,0.00391874627861466,0.00205173838176042,0.00229621519308733,0.00134557690046206,-0.000316257848320945,-0.000357608735719165,0.00341161408781004,0.00145657309691628,0.00405783729347373,0.00147608611397988,0.00272795107555135,0.00169982572028096,0.00357677382823755,0.0040272735859381,0.00198157680015265,0.000670884779069442,0.00273733249728237,0.000213869996576995,0.00611970226640829,0.00116312564395545,0.00131540588559993,0.00146633866509489,0.00160387772734886,0.00299937434853206,0.00302622097254546,0.00207188002743062,0.00223254065612651,0.00231363641635795
PC69,-0.00510817303021651,0.00319301172063937,endothelial cell of umbilical vein,-0.00644005179085718,-0.00207280263777184,-0.00311898149370112,-0.000643665739509012,-0.00132665598907859,-0.00236427844922881,0.000443228851141868,-0.00295083909803085,-0.000327455223274599,0.00062662804618172,-0.00162238220548587,-0.000280009618103189,-0.001847157193612,-0.00502175251385736,-0.00308222661082848,-0.00318367684401235,-0.0039363897074841,-0.00307138678063079,-0.00234738967071304,-0.00168313881419361,-0.00114300559033872,-0.00157094758689383,-0.000981462400740872,-0.00184544304528632,-0.00496603611164401,-0.00216537356494861,-0.00255154057826515,-0.00314866595904454,-0.00412245367357379,-0.00179808083800861,-0.00181617388445458,-0.00142129189142713,-0.00140369672628092,-0.00513858573540604,0.000764230701498924,-0.00360755283944561,0.00124799729931526,-0.000619251772111816,0.000935447630621245,-0.00331084308377717,-0.0020858934595027,0.0016915623217289,7.29053067714728e-05,-0.00214099500415853,-0.00112805461072071,-0.00171918174506146,-0.00355403653266793,-0.00219035409797248,-0.00205153895259067,0.00201482357084909,-0.00411577042831842,-0.00181613436405256,-0.00244332180769081,-0.00242328653894916,-0.000455034601912822,-0.00167249215844684,-0.00406369521871759,0.00277859981622501,-6.17162107120819e-05,-0.00129936332302442,-0.000274697392978889,0.00134505994429022,-0.00275954122349974,0.00181995334483518,-0.00428307565199768,-0.00458302923319449,-0.00439244952616814,-0.00425606185516489,-0.00416817296064485,-0.00433147368313045,-0.00404257391051496,-0.00644005179085718,-0.00313599654044831,-0.00527638395485471
PC70,0.097095742915102,0.00313020895273477,testis,0.00593849827981639,0.00010093769746799,0.00212053156536425,0.00161773748483763,-0.00094196960511145,-0.00496724161397905,0.00277030364599485,0.00339731383191814,0.00421418967078828,-0.00186413874866817,-0.000404059408404275,-0.000320785425066798,-0.00223922459848584,-0.00262019950938186,-0.00118476454183864,0.000217516853197743,-0.000693123267959514,-0.000466410697303547,0.000368658240869401,2.49105580512808e-05,9.72373428960712e-05,0.000162031266562612,0.00084733927156273,0.00122471601792451,0.00222152467719738,0.00309843134373018,0.00156631670831141,0.00172106267369881,0.0021005131357567,0.000506773547455066,0.000766952916838049,-0.000393726084817257,-0.000587828484191149,-0.00162702086965486,0.00588804567735033,0.000451727437297455,-0.00121349976080505,0.0016590742762165,-0.00225958358375233,0.00205138784505657,-0.000112978181405001,-0.00107001572347296,0.00172482517693587,-0.000968786160212225,0.000575349899332472,-0.000984620915410122,0.0028186129215378,0.00185819346988462,0.00113940062437896,0.00372873905435535,-0.000510909172699063,-0.000945663002711266,0.00295971968336333,0.00271530317138014,0.00153545863401938,0.00593849827981639,-0.000456762706539318,-0.000946599140247592,0.0045347939274361,0.000612109548366335,-0.000436270082948546,-0.00254030878439104,-0.00196587297204729,0.00471351245376574,-0.00370364627091258,-0.000727921093200481,0.00153975381281535,0.00072128545022738,0.000189828496969596,-0.00230511953604682,-0.00168521054588171,-0.0031951774180815,0.000832927421046943,-0.00322688349851992
PC71,0.0471030719295858,0.00308326204675181,trophoblast cell,-0.00868759560417876,-0.000420610971693861,-0.00247136889097648,-0.00692600119900302,-0.00201422311541382,-0.00191903578730912,-0.00535911709362917,-0.00632110140818334,-0.00393659345836965,-0.00410824079175247,-0.00475802270506777,-0.00267407968642014,-0.00190370071475977,-0.00332161964668914,-0.00253364332334591,-0.00461062999038753,-0.00368933813744641,-0.00360098929195266,-0.00444577163190689,-0.00212641746523045,-0.00301557499458105,-0.00208378819347623,-0.00363103483696729,-0.00422103483677301,-0.00300146397672625,-0.00358305547417599,-0.00303218267238236,-0.00284050110993226,-0.00472474351267408,-0.00239608581474415,-0.000251477006570064,-0.00233740715003082,-0.00344568045694273,-0.00701958103596221,-0.00242252200468198,-0.0034902768250477,-0.00125316057296947,-0.00730046405920804,-0.00144765881224,-0.00408286727697315,-0.00425599906975461,-0.00297426380545056,-0.00294369725991331,-0.00272385367917039,-0.0045164506228739,-0.00317766729912416,-0.00428219827540603,-0.00342797171277262,-0.00310359105749524,-0.00538278419741315,-0.00393719224539779,-0.00311058485545412,-0.00549170302765493,-0.003943325121353,-0.0036716549979457,-0.00440102937806648,-0.00241059742815532,-8.26313596365495e-05,-0.00330375471151993,-0.00561645299369002,-0.00466234178957143,0.00016133027012872,-0.00451903753437412,-0.00350233566152097,-0.000883897347207761,-0.00152147146564775,-0.000893144292914096,-0.00165862359777162,-0.0019348300840879,-0.00252169631807564,-0.00868759560417876,-0.00453036446366991,-0.00284689499264484,-0.00319407387087302
PC72,0.0176299248161345,0.00261651585791657,dermis blood vessel endothelial cell,0.00632142081680414,0.00287924930031563,0.00131079056088658,-0.00450288102893233,0.00318102504409754,0.000982933283208444,0.000850528982635373,0.00125667033116565,-0.0039702838461803,0.00170702049327911,0.00115464323548184,-0.00144188827122028,0.00266994237095816,-0.000224414294231002,0.00321567615944169,0.00309385044960712,0.00235349541751765,-0.000718356634878174,0.00177879633799786,0.00165061062845481,0.00368315791917704,-0.00119607533433087,0.00130064489526749,0.0012962383257968,0.00204990782863589,0.00107937749579652,0.00260164519487371,0.000550869099514712,0.00161824216956484,-0.00128465963419436,-0.00150784801808577,-0.00157925521522633,-0.00110040839979547,0.00206702067081342,-0.00129716975868525,0.00151441971868241,-0.00067688886133719,0.000534702309551999,0.00321677949165621,0.0008850963967205,0.0011416741417315,0.00101785375419768,-0.00413291652984802,-0.00143867482364935,0.000230635063051568,-0.000162331881178195,0.00202336422369554,0.00220014685164238,0.00250742846502291,0.00310602619242137,0.00262554100739573,0.00199442501136169,0.000821859696110111,0.00185322165566929,0.0010018406076072,-0.00182436705738619,-0.000777979482168153,-0.00541859611533568,-0.0060051878244029,-0.00113994271102581,0.00172555609699574,-0.00285716609368118,0.0015004613694406,-0.000754810562532123,0.0016295322779177,-0.00272251521142407,-4.40571980365231e-05,-0.000492402067205753,-0.00174926624377884,-0.00217291851538002,0.00266935219657748,0.00428487966683041,0.00632142081680414,-0.000693897304332464
PC73,0.00955901312884848,0.00255377484013704,upper lobe of left lung,-0.00394418804169193,-0.000497249050097884,2.87425119869097e-05,-0.000396283280581015,-0.0020894574679211,-0.00246433147623341,0.00214421141380582,0.00107355794649421,0.0021757085638202,0.000664115164377007,-0.000110382803737754,0.00156245974282936,-0.00172790169892649,0.00122247647385302,-0.00153027784705986,-0.00176191483781665,-0.00260636358575267,0.000868893527326986,-0.000473436286052602,-0.000733263344368503,-0.00246415930119799,0.000751879223496865,2.02857486344923e-05,-0.00123805591875785,0.000503577685905468,-0.00118000170938032,-0.00127196245260864,-0.00202919070674892,0.000508840460596383,-0.000199511776724692,0.000223095601543464,-0.000238152617013233,0.000407531130254455,-0.000775888615656273,0.00161902938292568,0.000455326478746344,-0.00353979630677034,0.00144090330405103,-0.00187375191929672,-0.00148198181569964,-0.000723400983286689,0.000226369571697461,0.000916623936014676,-0.00126624164093455,-0.000368145420143965,-0.00158478528242344,0.000251533298994977,-0.00158746363930303,-0.00135924381688309,0.00285839048055301,-0.00171519720255564,-0.000502129924152771,-0.00056430730040537,-0.00161287149343962,0.000494498735938632,-1.02754315704693e-05,-0.00166800721378569,-0.00198714730380816,0.00338221484122449,4.2797853420702e-05,0.000595390880498364,-0.00394418804169193,-0.000135471765698274,0.000530725730478475,-0.00167621815904389,7.77099989305769e-05,-0.00134301215435973,-0.000207541531142739,2.63043548908277e-05,0.00205056908584586,0.000306932904507246,-0.00122116466301913,-0.000181731929733706,0.00106158311918074
PC74,0.0812042756473231,0.00234496729025902,frontal cortex,-0.0095769247330095,-0.00754753213726312,-0.00605677739972071,0.000121185130903857,-0.00862150868234336,-0.00739775224213447,-0.00618123551854326,-0.00268705323486077,0.000364684610043265,-0.00412537801778298,-0.00572640030455404,-0.00420468566472869,-0.0095769247330095,-0.00717149810793781,-0.00732738357646955,-0.00494068479883071,-0.00287257317860989,-0.0057374477354321,-0.00621479787556041,-0.00750542613018908,-0.00223864303448655,-0.00511246770312982,-0.00617796101592474,-0.00599449410671094,-0.00374617877594705,-0.00523141645196585,-0.00785308893313806,-0.00833595430507356,-0.000819583351827044,-0.00426212219997506,-0.00618976463827934,-0.00517236181666354,-0.00538619688579029,-0.00113126450202226,-0.000140573421259456,-0.00588523596239498,-0.00310102629868469,-0.00381673186951219,-0.00664535798305316,-0.0065453905983281,-0.00555685120732043,-0.00674570384585918,0.000416481561286911,-0.00449902458408238,-0.005672991926142,-0.00583668393718447,-0.00190597375521282,-0.00534373170533473,-0.00532084739577789,-0.00625589201294718,-0.0015910442604058,-0.00603061100710652,-0.00462575849154244,-0.00567570381315679,-0.00832400438965156,-0.00392957239662311,-0.00596335085050865,0.00348324429313359,0.00191073401446031,-0.00444502719422376,-0.00534062950853324,-0.000375431809416518,-0.00395230634946925,-0.00297819502069257,-0.00529344128472775,-0.00713521798163015,-0.00726058089587251,-0.00737005117529448,-0.00712664340241056,-0.00634737692949427,-0.00631979344701741,-0.00688811036631072,-0.00556775515773202,-0.00506122650299762
PC75,0.0260637608313641,0.00205547716747356,occipital lobe,0.00718906502965246,0.000659155760222946,0.00174765502288751,0.000765676549412331,0.00299455356388101,-0.00319949708663477,-0.000675383360036229,0.00150046235661109,-0.00427783095082729,0.000521315666289558,-0.000272201210206405,0.000441857772098278,-0.00156347470939326,-0.00336439712690966,0.000152900579550377,-0.000183060307789116,0.00095461068898262,7.09716500184852e-05,-0.000260740179439339,0.000355033984655177,-0.00035553430240488,-0.00121601287607689,0.00064665807046289,-9.17799587899175e-05,0.00209637573951018,-0.00116863046752002,0.000526691855548318,-0.000318189278405491,0.00204613095593934,0.00186294660690118,0.00117207380836023,0.000599223465170564,0.00134346289767955,0.00718906502965246,-0.00144873949597062,0.000414072006839492,-0.000466431620086206,0.00141549219182026,-0.00079091818020865,0.00112926901293104,-0.000523086911616235,-5.85919448345599e-05,-0.000526918007397997,0.000933126193615483,-8.49705120529196e-05,-0.000353994969861987,0.00170708095886282,0.000294569878430558,-9.60017376246705e-06,0.000112021391487193,-0.00110423350555442,0.00130912720023823,0.00299047235530732,-0.00164242769722329,0.000373416108437496,0.000864953293871121,-0.00037778702656591,-0.001171983672064,-0.00159548953566496,0.00238195063085504,-0.00126553314986872,0.00264801190584279,0.000325995840775526,-0.000616021282899731,-0.00119407857084037,-0.000343883287842247,-0.00131354729825932,-0.00164127673897757,-0.000508718910021126,-0.00159818737754998,0.000421548794996284,-0.0022836419279646,-0.00232845344922957,-0.00188488607682325
PC76,-0.0117075053776381,0.00199345980318644,upper lobe of left lung,0.0118844241757347,0.00756789637931749,0.00595067091606483,-0.000699577982747926,0.00677203985473802,0.00760807721154241,0.00935035647206993,0.0101074974861441,0.00769517552065025,0.00747299749870387,0.00726797696717575,0.00100125470029606,0.00860801769202565,0.00569405698778579,0.00552052758767876,0.00566032530688474,0.00291140788962271,0.0064153702054333,0.00274201006911845,0.00556929015683341,0.00509437518451936,0.00944105088853976,0.00814421044567415,0.00292235373875285,0.0024300198314667,0.00229575920528642,0.00206464637741901,0.0067616963915831,0.00301280465717247,0.00372333412064957,0.00346496617554124,0.00462780370131898,0.00515766140940525,0.00196688578041376,0.00806203363878422,0.00653806534886973,0.00913153882069605,0.00441865862244557,0.00566795466345613,0.00252113994235515,0.00360371327551405,0.00609237762762703,0.00821299608426105,0.00796361460288592,0.00754598860846698,0.00298746695280942,0.00374739585917845,0.00133393547144513,0.00259617058443053,0.00870205395465299,0.000581937097284564,0.0062075924369118,0.00302720618543666,0.00316792605248431,0.0074275181103674,0.00821142779561769,0.0048533114113119,0.00676623054116218,0.00850324962047577,0.00516519051536555,0.00793891364169048,0.0118844241757347,0.00479002269851455,0.00746222612714608,0.00606324488941793,0.00418874359869739,0.00487237650890703,0.00512581945514315,0.00399820512514895,0.00488739762198991,0.00270419290337467,0.00596816471022253,0.00325084852897946,0.0069766405656809
PC77,0.0155937427952604,0.00198726707579852,brain,0.0103235485167068,0.00212519150706943,0.00693310926499218,0.0103235485167068,0.00480038863088322,0.00152839300802446,0.000775921326378345,0.00394480152576211,-0.00316439745163881,0.00814364704214547,0.00468433140486763,0.00896524332099814,0.00389117745826897,0.00492996803785358,0.00410760247909677,0.00396914287542319,0.00407742224675438,0.00662777433627068,0.00614513319253108,0.00524349053679587,0.00408820009229088,0.00359770006936685,0.0047129401254359,0.00631014609389844,0.00866428231098741,0.00689176411060099,0.00706735836967194,-0.000246545994000564,0.0082436054884878,0.00671491837862602,0.00846838829326608,0.00698374813020261,0.0062317023189944,0.00843240989128484,0.0017075059824226,0.00491730617186711,0.00220158593913664,0.00805146945996565,0.00530111770503834,0.00713223750358644,0.00592255411236996,0.00716046279540973,0.00139666077936625,0.00631916153666097,0.00506287040520564,0.00592949167267165,0.00804864993084665,0.00724691160286049,0.00702742110813796,0.00256370516916439,0.00911222445744279,0.00359591161209025,0.00781226340118456,0.00511554786382384,0.00493731226309961,0.00281142263965988,0.00584874546110893,0.00104894569775241,-0.000611641504072584,0.00606229092111511,0.00383273133064829,-0.00578028115431182,0.00532608360174583,6.74722189765303e-05,0.00111168541101603,0.00493625570403754,0.0031640262053648,0.0042502656187056,0.00415896141205587,0.0077718626320645,0.00833539641642035,0.00621309597125148,0.00710465597467511,0.00383049432286766
PC78,-0.0509721261478468,0.00193513636057273,forelimb muscle,0.00650972696731262,0.000554938225809324,0.000460012675566722,0.0041190683658956,0.000167786252300797,-0.00405371934982995,0.00246805880560736,0.00306656328427473,0.00333897517610934,0.00115492861149091,0.000652094015939928,0.00650972696731262,-0.002341843944262,-0.000226387331019273,-0.000528835074159952,0.000229141160763892,0.000341946317238974,0.00194632808468855,0.00374076120757647,0.00176967191022839,0.0013068778576802,0.00312744222512447,0.00117464737179379,0.00444435344659516,0.001413008467553,0.00417946530148931,0.00385362142018782,0.000188785952379321,0.00251772935354882,0.00572264309256387,0.00388062324815211,0.00488503850298404,0.00355742992602302,0.00132295613942532,0.0011723523331621,0.00255835808584858,-0.00151644461154139,0.00315809979957115,-0.00145105705909585,0.00397395478311743,0.00446191079403138,0.00253459784285023,0.0030249066995639,0.000111228182118719,0.00211999206720114,0.00412764139083851,0.00236882195260419,0.00332028883551735,0.00369497342250251,0.00204694069163708,0.00396726938151969,0.0010859296961854,0.00338693866898985,0.00364403899838289,0.00169254171170178,0.00302275525640558,0.00422217888061855,0.00131115701372512,0.00156104288220534,0.00212679761979671,0.00131524827133196,0.0037087940192957,0.00326374946981742,0.00145075290178252,-0.00233172168891181,0.00330105253091469,0.0041419224140895,0.00293264199289396,0.00441448285170522,0.00039605123646183,-0.000583100686088892,0.000886648436657569,0.00235145850763815,-0.000541356418917636
PC79,-0.0806380827801324,0.00177177955283091,tibial nerve,0.00884584753359546,0.00238877965376016,0.00354872772717545,0.00212081188172042,0.0021347145797977,0.003703562471579,0.00657137444210853,0.00566367870475704,0.0034614902160891,0.00393661865556531,0.00316020379018165,0.00260703748411031,0.00277696592442219,0.0041282797417893,0.00243286357533723,0.00251845546318378,0.000889018440231418,0.00272363236366775,0.00546331250220117,0.00547891118773148,0.00186840174959158,0.00321837697898922,0.003000980239056,0.00503264599421809,0.0014246005864264,0.00595518712534537,0.00524881733941306,0.00276636417611607,-9.36769111114962e-05,0.00226412392675691,0.0039374163718883,0.00271545821846873,0.00342149274991241,0.00246830033725962,0.00691405214338652,0.0052443370807019,0.00145678812793638,0.00443767614490156,0.00380320474295498,0.00527265709992461,0.00482391683909633,0.00377875607694104,0.00564125393100715,0.00357170749766684,0.00309502160304573,0.00521492503467465,0.000892817771209598,0.00536020048445189,0.00510009615132391,0.00619557052012802,0.00436481451567293,0.00512619867865282,0.00261700827163118,0.00764739437035663,0.00342410493860904,0.00630300138799913,0.00605249218222178,0.00646153801638266,0.00884584753359546,0.00304327723187402,0.00356840016399381,0.00298314684938073,0.00655925145197232,0.00666125088242845,0.00785454044834948,0.00563021355516384,0.00366435466050686,0.00278858231127497,0.00290031170818372,0.00467448558451318,0.00453936806348205,0.00519118039953939,0.00826555195722345,0.00712362821668817
PC80,-0.0491950549433342,0.00172679989961575,dermis blood vessel endothelial cell,-0.0056730731520814,-0.000431456010423232,-0.000840621674880901,-0.000198034627963894,0.0021423257225718,-0.000302302388277809,0.000962743982182245,-0.00190920797244133,0.0019125984284665,-0.001158503088932,-0.000967487027590544,-0.00088043614910936,0.00192043414065683,0.00196720153779975,-0.000575718687701223,-0.00160175195773959,-0.000589419189993535,-0.00245425429219084,-0.000312344517401778,-0.00147664178287423,0.000356135233534068,5.65382983742841e-05,-0.000327726164587079,-4.94504362221816e-05,-0.00282227741555119,-0.00116576881151423,-0.000495441024773175,0.00253501444477931,-0.00228967348527355,-5.91161456784914e-06,-0.0015822879549254,-0.00166123735146639,-0.001313480057179,0.000248999966569765,-0.00282730714953273,-6.50563813356931e-05,-0.00061525805214003,0.00122430556746554,0.000904806465978395,0.000701858729274134,4.48099296423322e-05,-0.00101229294387095,-0.00251950449945101,-0.00122470185232363,-0.000727180247532254,-0.000131040220981343,-0.00299421702629381,9.71441417151764e-05,-0.000567992970204503,-0.00156099118249501,-0.000857224910424042,-0.001049820151283,-0.000400352163539279,0.00272441234660465,-0.00211238753653652,-0.000492936715143855,-2.82461674419154e-05,0.00338134632771386,-0.00285501934837768,-0.000110385605778545,-0.000461257409648364,0.00135521884016661,-0.00269677622351468,-0.00230440725900041,-0.000927899463107089,0.00162280552884379,0.00036354242442006,0.000642174470119094,0.00342266673141673,-0.00303987756366262,0.00242179747804084,-0.00188954464517356,-0.0056730731520814,-0.00110734269682463
PC81,-0.024843997848577,0.00170432233541149,adrenal gland,-0.00495276633967007,-0.00281722083166991,-0.00495276633967007,0.00260376719958095,-0.00317206234561783,-0.00338100770895327,0.00139065763310226,0.00150939744738641,-0.00189822577376677,0.000366179970536615,-0.00113696576386602,0.00213473064421208,-0.00456325634151107,-0.00314050857283161,-0.00203581051596754,0.00154110187878027,0.00118525516776965,0.000198451964380546,-0.00187379766246325,-0.00260681123592237,-0.000316711561111347,-0.00199743411970827,-0.00175647818868257,-0.00110657747236749,0.00308129620519403,-0.000882812413916652,-0.00130291451558047,-0.00197278719907928,0.00329653798435907,0.000277534743261827,-6.59346977355646e-05,-0.000222606265600551,0.00122705181364529,0.000136023529157305,0.00155257028022268,-0.00228922922399172,-0.00184888975213143,-0.00260146540448761,-0.00190552120695665,-0.00219450010105523,-0.00247514022659588,0.000715718259690728,0.00253926259653901,-0.00086630159252865,-0.00079274210478659,-0.00070041675811364,0.00311292741816422,-0.00190710547423895,-0.00206264879707442,0.00298873592644391,-0.00238241169662903,-0.00342219370497642,-0.000800477133285655,-0.000700881515463564,-0.000345841546740083,-0.000273507787791831,-0.00275789919806163,0.0011285867153231,0.00110269724444872,0.000770579997337226,-0.00481729308318925,1.09904427230836e-05,0.00029961958412303,-0.000466187601145245,-0.000136034339082456,-0.0015984070185473,-0.00161846901587676,-0.00210349980685138,-0.00352463132149416,-0.00360965410245922,-0.00309064810293776,-0.0044713809211114,-0.000604548827719593,-0.00278386023521281
PC82,0.00778410948342865,0.00166918684538476,right atrium auricular region,-0.00709252313347027,-0.00571160932310661,-0.00541109943552901,-0.00395965810729237,-0.00628497976848793,-0.00339137997694125,-0.00351954370654333,-0.00184068683770281,-0.0050694210469019,-0.00319145986784026,-0.00235573277758145,-0.00312198895597679,-0.00343939539355718,-0.00355496401250416,-0.00256347993765729,-0.00281181743923343,-0.00103885288610668,-0.00251866401438275,-0.00206966869763434,-0.00481494584044492,-0.00253518668815449,-0.00316606740920612,-0.00239515613039532,-0.00288936268528923,-0.0016880017212303,-0.00348897134859332,-0.00208040049571038,-0.00384577014463082,-0.00191115657734719,-0.00219457448504597,-0.00267397342625948,-0.00229970849523098,-0.00305426300094089,-0.00364388043454359,-0.0038655018803418,-0.00251957302106054,-0.00519371118978257,-0.00575207836935901,-0.00155236880246918,-0.00298243950960396,-0.00240863552622323,-0.00252033339006832,-0.00709252313347027,-0.00186635770928096,-0.00274653934093916,-0.00193315203566546,-0.00162988835279367,-0.00150172313282396,-0.0027892033216367,-0.00589979072144107,-0.00481011504905745,-0.00524730327151078,-0.00369938061377082,-0.00211351154571428,-0.00395646199411335,-0.00614587425999746,-0.00493804597113716,-0.00495330713330338,-0.00556071981561419,-0.00338695263642724,-0.0062571869488036,-0.00683826186885483,-0.00312622673424955,-0.00543430688081179,-0.0040634386566541,-0.0031815726171655,-0.00210301082649369,-0.00278454439151633,-0.0021404496175348,-0.00221213165892256,-0.00239669748471884,-0.00171600114554537,0.000166103949819825,-0.00245735235000605
PC83,0.0343681795070484,0.00124952368755453,natural killer cell,0.00595702981004036,0.00427274270251043,0.0032162112519907,0.000161992680553332,0.00206379998736443,-0.00265776731669222,-8.48689918455904e-05,0.00186276132829728,-0.000754386883307743,-0.00356123309477862,0.00379232460940417,0.00591876847575321,-0.00274593506436218,0.000477087542162567,0.0018621210254985,0.00338960484441514,0.00189947532830773,0.00451168068464748,0.00333204768238073,0.00535838656218154,0.00316456478597971,0.000939614294979638,0.00347852686127602,0.00350632863763298,0.00148382451295624,0.00186818520701223,0.00313269338089045,0.00425284602169335,0.00104070754021251,0.00569308687318546,0.00309405296329709,0.00415227971327403,0.00505434988390082,0.00396575663198052,0.00134833482136944,0.00340517333305447,0.000788201249370293,0.00114457757096806,-0.000530066436906563,0.00256534357158382,0.00406861351550768,-0.00239545439875928,-0.000147469223236612,0.00114241794782887,0.00319133716005296,0.00287112196779607,0.00283827892435429,0.00253674654134252,0.00349936192127575,0.00252191847785842,0.00134758023057715,0.00337103605372369,0.00096442294414833,0.00291629220971879,0.00338606803493523,0.000778103129679001,0.00405045232207715,0.00064508204901807,0.000183894499449028,0.0017994044101912,0.000186172722979712,0.00014389848464864,0.00207376708618331,-0.000149265377230572,0.00223965566583552,0.00206572752572733,0.00577598777480709,0.00556007884816955,0.00595702981004036,0.00556266360046683,0.00323335675682508,0.00246293302593954,0.00256727854887454,0.00340046534019171
PC84,0.0670332982254028,0.00113247643907483,trophoblast cell,0.00946326946842951,0.00418739703943912,0.00203948184797833,-5.46323927281833e-05,0.00643730583471387,0.00201694884569076,0.000739715137296577,0.0045436889571274,-0.00355301355177041,0.00524536154202262,0.00232407023419413,-0.00239737120174205,0.00392072386433587,0.00375896408574094,0.00173289996223516,0.00250000405587145,0.00246426213432398,0.00144616224120263,0.00109945480830879,0.00364006014137761,0.000547893028941014,-0.000754963099090191,0.002727842055833,0.00199234801508154,-0.0021820083098612,0.00119327987214526,0.000356059824351295,0.00215635679549479,-0.00267439712823405,0.000181768147973299,0.00104476067077422,0.000185554223225685,0.00117449628360237,0.00656676129989701,0.00202247653704137,-0.000444977496780813,-0.000931834439167022,0.00747846794698849,0.00289040362986549,0.00138819838438822,0.00104890892296022,0.00471308736923575,0.00183608024895821,0.00244104917390258,0.00279413524503983,0.00196291231099742,-0.00251723898233719,0.00114051055252247,0.00179533161819016,0.000239143176906817,-0.0026063882233645,0.00560578475734201,0.00236885285391692,-0.00106501246789196,0.00248300717739675,-0.00303737152442482,-0.00118835954448714,-0.00211134012075093,-0.00212994032553751,0.0034293923675562,0.00568386159236829,-0.0062260655596824,-0.00368276667706566,-0.000411061624169205,0.000970105341653137,-0.000351917741159485,-0.000761522842137223,0.000329231014525358,0.00042666901406224,-0.000445258709537811,0.00946326946842951,0.00215076623120226,0.00225583410363258,0.00431301581667569
PC85,-0.00486787474910552,0.00112239430306862,left renal cortex interstitium,-0.00627869523602371,-0.000764754231110247,-0.00447516414614618,-0.00311259393318727,-0.00239453631454974,0.00232936217087312,-0.000812884186684687,-0.000300388320371527,0.00146410609854233,-0.00208225890659902,-0.00098600836815189,-0.00615043725125499,0.00151697802996888,0.00226106847401896,-0.00044288692016213,-0.0029347465222003,-0.00142368553213159,-0.00430695044740599,-0.0038466738790156,-0.00203079984606123,-0.00012187681018616,-0.00276249369773992,-0.00204526645805865,-0.00370366794470701,-0.00445631724002672,-0.00627869523602371,-0.00364173265430158,0.00242932359833881,-0.00493019175638399,-0.00592245652495083,-0.00420043716242045,-0.0062243824498965,-0.00478932753509942,-0.000549872293771544,-0.0025844456015439,-0.00347743930678648,-0.00180597373415833,-0.000287385235242161,-0.000504939545025724,-0.00410802953692216,-0.00345024785087853,-0.00122776761662852,-0.00105862628236464,-0.00172363253931536,-0.00198562350812059,-0.00480796046621826,-0.00490897544917344,-0.00506570029321273,-0.00460339382428746,-0.0028712918774565,-0.0033044481463705,-0.000866116810457692,-0.00367156303379977,-0.0021815257086497,-0.00463262641631393,-0.00139522986612181,-0.00191258424574368,-0.000232296958432173,-0.00374095970415976,-0.00348756154908776,-0.00396854888185436,0.00295094982410256,-0.00462302955375403,-0.00222241141420391,0.000878152303849643,-0.000335705222526357,-0.00132327273432837,0.00042913796186312,0.000316345492087645,-0.000885562364739799,0.00368759752839991,-0.00133392685115717,-0.00504826745421606,0.00124857324949816
PC86,0.0646281270531269,0.000996081487213556,urinary bladder,0.00739955716106239,0.00222967344297288,0.00246127819661213,0.00353082064968625,0.00173699327338227,0.00368703814576652,0.00309290585883103,-0.000282416089737878,-0.000505324568541449,0.00329279291791065,0.00332946951737043,0.00113912818094573,0.0020459556242283,0.0014713752518028,0.004083671878036,0.00249823849828623,0.00247481374012208,0.00460030697145348,0.00546229876388202,0.00308912012580444,0.00397412813740721,0.00245244800921207,0.00426171220187508,0.00417653338439897,0.00479111101792895,0.00518216788575877,0.00453435989500965,0.00257461011492465,0.00576005757792886,0.00453908961996632,0.00304865952893271,0.00421473993233449,0.00330456263177586,0.00302563702241604,-0.00514233699059598,0.00533701314879659,0.00379549490264912,0.00471719978180218,0.0032374760409218,0.00451874565986643,0.00493613722748692,0.00355132899581192,-0.00478997567960251,0.00441612907922926,0.00323502737524823,0.00492769210514255,0.00554063215319418,0.00368118279369167,0.00486229952848644,0.000125698662785982,0.00705670870021782,0.00356014379250503,0.00492893923049959,0.00568241533947614,0.00168328209675273,0.00566058189477592,0.00255436398787935,0.00561686454279877,5.67917816461429e-05,0.0016625914045276,0.000840941162893706,0.00678779633880485,0.00739955716106239,0.00168662678532293,0.00490166116390343,0.00189790519486109,0.00167933713919012,0.000326610427562278,0.000419946786655113,0.00350302741134144,0.00389549040527211,0.00404542271041927,0.00282615969617981,0.00324809341493735
PC87,-0.000464853345328539,0.000975119648370173,right forelimb,-0.00348249863744357,-0.00157773397559383,-0.000911324593820538,0.00296149245354322,-9.44764031492868e-05,-0.00314406883739479,-0.000763384062423597,0.00115760405115145,0.00168183054603582,0.00166218453408181,-0.00026053812697889,0.000570650692518039,-0.00204710394662181,-0.00105005186886703,-0.00101217984713431,0.00096500827723711,9.99393085616619e-05,-0.00104868222273169,-0.000103731529396614,-0.00100942154453156,-0.00132399774413766,-0.00215225100678382,-0.00159281539920764,-0.000624445207843882,0.00140308843838732,0.000609370189393362,0.000362527285280443,-0.000984212896891397,0.00153281972645559,-0.000346991727646845,0.00113635660114512,0.00148127477380559,0.00108344267061736,0.000604140849428893,-0.000345747701610314,0.000515100781808702,-0.000685322178853891,-0.000742502913885796,4.97067749606809e-05,-0.000797888812238361,-0.00066454457482974,-0.000664884950988899,0.00208235026831531,-0.00348249863744357,-0.000401661113318623,-0.00183394572190985,0.00143699973521727,-0.000579544407381065,-0.00033130166383865,-0.00017678409987323,0.0031894151269879,-0.000566462269517509,0.000816116441839264,0.00235265625968502,-0.00114833124855977,0.00162993717074028,-0.00126558731322774,-0.0010229413574338,0.00025088470890826,-0.000558924584680506,-0.00159261768008542,6.74858152746572e-05,0.000566873445821601,0.000996084474993976,0.00280344832690382,-0.00171508788866538,-0.0020466287664616,-0.00287462600100145,-0.00274063757785929,-0.00116773170077025,0.00203527419808908,5.17207083573131e-05,-0.00112365957202286,0.000219930805142013
PC88,0.0101440632001045,0.000894288526272555,forelimb muscle,-0.0115112557545227,-0.00392407985123809,-0.00445499865984648,-0.000939705927766613,-0.00640369523851046,-0.00205327354325893,-0.00229479873119047,-0.00321154495857011,0.00221097183301604,-0.00131269469252399,-0.00681133560530053,-0.0115112557545227,-0.00393994973108904,-0.00220475547271024,-0.00390815071341931,-0.00329247468850557,-0.00227537587177374,-0.00839047685362423,-0.00692902020041201,-0.00693430904997913,-0.00390563389463658,-0.00298756791750858,-0.00605899226121837,-0.00644173602653316,-0.007169912823465,-0.00568095133215092,-0.00744368572874964,-0.00350742769192294,-0.00816809955691867,-0.0101212090233727,-0.00910184151772461,-0.0088633947178049,-0.00984397399036616,-0.00297913775770179,-0.00269761990614761,-0.00597696205383455,-0.00749591585214919,-0.00623176385946549,-0.00551825306451853,-0.00604083411361536,-0.00752204937363042,-0.00212150748079982,-0.00334495461389577,-0.00449155143039725,-0.00745736140531293,-0.00493628492275197,-0.00848773272184592,-0.00632528278309498,-0.00665255421651845,-0.00492890532522784,-0.00848382294703611,-0.00768986463179248,-0.00292382153018292,-0.00724208565217257,-0.00374848881659706,-0.00430319613161636,-0.00183809109269255,-0.000685421657393276,0.00119581685250718,-0.00774365803774567,-0.00673706992257176,0.00203303910392926,-0.00808528049112043,0.00243998451771592,-0.00406347370227806,-0.00649640903929342,-0.00418021616437586,-0.004341149970257,-0.0031060746669703,-0.0022777915986134,-0.0032370854258274,-0.00449904530838744,-0.00433521887895638,-0.00479448555903017
PC89,0.0452676552034383,0.000848734341074751,femur,-0.00980227256907365,-0.00243370106613445,-0.00568716629910791,-0.00120053919696983,-0.00767723034299274,-0.00409559302144637,-0.00453434625322825,-0.00569411680960794,-0.00269242679357905,-0.00435599972134242,-0.00980227256907365,-0.00904268425808697,-0.00679260994845937,-0.00411085086251409,-0.00531690562195734,-0.00234814838583192,-0.00313333785829083,-0.00932684184720277,-0.00623407342073376,-0.00156553226933844,-0.00414112119175987,-0.00535042006345442,-0.00853536291796686,-0.00603315707489658,-0.00724825524900478,-0.00707626071289247,-0.00611594669623203,-0.00493458349478026,-0.0092340730070976,-0.00853185793442978,-0.00875449308889892,-0.0085788001850464,-0.00865385121233497,-0.00383154169426711,-0.00356120575627365,-0.00760799289051094,-0.00176413756483463,-0.000606652620128436,-0.00569515505312602,-0.00631175658270214,-0.00691323489327479,-0.002480576370085,-0.0060252694425447,-0.00814602780121698,-0.00962611630471674,-0.00601993468872354,-0.0073806457777135,-0.00769563703815162,-0.00604609799753798,-0.00750271405971012,-0.00765635470755149,0.000969384857695512,-0.00473154013360111,-0.00375969405894938,-0.00367900208467855,-0.00713703712743468,-0.00292687825573347,-0.00647808257406029,-0.00162433988289976,-0.00812590241546948,-0.00176172444457659,1.87972734498199e-05,-0.00872430065560504,-0.00631163595929925,-0.00549577921048162,-0.00180021526309191,-0.00310824155036928,-0.003918462519285,-0.00377543953791843,-0.00256392617201481,0.000923377700808179,7.17067131241786e-05,0.00169210133523444,-0.00415792274299654
PC90,0.0305127389704418,0.000734945751297658,tibial nerve,-0.0103283288842839,-0.00801095443226393,-0.00650343089935397,-0.00213230704761557,-0.00257387231433691,-0.00703918247116784,-0.00533959194447236,-0.000533324122804637,-0.00500299999121515,-0.00452662698671815,-0.00273770480115761,-0.00242165908765504,-0.00454577813579419,-0.00268981415227518,-0.00448130735725722,-0.00304256694149757,-0.00447839539965588,-0.00289215344747111,-0.00348499197129359,-0.0034707724529604,-0.00425868221325792,-0.00367459385712061,-0.00225912878006776,-0.00350214410359098,-0.000282498403428419,-0.00280768745438224,-0.00263020311608376,-0.00357691513447977,0.000625833555774181,-0.0022732602809074,-0.000853993395684537,-0.00117546597858062,-0.00278876268603164,-0.00917446985927859,-0.00577977865598326,-0.00201547631895103,-0.00385660929748262,-0.00258577921199805,-0.00450507492529539,-0.00319591590985261,-0.0027001879869102,-0.00409207003402091,-0.00503562276255392,-0.00363858149410349,-0.00293006561945913,-0.00321270165229765,0.000932461674258443,-0.00234820064295949,-0.00382503810762681,-0.00449359451763667,-0.00259029617126169,-0.00384283717205403,-0.00253329038597712,-0.00264158797175262,-0.00575009205201602,-0.00408939716613594,-0.00159943910314291,-0.00697311541311648,-0.0103283288842839,-0.00222265324401842,-0.00764071704980433,-0.00605121393147129,-0.000273897031635845,-0.00637195989354961,0.000353842895351657,-0.00224899626211494,-0.0013113429080532,-0.00224241189341749,-0.00121762211535246,-0.00306711359368956,-0.000378764477592685,-0.00124967500610736,-0.0013806144804997,0.000310465778683909
PC91,0.0341950963795803,0.000674130016192919,right atrium auricular region,-0.0045156349227171,-0.00198009610347898,-0.00158128456097404,-0.00248409395354473,-0.000493838815025987,-0.00383677558267484,-0.00276564957192579,0.000453888776074202,-0.00271451395822767,-0.00100075019261779,-0.00222897132915288,-0.00106295327614578,-0.0034043911010596,-0.00235177414920191,-0.00316883112368063,-0.00291066801996172,-0.00415209827989333,-0.00273346156867301,-0.00275112424077354,-0.00199981579036206,-0.00344228318446988,-0.00193325912907213,-0.0018966478281218,-0.00202446602900038,0.000987935360689036,-0.00247272727269762,-0.00112433469393447,-0.00210644037061479,0.00255821532873027,-0.000777580657445563,-0.00329992923432166,-0.00183791660386164,-0.00256759687573277,-0.00289526537032456,0.00142580731458055,-0.00302203936388245,-0.00170580922024303,-0.000875934779324117,-0.00420620556017682,-0.00259140266130563,-0.00167657715030082,0.000241455240813243,-0.0045156349227171,-0.00264751799826489,-0.00224945988439621,-0.00211498011333411,0.00183878518489587,-0.00216582431974916,-0.00265831470274904,-0.00259956917033019,-0.00144259406155057,-0.0012892949285107,-0.00347806746266877,0.000375259137508819,-0.00299006075197141,-0.000149283653557031,0.00132728607746628,-0.0034911955658103,0.000146939206055229,-0.00166958126081176,-0.00296799220094311,-0.00125948114287232,-0.00196518420701847,-0.00275628739028312,0.0021406726126423,-0.00102909341591535,0.00147486308974313,0.00248993567931506,0.00128212781441678,-0.00176833139981347,-0.00106145265062444,-0.00300700645016214,-0.00254875876320869,0.000804802500092835
PC92,-0.0497277022118016,0.000599741059464384,cerebellum,0.00566431138988059,0.00197724806893075,0.000158074132128733,0.00228922216727591,0.00566431138988059,0.00144665584622312,-0.00291981102217251,-0.00423225705072283,-0.00370757772972207,0.00395034535321123,0.00226858838801472,-0.000339627284517415,0.000445180195270092,0.00291567094353212,0.00222304905368379,0.000313427828339829,-0.000516831932514268,0.00204287360913698,0.00289769211355812,0.00206330519019377,0.00288806719859607,0.000914886219305083,0.00153002625871449,0.00215837506604289,0.00158152682230573,0.00336956957545573,0.00154212743978906,0.00436337765605778,0.000208416987260626,0.000832594689377481,0.000111903816540199,0.00199479135781321,0.000607657707291851,0.00185249056454663,-0.000114187079575544,0.00119375428244346,0.00109256501954314,0.000859009614735018,-0.00135281486472172,0.001686462818525,0.000931825573048321,0.00292177271231731,-0.00228167855517943,0.00187446134916341,0.00140440770957428,0.00240470999812633,0.00179762096585073,0.00182006338061768,0.00274996499504446,0.0016001275998247,0.000654615927655946,0.00296710997771035,0.00111227430954061,0.00196713198818154,0.00266019092419002,0.00287485776531646,0.00230367418129996,-0.000477690541786811,-0.00387995567565292,0.00284812956687535,0.00307568334809376,-0.00275830855077745,0.00325985404255625,-0.00065398327444346,-0.000202083437411295,0.0039153057231252,0.00158378775262286,0.00296250477326171,0.00263711150777251,0.000712556953036569,0.000647620747404264,-0.00270052337897214,-0.00210350236313604,0.00288144269715893
PC93,0.0463783427323501,0.000598499532894329,B cell,0.00573441927631337,0.00263066322188398,0.00250198516439361,-0.00202227943693123,0.00388417379372359,0.00389564215035276,0.000257356116094387,0.000213947240023504,-0.000245033334638712,0.0036466940472531,0.00159454412047809,-0.000108976251587385,0.00405228504423191,0.00526386755130914,0.000996815378317203,-0.00180329991428866,-0.00108058329652267,0.00183768957813086,0.00358543591906002,0.00256534893367529,-0.00171249343866129,0.0011167507648712,0.0023150585060736,0.00319616262854551,-0.00301171545553644,0.00309403030129777,0.00200560614483995,0.00485363345085044,-0.00390894505456988,-6.69426489666093e-05,-0.000277036817446705,-0.000745701351070964,0.000284124424730712,-0.000630873992710537,0.000981693797442994,0.00184124921821197,-0.00121614254239688,0.00490783497843718,0.00229627313135957,0.0038580341353249,0.00287115587893998,0.00414672692019102,-0.00468931486783701,0.00263669429552557,0.00124202697173448,0.00462386759171137,-0.00360151880077492,0.00204547821595148,0.00412177349536577,-0.00144285137378218,0.00298166051108817,0.00293010444637075,-0.00111399239937991,0.00276728192643006,-0.000221659637438629,0.00279359659794252,0.00266122413764462,0.00119920361695552,-0.000456087099376239,-0.00176338005102843,0.00142846963229159,0.00419869540985703,-0.00133095413509788,-0.00253015692431522,-0.00411740679980733,0.00573441927631337,0.00133786794097914,0.00252690730364054,0.00192683919196744,-0.00155637813939546,0.00219756162808687,0.00110675409042708,-0.000352136697557363,-0.000471610523598553
PC94,0.0356058953765263,0.000519170194993884,upper lobe of left lung,0.00808083133656266,0.00167591516191811,-0.000360321709588056,-0.00311043232442129,-0.00636529605631403,0.00130742881120221,0.00145261556948999,-0.00150362001874149,0.0023907300041441,-4.92932706984033e-05,-0.00234587502468406,-0.0045546922475131,-0.00249537995256878,-0.00353910706585441,-0.00353351753006181,-0.00166528124115098,-0.00280150198800417,-0.00381143650594995,-0.00164586768138264,0.000588977366381589,-0.00418575442954713,0.00273926321688823,-0.00291057089143379,-0.00107655861966723,-0.00195098937206593,-0.000878435588912281,-0.00315050231976096,-0.00106251002384176,-0.00184579584905638,-0.00518383358233869,-0.00396274259771306,-0.00440358889190845,-0.00408579465769164,0.000401058238675269,0.0024876844490815,-0.00143589917407189,-0.00284573818285895,0.00116807472881004,-0.00237360745966103,-0.00156857627861213,-0.00120492718768171,0.000357068441446938,0.00180989329002122,-0.000226929274410812,-0.00290721260532298,-0.00126520256635448,-0.00250386401333785,-0.0020976094334027,-0.00193785541171426,-0.00333285770565542,-0.0018154692010115,0.000894648779469236,-0.00160188957668278,-0.00212638856686223,-0.00217200015393034,0.00106807435016726,-0.00189463026703985,0.00594103847965375,0.00098699367745879,0.000827030282704004,-0.0023075409530404,0.00808083133656266,-0.00112700365981992,0.00169314069215339,-0.00320403930716957,-0.00464149651018406,-0.00380611008252511,-0.00311572486642611,-0.00216590861811887,0.00263001583790347,0.0036756463032977,-0.00213706910218646,-0.000299685570468057,-0.000143692290646578
PC95,-0.028941305380593,0.000454205183567216,left lung,0.00820076949690209,0.00381642861613135,0.00295967810622339,0.00665790599864017,0.00146640487972869,0.00546394930480888,0.00269926048369142,0.00293554353225435,-0.001323156427745,0.00713583024125465,0.00404955912684691,0.00417468035925462,0.00420689308416917,0.00778222050916366,0.0052691182709903,0.00380864456633973,0.00679673031766822,0.0058623646566862,0.00533361628734373,0.00492142948075225,0.00439260142447039,0.00117549714514142,0.00496784992957285,0.00585609348149693,0.00820076949690209,0.00619774625989169,0.00485359331581513,0.00636816165334631,0.0075472448613976,0.00516222953238001,0.0034349155393677,0.00446155184899401,0.00477670029534933,0.00545783937320585,0.00122559099976789,0.0058814201810824,0.00288923344426974,0.0045768777247229,0.0038174305704726,0.00625080348254737,0.00619161323983971,0.00647747610374281,0.00148480044374665,0.00339708132511363,0.00431918360008234,0.00636689745826136,0.00817642186301414,0.00597917174868361,0.00554494098784963,0.00178458950450011,0.00574983727095965,0.00390993687363919,0.00526638615921395,0.00500566029053043,0.00410962929628827,0.00431058513119161,0.00726654290473537,-0.000896889762007516,-0.00323402757614586,0.00496754256658315,0.00476821811099382,0.0011303141712045,0.00689221318835747,-0.000780638352677651,0.00312721138957868,0.00604654217823947,0.00501558253880617,0.0061018273345172,0.00727488964916771,0.00570033809242267,0.00587200460422136,0.0057504705460752,0.00415833813325905,0.00347300742846163
PC96,-0.0368718672856661,0.000403912157701364,forelimb muscle,0.0115650150394441,0.00350129810378727,0.00618726103542822,0.00545406021698074,0.00436206447094702,0.0019118027929311,0.00745973811054489,0.00357434303481893,0.00655476680465337,0.00600641231575941,0.00386759798778536,0.0115650150394441,0.00174029442980963,0.00534678001064164,0.0038341387422446,0.00858906044326256,0.00853057557799057,0.00636465113555741,0.00337122915968796,0.00565781464046339,0.0068415808119997,0.00481162736572886,0.00250751268143293,0.00350994556614154,0.00322920281551488,0.00493186237518997,0.00384961204602699,0.00493923101683205,0.00444494641440352,0.00928813322958195,0.00944970077225736,0.00990962915509921,0.00847060901350235,0.0063408011863841,0.00430151329876246,0.00464329786678396,0.00743346682310559,0.00736190465816482,0.00211926962781509,0.00511102657866616,0.00493112662570974,0.00495329604568263,0.0076127212160388,0.00358030634229165,0.00432445209000799,0.00481118265383963,0.00361784158418139,0.00536072475855438,0.00475296331523809,0.00545283893616631,0.00500420358491651,0.00497944082782602,0.00620109175387843,0.00563545141927452,0.00681332319749484,0.00949250452975887,0.00683686675850144,0.00648907815627078,0.00500072945369251,0.00636750504920051,0.00564350922683168,0.00830660424687181,0.00604434987107023,0.00967367600142175,0.00396488969964853,0.00477678520601641,0.0045502614255711,0.0034513656854148,0.00476552902476519,0.00592005088143338,0.00876181308611981,0.00554364344084577,0.00538740661691928,0.00404484246694832
PC97,-0.0784179674332478,0.00037795495322937,occipital lobe,0.00568488953762002,0.000725955576472761,0.00171400897422327,0.00187824369088469,0.0049187095239618,-0.00235375219042245,0.000131608242322313,-0.00373942706129896,0.00218441758702793,0.00138798395088794,0.00222600963307652,0.000176567452340517,0.00279524290178716,0.00114348939995113,-0.000457051002690829,-0.00115851294367348,-0.00180862257569912,0.00125423330160217,0.00136263031118005,0.00194080784728876,-0.000952628954923023,0.00152990139608255,0.00297989848860668,0.00185059754006592,0.00505637844654069,0.00176830487675715,0.00232194221777723,0.00216621120631439,0.00460103266676918,0.0016093078090638,0.00143101893211518,0.00137944855976826,0.00148129912897803,0.00568488953762002,-0.00202622929936387,0.00372542733721553,0.00285718734054052,-0.000687044440427742,0.00231577046094996,0.000691749078137247,0.00172750591055174,0.000760970365953003,0.00122537826976571,0.00160748980039964,0.0021264230512429,0.00328003035485203,0.00502731062331435,0.00241563599388602,0.00110756176233033,-0.00219336113790606,0.0020379218126131,0.000853449054170822,0.00225392791407716,0.00227134210729153,0.00125543812275043,0.00413359374636982,0.00347976090393971,0.00058015022176656,-0.000103579921320328,0.00223265345568647,-0.00155933653780145,0.0013482363924712,0.00219389689796168,-0.0012388086868643,0.00283713431486708,0.00216715077843014,0.00502531985665913,0.00296542467142147,0.00283294125328748,0.00259253999597571,-0.00202059179017209,0.00196412716853582,0.00183118576310281,0.00476369208959766
PC98,0.0689614311436725,0.000372288769477388,brain,-0.00977299226550742,-0.00351820826121554,-0.00334466967911697,-0.00977299226550742,-0.00249366104726347,-0.00264943098475374,-0.00420368308521106,-0.00300101319255662,0.00184976042744506,-0.00465730464989274,-0.00726723964362629,-0.00769980114183099,-0.00442588239002389,-0.00180842915472012,-0.00367750626975003,-0.00252184097075372,-0.00208398286617143,-0.00593618452413581,-0.0068795630446181,-0.00560608972809008,-0.00499469192907658,-0.00599061522383015,-0.00678575876300816,-0.0055077553353525,-0.00317617980790253,-0.00543044201914525,-0.00689430312660603,-0.00686794509325044,-0.00319954744691948,-0.00841987024330698,-0.00650567143024361,-0.00562646849453697,-0.00742569738372578,-0.00270054538001804,0.00341439420497727,-0.00694610052317923,-0.00437378261375082,-0.00715954748323427,-0.0035027752607304,-0.00597071898539537,-0.00621145510916674,-0.00537276965553789,-0.000110666459469044,-0.00579984216161133,-0.00766975853404853,-0.00450762675185125,-0.00393174525976102,-0.00599908164550925,-0.00622856674499409,-0.00555599993342727,-0.00669891902127373,-0.00262947644923016,-0.00674407465109667,-0.0049630065777675,-0.00558902559689421,-0.00702904294560219,-0.00819822496954769,-0.000540599020863745,-0.000305406103980949,-0.00783690751929844,-0.000381744484513328,3.70292217769704e-05,-0.00727582802045504,-0.0031041058816895,-0.00241052391634257,-0.00563685954950551,-0.00720266513508913,-0.0075324055474915,-0.00680490560497367,-0.00490792267759448,-0.00406967453051244,-0.00287272391745896,-0.00184804399526271,-0.00371309924146351
PC99,0.034696238582114,0.000320172483277103,endothelial cell of umbilical vein,-0.0048242646393319,-0.000387391614923273,-0.00046666991418341,-0.000371578041560426,0.000279460799347037,-0.00236590595182466,-0.000316944059253008,0.00295737110495886,0.0023196395149125,-0.00168794292421576,-0.00165368353027967,-0.00205625780827966,-0.00065768004972056,-0.00329400204491548,4.47040092179844e-05,0.000904103893346505,0.000941098853436559,-0.00130188653620877,-0.000373836568711067,-0.000859439588197804,0.0010305922051652,-0.00292659732233847,-0.00195657640737172,0.000326567490112554,-0.00109954043657388,0.000677941826071259,0.000274288779448824,-0.00130018445210986,-0.00337755082636864,-0.00217345594674402,-0.000895849664509307,-0.00140434284190983,-0.00113415979789605,-0.00262805692983452,0.00345878339439576,-0.0010841228892839,0.000373077863303595,-0.00054336370805778,-0.000641173320529106,-0.00108841653527164,0.000584658726931643,0.000994916659465554,0.00176059648534362,-0.00112732273065384,-0.00055240560135774,-0.000156480736287975,-0.000978130091755407,-0.000550731754206939,0.000427434322736258,0.00239836909232926,0.000474750132524593,-0.000966509529209662,0.000433809465376767,-0.000739222931326589,0.00107265064351344,0.00210635216992279,-0.00205011663411094,-0.00356402900333812,0.00222491023411795,-0.0025280009782354,-0.00149333968804587,-0.00265036153025771,0.00045792745593286,0.00265997616141676,-0.00345526022046415,-0.00376883890458033,-0.00406221940323207,-0.00304793173317392,-0.00431205124167547,-0.00169333273728548,-0.00244115777180056,-0.0048242646393319,-0.00454880088596112,-0.000869489541359849
PC100,-0.120079595333659,0.000293075781727007,CD14-positive monocyte,0.00489859075731357,0.0003844832014628,0.00187493072981954,7.35261882197921e-05,0.00116906690670882,-0.00158510165435544,0.00371424486532248,-0.000393015871069367,0.000164375376781307,0.00066418982169532,0.00317068175490788,0.00122237735211105,0.000658489046107993,-0.000225781412629696,0.000857795560620057,0.00102503069836914,-0.00171483239212113,0.00160223573350634,0.00323369467796016,0.00193688451105128,0.000288024503439778,0.00102495782807191,0.00339832453360634,0.00299038643110644,0.000856383011531465,0.00373586282497675,0.00264619756159179,-0.00171501867470164,0.000432475641583032,5.3997914404807e-05,-0.000307149756057253,0.000876831720168176,0.00190779494295158,0.00105741295751148,0.00253690711412813,-0.000539244222333772,0.00106042417315541,-0.000100114714387486,-0.00142546361658982,0.00193868170306678,0.00296431481785273,0.00158053663701858,0.00465673221575541,0.00147499183011833,0.00325186762759304,0.00202628495251349,0.00143970715041023,0.00274935862783302,0.00322019645501463,0.00405134039521406,0.00416877403866871,0.00215758351194861,0.000189094021109338,0.00243907253410954,0.00327267869560516,0.00165374418450731,-6.81436473167463e-05,0.00312109613054623,0.00396772671015863,0.00228285603709618,0.00303167068356558,-0.00227776531886313,0.00314227839075882,0.0029818819891041,0.00489859075731357,-0.000709499440180727,5.04776694151319e-05,-0.00131922934139729,-0.00259017263285101,-6.74883128546825e-05,0.00053138455841284,0.000737586452384289,0.000619389827408197,0.0044006164071729
